date,product_id,category,demand_units,unit_price,revenue,stock_level,is_promotion,warehouse,year,month,week,quarter,rolling_4w_demand,demand_vs_avg,is_stockout_risk,promo_demand_lift
2022-01-02,SKU001,Electronics,450,362.38,163071.0,106,0,WH-C,2022,1,52,1,450.0,0.0,0,0
2022-01-09,SKU001,Electronics,436,211.35,92148.6,113,0,WH-B,2022,1,1,1,443.0,-0.016,0,0
2022-01-16,SKU001,Electronics,517,168.83,87285.11,846,0,WH-A,2022,1,2,1,467.7,0.105,0,0
2022-01-23,SKU001,Electronics,488,301.01,146892.88,817,0,WH-C,2022,1,3,1,472.8,0.032,0,0
2022-01-30,SKU001,Electronics,546,219.65,119928.9,957,0,WH-B,2022,1,4,1,496.8,0.099,0,0
2022-02-06,SKU001,Electronics,555,372.75,206876.25,860,0,WH-B,2022,2,5,1,526.5,0.054,0,0
2022-02-13,SKU001,Electronics,557,124.91,69574.87,588,0,WH-C,2022,2,6,1,536.5,0.038,0,0
2022-02-20,SKU001,Electronics,622,390.73,243034.06,843,0,WH-C,2022,2,7,1,570.0,0.091,0,0
2022-02-27,SKU001,Electronics,603,349.77,210911.31,180,0,WH-C,2022,2,8,1,584.2,0.032,0,0
2022-03-06,SKU001,Electronics,605,66.65,40323.25,782,0,WH-C,2022,3,9,1,596.8,0.014,0,0
2022-03-13,SKU001,Electronics,587,492.92,289344.04,537,0,WH-A,2022,3,10,1,604.2,-0.028,0,0
2022-03-20,SKU001,Electronics,544,69.11,37595.84,530,0,WH-A,2022,3,11,1,584.8,-0.07,0,0
2022-03-27,SKU001,Electronics,557,176.99,98583.43,342,0,WH-B,2022,3,12,1,573.2,-0.028,0,0
2022-04-03,SKU001,Electronics,431,260.11,112107.41,489,0,WH-A,2022,4,13,2,529.8,-0.186,0,0
2022-04-10,SKU001,Electronics,496,164.33,81507.68,467,0,WH-A,2022,4,14,2,507.0,-0.022,0,0
2022-04-17,SKU001,Electronics,503,252.21,126861.63,806,0,WH-C,2022,4,15,2,496.8,0.012,0,0
2022-04-24,SKU001,Electronics,479,161.84,77521.36,109,0,WH-A,2022,4,16,2,477.2,0.004,0,0
2022-05-01,SKU001,Electronics,464,63.19,29320.16,433,0,WH-B,2022,5,17,2,485.5,-0.044,0,0
2022-05-08,SKU001,Electronics,431,261.87,112865.97,486,0,WH-A,2022,5,18,2,469.2,-0.081,0,0
2022-05-15,SKU001,Electronics,405,123.34,49952.7,323,0,WH-C,2022,5,19,2,444.8,-0.089,0,0
2022-05-22,SKU001,Electronics,429,348.93,149690.97,480,0,WH-A,2022,5,20,2,432.2,-0.007,0,0
2022-05-29,SKU001,Electronics,441,128.02,56456.82,959,1,WH-B,2022,5,21,2,426.5,0.034,0,441
2022-06-05,SKU001,Electronics,394,74.14,29211.16,552,0,WH-A,2022,6,22,2,417.2,-0.056,0,0
2022-06-12,SKU001,Electronics,414,424.79,175863.06,490,0,WH-B,2022,6,23,2,419.5,-0.013,0,0
2022-06-19,SKU001,Electronics,431,435.6,187743.6,440,0,WH-B,2022,6,24,2,420.0,0.026,0,0
2022-06-26,SKU001,Electronics,426,244.44,104131.44,88,0,WH-B,2022,6,25,2,416.2,0.024,0,0
2022-07-03,SKU001,Electronics,430,331.12,142381.6,557,0,WH-C,2022,7,26,3,425.2,0.011,0,0
2022-07-10,SKU001,Electronics,420,230.04,96616.8,950,1,WH-B,2022,7,27,3,426.8,-0.016,0,420
2022-07-17,SKU001,Electronics,464,263.63,122324.32,459,0,WH-B,2022,7,28,3,435.0,0.067,0,0
2022-07-24,SKU001,Electronics,442,437.83,193520.86,187,0,WH-B,2022,7,29,3,439.0,0.007,0,0
2022-07-31,SKU001,Electronics,404,230.81,93247.24,983,0,WH-A,2022,7,30,3,432.5,-0.066,0,0
2022-08-07,SKU001,Electronics,421,155.46,65448.66,312,0,WH-C,2022,8,31,3,432.8,-0.027,0,0
2022-08-14,SKU001,Electronics,453,373.51,169200.03,251,0,WH-C,2022,8,32,3,430.0,0.053,0,0
2022-08-21,SKU001,Electronics,405,421.23,170598.15,944,0,WH-C,2022,8,33,3,420.8,-0.038,0,0
2022-08-28,SKU001,Electronics,418,64.58,26994.44,186,0,WH-C,2022,8,34,3,424.2,-0.015,0,0
2022-09-04,SKU001,Electronics,354,351.19,124321.26,992,0,WH-B,2022,9,35,3,407.5,-0.131,0,0
2022-09-11,SKU001,Electronics,343,295.51,101359.93,220,0,WH-B,2022,9,36,3,380.0,-0.097,0,0
2022-09-18,SKU001,Electronics,341,464.51,158397.91,324,0,WH-A,2022,9,37,3,364.0,-0.063,0,0
2022-09-25,SKU001,Electronics,312,431.1,134503.2,995,0,WH-A,2022,9,38,3,337.5,-0.076,0,0
2022-10-02,SKU001,Electronics,299,50.07,14970.93,247,0,WH-C,2022,10,39,4,323.8,-0.077,0,0
2022-10-09,SKU001,Electronics,273,252.22,68856.06,238,0,WH-B,2022,10,40,4,306.2,-0.108,0,0
2022-10-16,SKU001,Electronics,281,405.89,114055.09,494,0,WH-C,2022,10,41,4,291.2,-0.035,0,0
2022-10-23,SKU001,Electronics,221,361.7,79935.7,866,0,WH-C,2022,10,42,4,268.5,-0.177,0,0
2022-10-30,SKU001,Electronics,249,300.27,74767.23,570,0,WH-A,2022,10,43,4,256.0,-0.027,0,0
2022-11-06,SKU001,Electronics,271,483.19,130944.49,985,0,WH-A,2022,11,44,4,255.5,0.061,0,0
2022-11-13,SKU001,Electronics,228,298.13,67973.64,83,0,WH-B,2022,11,45,4,242.2,-0.059,0,0
2022-11-20,SKU001,Electronics,254,261.87,66514.98,1,0,WH-B,2022,11,46,4,250.5,0.014,1,0
2022-11-27,SKU001,Electronics,234,159.56,37337.04,25,0,WH-B,2022,11,47,4,246.8,-0.052,1,0
2022-12-04,SKU001,Electronics,328,376.35,123442.8,12,0,WH-A,2022,12,48,4,261.0,0.257,1,0
2022-12-11,SKU001,Electronics,345,253.14,87333.3,354,1,WH-B,2022,12,49,4,290.2,0.189,0,345
2022-12-18,SKU001,Electronics,400,164.42,65768.0,37,0,WH-B,2022,12,50,4,326.8,0.224,1,0
2022-12-25,SKU001,Electronics,431,74.98,32316.38,892,0,WH-B,2022,12,51,4,376.0,0.146,0,0
2023-01-01,SKU001,Electronics,390,176.59,68870.1,966,0,WH-B,2023,1,52,1,391.5,-0.004,0,0
2023-01-08,SKU001,Electronics,436,281.38,122681.68,104,0,WH-B,2023,1,1,1,414.2,0.053,0,0
2023-01-15,SKU001,Electronics,480,99.09,47563.2,994,1,WH-C,2023,1,2,1,434.2,0.105,0,480
2023-01-22,SKU001,Electronics,525,163.64,85911.0,986,0,WH-A,2023,1,3,1,457.8,0.147,0,0
2023-01-29,SKU001,Electronics,568,159.51,90601.68,735,0,WH-A,2023,1,4,1,502.2,0.131,0,0
2023-02-05,SKU001,Electronics,550,344.97,189733.5,846,0,WH-C,2023,2,5,1,530.8,0.036,0,0
2023-02-12,SKU001,Electronics,593,286.29,169769.97,589,0,WH-A,2023,2,6,1,559.0,0.061,0,0
2023-02-19,SKU001,Electronics,597,168.06,100331.82,321,0,WH-B,2023,2,7,1,577.0,0.035,0,0
2023-02-26,SKU001,Electronics,587,374.87,220048.69,740,0,WH-B,2023,2,8,1,581.8,0.009,0,0
2023-03-05,SKU001,Electronics,645,491.39,316946.55,837,0,WH-A,2023,3,9,1,605.5,0.065,0,0
2023-03-12,SKU001,Electronics,561,155.4,87179.4,540,0,WH-A,2023,3,10,1,597.5,-0.061,0,0
2023-03-19,SKU001,Electronics,625,17.9,11187.5,607,0,WH-B,2023,3,11,1,604.5,0.034,0,0
2023-03-26,SKU001,Electronics,584,479.67,280127.28,810,0,WH-B,2023,3,12,1,603.8,-0.033,0,0
2023-04-02,SKU001,Electronics,570,184.42,105119.4,434,0,WH-B,2023,4,13,2,585.0,-0.026,0,0
2023-04-09,SKU001,Electronics,541,70.72,38259.52,386,0,WH-B,2023,4,14,2,580.0,-0.067,0,0
2023-04-16,SKU001,Electronics,519,363.38,188594.22,496,0,WH-C,2023,4,15,2,553.5,-0.062,0,0
2023-04-23,SKU001,Electronics,514,183.9,94524.6,495,0,WH-C,2023,4,16,2,536.0,-0.041,0,0
2023-04-30,SKU001,Electronics,446,484.08,215899.68,652,0,WH-B,2023,4,17,2,505.0,-0.117,0,0
2023-05-07,SKU001,Electronics,429,466.85,200278.65,410,0,WH-C,2023,5,18,2,477.0,-0.101,0,0
2023-05-14,SKU001,Electronics,396,282.46,111854.16,771,0,WH-A,2023,5,19,2,446.2,-0.113,0,0
2023-05-21,SKU001,Electronics,436,56.22,24511.92,719,0,WH-A,2023,5,20,2,426.8,0.022,0,0
2023-05-28,SKU001,Electronics,431,274.86,118464.66,821,0,WH-A,2023,5,21,2,423.0,0.019,0,0
2023-06-04,SKU001,Electronics,432,307.69,132922.08,0,0,WH-A,2023,6,22,2,423.8,0.019,1,0
2023-06-11,SKU001,Electronics,424,181.29,76866.96,60,0,WH-A,2023,6,23,2,430.8,-0.016,0,0
2023-06-18,SKU001,Electronics,404,238.3,96273.2,450,0,WH-A,2023,6,24,2,422.8,-0.044,0,0
2023-06-25,SKU001,Electronics,421,244.5,102934.5,455,0,WH-A,2023,6,25,2,420.2,0.002,0,0
2023-07-02,SKU001,Electronics,459,371.6,170564.4,234,1,WH-A,2023,7,26,3,427.0,0.075,0,459
2023-07-09,SKU001,Electronics,427,130.07,55539.89,765,0,WH-A,2023,7,27,3,427.8,-0.002,0,0
2023-07-16,SKU001,Electronics,431,294.23,126813.13,253,0,WH-A,2023,7,28,3,434.5,-0.008,0,0
2023-07-23,SKU001,Electronics,402,362.97,145913.94,804,0,WH-B,2023,7,29,3,429.8,-0.065,0,0
2023-07-30,SKU001,Electronics,445,318.18,141590.1,725,0,WH-A,2023,7,30,3,426.2,0.044,0,0
2023-08-06,SKU001,Electronics,423,51.35,21721.05,768,0,WH-C,2023,8,31,3,425.2,-0.005,0,0
2023-08-13,SKU001,Electronics,432,228.04,98513.28,794,0,WH-B,2023,8,32,3,425.5,0.015,0,0
2023-08-20,SKU001,Electronics,401,261.87,105009.87,653,0,WH-C,2023,8,33,3,425.2,-0.057,0,0
2023-08-27,SKU001,Electronics,411,285.54,117356.94,702,0,WH-C,2023,8,34,3,416.8,-0.014,0,0
2023-09-03,SKU001,Electronics,363,264.14,95882.82,872,0,WH-C,2023,9,35,3,401.8,-0.097,0,0
2023-09-10,SKU001,Electronics,378,250.68,94757.04,415,0,WH-A,2023,9,36,3,388.2,-0.026,0,0
2023-09-17,SKU001,Electronics,344,113.22,38947.68,80,0,WH-C,2023,9,37,3,374.0,-0.08,0,0
2023-09-24,SKU001,Electronics,322,147.1,47366.2,160,0,WH-A,2023,9,38,3,351.8,-0.085,0,0
2023-10-01,SKU001,Electronics,327,455.76,149033.52,686,0,WH-A,2023,10,39,4,342.8,-0.046,0,0
2023-10-08,SKU001,Electronics,227,27.8,6310.6,675,0,WH-B,2023,10,40,4,305.0,-0.256,0,0
2023-10-15,SKU001,Electronics,251,474.09,118996.59,717,0,WH-B,2023,10,41,4,281.8,-0.109,0,0
2023-10-22,SKU001,Electronics,229,90.88,20811.52,636,0,WH-B,2023,10,42,4,258.5,-0.114,0,0
2023-10-29,SKU001,Electronics,257,259.61,66719.77,199,1,WH-C,2023,10,43,4,241.0,0.066,0,257
2023-11-05,SKU001,Electronics,235,486.33,114287.55,693,0,WH-C,2023,11,44,4,243.0,-0.033,0,0
2023-11-12,SKU001,Electronics,270,331.4,89478.0,862,0,WH-B,2023,11,45,4,247.8,0.09,0,0
2023-11-19,SKU001,Electronics,291,76.57,22281.87,121,0,WH-C,2023,11,46,4,263.2,0.106,0,0
2023-11-26,SKU001,Electronics,265,18.55,4915.75,622,0,WH-B,2023,11,47,4,265.2,-0.001,0,0
2023-12-03,SKU001,Electronics,265,435.47,115399.55,743,0,WH-B,2023,12,48,4,272.8,-0.029,0,0
2023-12-10,SKU001,Electronics,309,459.87,142099.83,64,0,WH-C,2023,12,49,4,282.5,0.094,0,0
2023-12-17,SKU001,Electronics,358,249.33,89260.14,545,1,WH-A,2023,12,50,4,299.2,0.197,0,358
2023-12-24,SKU001,Electronics,414,40.71,16853.94,770,0,WH-B,2023,12,51,4,336.5,0.23,0,0
2023-12-31,SKU001,Electronics,432,240.01,103684.32,202,0,WH-C,2023,12,52,4,378.2,0.142,0,0
2024-01-07,SKU001,Electronics,489,124.16,60714.24,873,0,WH-B,2024,1,1,1,423.2,0.155,0,0
2024-01-14,SKU001,Electronics,496,323.82,160614.72,515,1,WH-B,2024,1,2,1,457.8,0.083,0,496
2024-01-21,SKU001,Electronics,512,479.62,245565.44,284,0,WH-C,2024,1,3,1,482.2,0.062,0,0
2024-01-28,SKU001,Electronics,539,59.22,31919.58,688,0,WH-B,2024,1,4,1,509.0,0.059,0,0
2024-02-04,SKU001,Electronics,615,35.43,21789.45,801,0,WH-C,2024,2,5,1,540.5,0.138,0,0
2024-02-11,SKU001,Electronics,629,74.25,46703.25,354,0,WH-C,2024,2,6,1,573.8,0.096,0,0
2024-02-18,SKU001,Electronics,611,452.25,276324.75,281,0,WH-B,2024,2,7,1,598.5,0.021,0,0
2024-02-25,SKU001,Electronics,625,374.86,234287.5,22,0,WH-B,2024,2,8,1,620.0,0.008,1,0
2024-03-03,SKU001,Electronics,642,372.61,239215.62,877,1,WH-B,2024,3,9,1,626.8,0.024,0,642
2024-03-10,SKU001,Electronics,627,432.81,271371.87,323,0,WH-A,2024,3,10,1,626.2,0.001,0,0
2024-03-17,SKU001,Electronics,613,158.66,97258.58,11,0,WH-B,2024,3,11,1,626.8,-0.022,1,0
2024-03-24,SKU001,Electronics,576,374.91,215948.16,59,0,WH-B,2024,3,12,1,614.5,-0.063,0,0
2024-03-31,SKU001,Electronics,592,127.25,75332.0,357,0,WH-C,2024,3,13,1,602.0,-0.017,0,0
2024-04-07,SKU001,Electronics,531,149.27,79262.37,667,0,WH-A,2024,4,14,2,578.0,-0.081,0,0
2024-04-14,SKU001,Electronics,518,26.64,13799.52,834,1,WH-A,2024,4,15,2,554.2,-0.065,0,518
2024-04-21,SKU001,Electronics,508,195.4,99263.2,39,0,WH-B,2024,4,16,2,537.2,-0.054,1,0
2024-04-28,SKU001,Electronics,475,366.27,173978.25,16,0,WH-B,2024,4,17,2,508.0,-0.065,1,0
2024-05-05,SKU001,Electronics,518,361.23,187117.14,32,1,WH-C,2024,5,18,2,504.8,0.026,1,518
2024-05-12,SKU001,Electronics,486,317.68,154392.48,426,0,WH-B,2024,5,19,2,496.8,-0.022,0,0
2024-05-19,SKU001,Electronics,444,96.16,42695.04,663,1,WH-B,2024,5,20,2,480.8,-0.077,0,444
2024-05-26,SKU001,Electronics,431,160.87,69334.97,100,0,WH-A,2024,5,21,2,469.8,-0.083,0,0
2024-06-02,SKU001,Electronics,453,109.07,49408.71,832,0,WH-C,2024,6,22,2,453.5,-0.001,0,0
2024-06-09,SKU001,Electronics,419,184.96,77498.24,541,1,WH-B,2024,6,23,2,436.8,-0.041,0,419
2024-06-16,SKU001,Electronics,450,144.14,64863.0,54,0,WH-B,2024,6,24,2,438.2,0.027,0,0
2024-06-23,SKU001,Electronics,422,437.61,184671.42,788,1,WH-C,2024,6,25,2,436.0,-0.032,0,422
2024-06-30,SKU001,Electronics,446,387.33,172749.18,365,1,WH-C,2024,6,26,2,434.2,0.027,0,446
2024-07-07,SKU001,Electronics,467,351.99,164379.33,578,0,WH-B,2024,7,27,3,446.2,0.047,0,0
2024-07-14,SKU001,Electronics,482,360.72,173867.04,751,0,WH-A,2024,7,28,3,454.2,0.061,0,0
2024-07-21,SKU001,Electronics,469,369.08,173098.52,946,0,WH-C,2024,7,29,3,466.0,0.006,0,0
2024-07-28,SKU001,Electronics,464,302.79,140494.56,925,0,WH-C,2024,7,30,3,470.5,-0.014,0,0
2024-08-04,SKU001,Electronics,465,279.21,129832.65,419,0,WH-A,2024,8,31,3,470.0,-0.011,0,0
2024-08-11,SKU001,Electronics,464,480.37,222891.68,980,0,WH-A,2024,8,32,3,465.5,-0.003,0,0
2024-08-18,SKU001,Electronics,452,316.69,143143.88,146,0,WH-B,2024,8,33,3,461.2,-0.02,0,0
2024-08-25,SKU001,Electronics,400,336.6,134640.0,829,0,WH-C,2024,8,34,3,445.2,-0.102,0,0
2024-09-01,SKU001,Electronics,393,25.52,10029.36,561,0,WH-A,2024,9,35,3,427.2,-0.08,0,0
2024-09-08,SKU001,Electronics,383,466.53,178680.99,52,1,WH-A,2024,9,36,3,407.0,-0.059,0,383
2024-09-15,SKU001,Electronics,388,280.78,108942.64,114,0,WH-C,2024,9,37,3,391.0,-0.008,0,0
2024-09-22,SKU001,Electronics,314,264.1,82927.4,622,1,WH-C,2024,9,38,3,369.5,-0.15,0,314
2024-09-29,SKU001,Electronics,320,146.02,46726.4,425,0,WH-C,2024,9,39,3,351.2,-0.089,0,0
2024-10-06,SKU001,Electronics,269,58.11,15631.59,62,0,WH-A,2024,10,40,4,322.8,-0.167,0,0
2024-10-13,SKU001,Electronics,431,314.45,135527.95,528,0,WH-C,2024,10,41,4,333.5,0.292,0,0
2024-10-20,SKU001,Electronics,267,232.46,62066.82,592,1,WH-A,2024,10,42,4,321.8,-0.17,0,267
2024-10-27,SKU001,Electronics,258,304.35,78522.3,520,1,WH-A,2024,10,43,4,306.2,-0.157,0,258
2024-11-03,SKU001,Electronics,243,331.22,80486.46,164,0,WH-A,2024,11,44,4,299.8,-0.189,0,0
2024-11-10,SKU001,Electronics,246,415.69,102259.74,905,0,WH-C,2024,11,45,4,253.5,-0.03,0,0
2024-11-17,SKU001,Electronics,277,332.26,92036.02,293,0,WH-B,2024,11,46,4,256.0,0.082,0,0
2024-11-24,SKU001,Electronics,288,384.68,110787.84,9,0,WH-A,2024,11,47,4,263.5,0.093,1,0
2024-12-01,SKU001,Electronics,310,170.88,52972.8,267,0,WH-C,2024,12,48,4,280.2,0.106,0,0
2024-12-08,SKU001,Electronics,352,197.36,69470.72,656,0,WH-C,2024,12,49,4,306.8,0.147,0,0
2024-12-15,SKU001,Electronics,352,12.08,4252.16,213,0,WH-A,2024,12,50,4,325.5,0.081,0,0
2024-12-22,SKU001,Electronics,383,95.15,36442.45,479,0,WH-A,2024,12,51,4,349.2,0.097,0,0
2024-12-29,SKU001,Electronics,444,175.8,78055.2,17,0,WH-C,2024,12,52,4,382.8,0.16,1,0
2022-01-02,SKU002,Electronics,18,52.64,947.52,570,0,WH-B,2022,1,52,1,18.0,0.0,0,0
2022-01-09,SKU002,Electronics,86,447.88,38517.68,296,0,WH-C,2022,1,1,1,52.0,0.654,0,0
2022-01-16,SKU002,Electronics,103,41.33,4256.99,287,0,WH-C,2022,1,2,1,69.0,0.493,0,0
2022-01-23,SKU002,Electronics,88,335.76,29546.88,455,0,WH-B,2022,1,3,1,73.8,0.192,0,0
2022-01-30,SKU002,Electronics,99,431.68,42736.32,44,0,WH-A,2022,1,4,1,94.0,0.053,1,0
2022-02-06,SKU002,Electronics,121,125.44,15178.24,198,0,WH-B,2022,2,5,1,102.8,0.177,0,0
2022-02-13,SKU002,Electronics,103,287.255,29587.26,694,0,WH-A,2022,2,6,1,102.8,0.002,0,0
2022-02-20,SKU002,Electronics,60,402.82,24169.2,420,0,WH-A,2022,2,7,1,95.8,-0.374,0,0
2022-02-27,SKU002,Electronics,53,235.26,12468.78,201,0,WH-A,2022,2,8,1,84.2,-0.371,0,0
2022-03-06,SKU002,Electronics,81,166.66,13499.46,190,0,WH-A,2022,3,9,1,74.2,0.092,0,0
2022-03-13,SKU002,Electronics,78,284.13,22162.14,369,0,WH-A,2022,3,10,1,68.0,0.147,0,0
2022-03-20,SKU002,Electronics,126,380.47,47939.22,929,0,WH-A,2022,3,11,1,84.5,0.491,0,0
2022-03-27,SKU002,Electronics,73,458.52,33471.96,292,0,WH-A,2022,3,12,1,89.5,-0.184,0,0
2022-04-03,SKU002,Electronics,88,168.87,14860.56,762,0,WH-B,2022,4,13,2,91.2,-0.035,0,0
2022-04-10,SKU002,Electronics,42,421.6,17707.2,911,0,WH-C,2022,4,14,2,82.2,-0.489,0,0
2022-04-17,SKU002,Electronics,87,195.38,16998.06,398,0,WH-B,2022,4,15,2,72.5,0.2,0,0
2022-04-24,SKU002,Electronics,89,28.68,2552.52,684,0,WH-B,2022,4,16,2,76.5,0.163,0,0
2022-05-01,SKU002,Electronics,62,176.28,10929.36,601,0,WH-B,2022,5,17,2,70.0,-0.114,0,0
2022-05-08,SKU002,Electronics,57,483.66,27568.62,285,0,WH-B,2022,5,18,2,73.8,-0.228,0,0
2022-05-15,SKU002,Electronics,35,35.76,1251.6,846,0,WH-A,2022,5,19,2,60.8,-0.424,0,0
2022-05-22,SKU002,Electronics,55,474.32,26087.6,962,1,WH-B,2022,5,20,2,52.2,0.054,0,55
2022-05-29,SKU002,Electronics,38,345.56,13131.28,99,0,WH-B,2022,5,21,2,46.2,-0.177,0,0
2022-06-05,SKU002,Electronics,40,59.11,2364.4,165,1,WH-B,2022,6,22,2,42.0,-0.048,0,40
2022-06-12,SKU002,Electronics,21,199.73,4194.33,67,0,WH-B,2022,6,23,2,38.5,-0.455,0,0
2022-06-19,SKU002,Electronics,35,425.35,14887.25,165,0,WH-B,2022,6,24,2,33.5,0.045,0,0
2022-06-26,SKU002,Electronics,84,348.08,29238.72,240,1,WH-C,2022,6,25,2,45.0,0.867,0,84
2022-07-03,SKU002,Electronics,36,483.62,17410.32,840,0,WH-A,2022,7,26,3,44.0,-0.182,0,0
2022-07-10,SKU002,Electronics,41,415.98,17055.18,444,0,WH-B,2022,7,27,3,49.0,-0.163,0,0
2022-07-17,SKU002,Electronics,36,106.19,3822.84,642,0,WH-A,2022,7,28,3,49.2,-0.268,0,0
2022-07-24,SKU002,Electronics,72,480.55,34599.6,507,0,WH-C,2022,7,29,3,46.2,0.558,0,0
2022-07-31,SKU002,Electronics,68,94.9,6453.2,980,1,WH-B,2022,7,30,3,54.2,0.255,0,68
2022-08-07,SKU002,Electronics,67,25.06,1679.02,411,0,WH-C,2022,8,31,3,60.8,0.102,0,0
2022-08-14,SKU002,Electronics,21,480.35,10087.35,19,0,WH-C,2022,8,32,3,57.0,-0.632,1,0
2022-08-21,SKU002,Electronics,103,296.23,30511.69,49,1,WH-C,2022,8,33,3,64.8,0.59,1,103
2022-08-28,SKU002,Electronics,36,361.86,13026.96,88,0,WH-A,2022,8,34,3,56.8,-0.366,0,0
2022-09-04,SKU002,Electronics,60,53.66,3219.6,393,0,WH-C,2022,9,35,3,55.0,0.091,0,0
2022-09-11,SKU002,Electronics,58,302.24,17529.92,230,0,WH-B,2022,9,36,3,64.2,-0.097,0,0
2022-09-18,SKU002,Electronics,56,485.35,27179.6,879,0,WH-C,2022,9,37,3,52.5,0.067,0,0
2022-09-25,SKU002,Electronics,57,32.07,1827.99,95,0,WH-A,2022,9,38,3,57.8,-0.014,0,0
2022-10-02,SKU002,Electronics,22,301.29,6628.38,532,0,WH-B,2022,10,39,4,48.2,-0.544,0,0
2022-10-09,SKU002,Electronics,40,19.68,787.2,290,1,WH-B,2022,10,40,4,43.8,-0.087,0,40
2022-10-16,SKU002,Electronics,9,378.05,3402.45,392,0,WH-C,2022,10,41,4,32.0,-0.719,0,0
2022-10-23,SKU002,Electronics,10,59.58,595.8,985,0,WH-B,2022,10,42,4,20.2,-0.505,0,0
2022-10-30,SKU002,Electronics,39,190.83,7442.37,954,0,WH-C,2022,10,43,4,24.5,0.592,0,0
2022-11-06,SKU002,Electronics,36,334.69,12048.84,985,0,WH-A,2022,11,44,4,23.5,0.532,0,0
2022-11-13,SKU002,Electronics,21,49.98,1049.58,45,0,WH-A,2022,11,45,4,26.5,-0.208,0,0
2022-11-20,SKU002,Electronics,23,198.0,4554.0,453,0,WH-B,2022,11,46,4,29.8,-0.228,0,0
2022-11-27,SKU002,Electronics,43,71.04,3054.72,414,0,WH-C,2022,11,47,4,30.8,0.396,0,0
2022-12-04,SKU002,Electronics,45,308.14,13866.3,852,0,WH-C,2022,12,48,4,33.0,0.364,0,0
2022-12-11,SKU002,Electronics,57,353.43,20145.51,910,0,WH-A,2022,12,49,4,42.0,0.357,0,0
2022-12-18,SKU002,Electronics,23,362.51,8337.73,555,0,WH-B,2022,12,50,4,42.0,-0.452,0,0
2022-12-25,SKU002,Electronics,34,101.39,3447.26,728,1,WH-C,2022,12,51,4,39.8,-0.146,0,34
2023-01-01,SKU002,Electronics,31,87.19,2702.89,528,0,WH-C,2023,1,52,1,36.2,-0.144,0,0
2023-01-08,SKU002,Electronics,31,35.05,1086.55,511,0,WH-A,2023,1,1,1,29.8,0.04,0,0
2023-01-15,SKU002,Electronics,34,24.75,841.5,272,0,WH-A,2023,1,2,1,32.5,0.046,0,0
2023-01-22,SKU002,Electronics,62,89.98,5578.76,863,0,WH-A,2023,1,3,1,39.5,0.57,0,0
2023-01-29,SKU002,Electronics,71,379.72,26960.12,282,0,WH-C,2023,1,4,1,49.5,0.434,0,0
2023-02-05,SKU002,Electronics,66,366.32,24177.12,568,1,WH-C,2023,2,5,1,58.2,0.134,0,66
2023-02-12,SKU002,Electronics,103,49.2,5067.6,133,0,WH-C,2023,2,6,1,75.5,0.364,0,0
2023-02-19,SKU002,Electronics,82,188.31,15441.42,321,1,WH-A,2023,2,7,1,80.5,0.019,0,82
2023-02-26,SKU002,Electronics,79,178.11,14070.69,909,0,WH-B,2023,2,8,1,82.5,-0.042,0,0
2023-03-05,SKU002,Electronics,70,221.8,15526.0,644,0,WH-A,2023,3,9,1,83.5,-0.162,0,0
2023-03-12,SKU002,Electronics,108,410.82,44368.56,637,0,WH-B,2023,3,10,1,84.8,0.274,0,0
2023-03-19,SKU002,Electronics,120,472.48,56697.6,555,0,WH-C,2023,3,11,1,94.2,0.274,0,0
2023-03-26,SKU002,Electronics,75,29.99,2249.25,151,0,WH-B,2023,3,12,1,93.2,-0.195,0,0
2023-04-02,SKU002,Electronics,123,322.01,39607.23,517,0,WH-A,2023,4,13,2,106.5,0.155,0,0
2023-04-09,SKU002,Electronics,78,337.17,26299.26,657,0,WH-C,2023,4,14,2,99.0,-0.212,0,0
2023-04-16,SKU002,Electronics,65,38.61,2509.65,416,0,WH-B,2023,4,15,2,85.2,-0.237,0,0
2023-04-23,SKU002,Electronics,46,320.7,14752.2,347,0,WH-B,2023,4,16,2,78.0,-0.41,0,0
2023-04-30,SKU002,Electronics,47,423.39,19899.33,499,0,WH-C,2023,4,17,2,59.0,-0.203,0,0
2023-05-07,SKU002,Electronics,56,323.6,18121.6,363,0,WH-C,2023,5,18,2,53.5,0.047,0,0
2023-05-14,SKU002,Electronics,54,290.38,15680.52,65,0,WH-B,2023,5,19,2,50.8,0.063,0,0
2023-05-21,SKU002,Electronics,15,178.41,2676.15,518,0,WH-B,2023,5,20,2,43.0,-0.651,0,0
2023-05-28,SKU002,Electronics,50,15.47,773.5,145,1,WH-A,2023,5,21,2,43.8,0.142,0,50
2023-06-04,SKU002,Electronics,91,430.87,39209.17,817,0,WH-B,2023,6,22,2,52.5,0.733,0,0
2023-06-11,SKU002,Electronics,77,425.99,32801.23,140,1,WH-B,2023,6,23,2,58.2,0.323,0,77
2023-06-18,SKU002,Electronics,65,104.6,6799.0,516,0,WH-B,2023,6,24,2,70.8,-0.082,0,0
2023-06-25,SKU002,Electronics,70,336.14,23529.8,606,0,WH-C,2023,6,25,2,75.8,-0.077,0,0
2023-07-02,SKU002,Electronics,19,145.71,2768.49,251,0,WH-B,2023,7,26,3,57.8,-0.671,0,0
2023-07-09,SKU002,Electronics,47,210.64,9900.08,570,1,WH-C,2023,7,27,3,50.2,-0.064,0,47
2023-07-16,SKU002,Electronics,40,345.49,13819.6,350,0,WH-C,2023,7,28,3,44.0,-0.091,0,0
2023-07-23,SKU002,Electronics,83,31.68,2629.44,651,0,WH-C,2023,7,29,3,47.2,0.758,0,0
2023-07-30,SKU002,Electronics,56,98.11,5494.16,523,0,WH-B,2023,7,30,3,56.5,-0.009,0,0
2023-08-06,SKU002,Electronics,61,356.18,21726.98,150,0,WH-C,2023,8,31,3,60.0,0.017,0,0
2023-08-13,SKU002,Electronics,70,495.95,34716.5,528,0,WH-A,2023,8,32,3,67.5,0.037,0,0
2023-08-20,SKU002,Electronics,51,498.32,25414.32,999,0,WH-B,2023,8,33,3,59.5,-0.143,0,0
2023-08-27,SKU002,Electronics,58,495.98,28766.84,62,0,WH-A,2023,8,34,3,60.0,-0.033,0,0
2023-09-03,SKU002,Electronics,61,48.36,2949.96,960,1,WH-C,2023,9,35,3,60.0,0.017,0,61
2023-09-10,SKU002,Electronics,28,118.44,3316.32,483,0,WH-C,2023,9,36,3,49.5,-0.434,0,0
2023-09-17,SKU002,Electronics,12,225.63,2707.56,525,0,WH-B,2023,9,37,3,39.8,-0.698,0,0
2023-09-24,SKU002,Electronics,52,461.8,24013.6,646,0,WH-A,2023,9,38,3,38.2,0.361,0,0
2023-10-01,SKU002,Electronics,33,320.46,10575.18,68,0,WH-B,2023,10,39,4,31.2,0.058,0,0
2023-10-08,SKU002,Electronics,59,233.63,13784.17,517,1,WH-C,2023,10,40,4,39.0,0.513,0,59
2023-10-15,SKU002,Electronics,66,398.26,26285.16,297,1,WH-C,2023,10,41,4,52.5,0.257,0,66
2023-10-22,SKU002,Electronics,39,76.45,2981.55,208,0,WH-C,2023,10,42,4,49.2,-0.207,0,0
2023-10-29,SKU002,Electronics,32,352.16,11269.12,156,0,WH-C,2023,10,43,4,49.0,-0.347,0,0
2023-11-05,SKU002,Electronics,6,97.88,587.28,898,0,WH-B,2023,11,44,4,35.8,-0.832,0,0
2023-11-12,SKU002,Electronics,40,143.74,5749.6,77,0,WH-B,2023,11,45,4,29.2,0.37,0,0
2023-11-19,SKU002,Electronics,15,442.41,6636.15,666,0,WH-C,2023,11,46,4,23.2,-0.353,0,0
2023-11-26,SKU002,Electronics,0,346.17,0.0,592,0,WH-B,2023,11,47,4,15.2,-1.0,0,0
2023-12-03,SKU002,Electronics,56,495.71,27759.76,394,1,WH-C,2023,12,48,4,27.8,1.014,0,56
2023-12-10,SKU002,Electronics,47,89.41,4202.27,255,0,WH-B,2023,12,49,4,29.5,0.593,0,0
2023-12-17,SKU002,Electronics,62,78.35,4857.7,133,0,WH-B,2023,12,50,4,41.2,0.505,0,0
2023-12-24,SKU002,Electronics,46,437.64,20131.44,23,0,WH-C,2023,12,51,4,52.8,-0.129,1,0
2023-12-31,SKU002,Electronics,80,240.42,19233.6,315,0,WH-C,2023,12,52,4,58.8,0.361,0,0
2024-01-07,SKU002,Electronics,53,13.79,730.87,912,0,WH-C,2024,1,1,1,60.2,-0.12,0,0
2024-01-14,SKU002,Electronics,66,46.18,3047.88,444,0,WH-A,2024,1,2,1,61.2,0.078,0,0
2024-01-21,SKU002,Electronics,57,43.58,2484.06,965,0,WH-C,2024,1,3,1,64.0,-0.109,0,0
2024-01-28,SKU002,Electronics,67,11.66,781.22,755,0,WH-C,2024,1,4,1,60.8,0.102,0,0
2024-02-04,SKU002,Electronics,66,357.95,23624.7,923,1,WH-A,2024,2,5,1,64.0,0.031,0,66
2024-02-11,SKU002,Electronics,97,481.27,46683.19,651,1,WH-B,2024,2,6,1,71.8,0.351,0,97
2024-02-18,SKU002,Electronics,63,344.95,21731.85,833,0,WH-B,2024,2,7,1,73.2,-0.139,0,0
2024-02-25,SKU002,Electronics,80,69.49,5559.2,947,0,WH-B,2024,2,8,1,76.5,0.046,0,0
2024-03-03,SKU002,Electronics,104,375.17,39017.68,226,0,WH-C,2024,3,9,1,86.0,0.209,0,0
2024-03-10,SKU002,Electronics,55,13.82,760.1,372,0,WH-C,2024,3,10,1,75.5,-0.272,0,0
2024-03-17,SKU002,Electronics,95,390.22,37070.9,56,0,WH-B,2024,3,11,1,83.5,0.138,0,0
2024-03-24,SKU002,Electronics,76,422.2,32087.2,295,0,WH-C,2024,3,12,1,82.5,-0.079,0,0
2024-03-31,SKU002,Electronics,71,237.86,16888.06,374,0,WH-C,2024,3,13,1,74.2,-0.043,0,0
2024-04-07,SKU002,Electronics,23,362.14,8329.22,250,0,WH-C,2024,4,14,2,66.2,-0.653,0,0
2024-04-14,SKU002,Electronics,77,173.06,13325.62,203,0,WH-C,2024,4,15,2,61.8,0.246,0,0
2024-04-21,SKU002,Electronics,78,341.76,26657.28,657,0,WH-B,2024,4,16,2,62.2,0.254,0,0
2024-04-28,SKU002,Electronics,79,189.99,15009.21,702,0,WH-C,2024,4,17,2,64.2,0.231,0,0
2024-05-05,SKU002,Electronics,64,319.05,20419.2,921,0,WH-C,2024,5,18,2,74.5,-0.141,0,0
2024-05-12,SKU002,Electronics,28,402.76,11277.28,158,0,WH-B,2024,5,19,2,62.2,-0.55,0,0
2024-05-19,SKU002,Electronics,92,237.72,21870.24,325,0,WH-B,2024,5,20,2,65.8,0.398,0,0
2024-05-26,SKU002,Electronics,55,330.68,18187.4,254,0,WH-A,2024,5,21,2,59.8,-0.08,0,0
2024-06-02,SKU002,Electronics,72,109.94,7915.68,69,0,WH-C,2024,6,22,2,61.8,0.165,0,0
2024-06-09,SKU002,Electronics,31,76.5,2371.5,779,0,WH-C,2024,6,23,2,62.5,-0.504,0,0
2024-06-16,SKU002,Electronics,38,111.58,4240.04,113,0,WH-C,2024,6,24,2,49.0,-0.224,0,0
2024-06-23,SKU002,Electronics,61,332.32,20271.52,372,0,WH-B,2024,6,25,2,50.5,0.208,0,0
2024-06-30,SKU002,Electronics,56,489.56,27415.36,573,0,WH-C,2024,6,26,2,46.5,0.204,0,0
2024-07-07,SKU002,Electronics,52,254.4,13228.8,607,0,WH-B,2024,7,27,3,51.8,0.004,0,0
2024-07-14,SKU002,Electronics,47,169.13,7949.11,701,0,WH-A,2024,7,28,3,54.0,-0.13,0,0
2024-07-21,SKU002,Electronics,47,408.13,19182.11,69,0,WH-C,2024,7,29,3,50.5,-0.069,0,0
2024-07-28,SKU002,Electronics,89,130.13,11581.57,772,0,WH-C,2024,7,30,3,58.8,0.514,0,0
2024-08-04,SKU002,Electronics,42,321.33,13495.86,160,0,WH-A,2024,8,31,3,56.2,-0.253,0,0
2024-08-11,SKU002,Electronics,69,352.91,24350.79,659,0,WH-C,2024,8,32,3,61.8,0.117,0,0
2024-08-18,SKU002,Electronics,65,81.94,5326.1,117,0,WH-A,2024,8,33,3,66.2,-0.018,0,0
2024-08-25,SKU002,Electronics,16,180.91,2894.56,551,0,WH-B,2024,8,34,3,48.0,-0.667,0,0
2024-09-01,SKU002,Electronics,38,149.17,5668.46,254,0,WH-B,2024,9,35,3,47.0,-0.191,0,0
2024-09-08,SKU002,Electronics,56,314.7,17623.2,760,0,WH-A,2024,9,36,3,43.8,0.279,0,0
2024-09-15,SKU002,Electronics,33,58.44,1928.52,344,1,WH-C,2024,9,37,3,35.8,-0.078,0,33
2024-09-22,SKU002,Electronics,36,398.87,14359.32,265,0,WH-B,2024,9,38,3,40.8,-0.118,0,0
2024-09-29,SKU002,Electronics,61,361.2,22033.2,810,0,WH-B,2024,9,39,3,46.5,0.312,0,0
2024-10-06,SKU002,Electronics,53,478.98,25385.94,625,1,WH-B,2024,10,40,4,45.8,0.157,0,53
2024-10-13,SKU002,Electronics,25,37.82,945.5,76,0,WH-A,2024,10,41,4,43.8,-0.429,0,0
2024-10-20,SKU002,Electronics,6,44.14,264.84,181,0,WH-B,2024,10,42,4,36.2,-0.834,0,0
2024-10-27,SKU002,Electronics,41,365.23,14974.43,512,0,WH-C,2024,10,43,4,31.2,0.314,0,0
2024-11-03,SKU002,Electronics,34,478.93,16283.62,201,0,WH-A,2024,11,44,4,26.5,0.283,0,0
2024-11-10,SKU002,Electronics,10,252.6,2526.0,51,1,WH-C,2024,11,45,4,22.8,-0.561,0,10
2024-11-17,SKU002,Electronics,57,495.9,28266.3,827,0,WH-B,2024,11,46,4,35.5,0.606,0,0
2024-11-24,SKU002,Electronics,33,307.5,10147.5,871,0,WH-B,2024,11,47,4,33.5,-0.015,0,0
2024-12-01,SKU002,Electronics,40,78.58,3143.2,911,0,WH-B,2024,12,48,4,35.0,0.143,0,0
2024-12-08,SKU002,Electronics,34,299.09,10169.06,298,0,WH-C,2024,12,49,4,41.0,-0.171,0,0
2024-12-15,SKU002,Electronics,53,339.68,18003.04,865,1,WH-B,2024,12,50,4,40.0,0.325,0,53
2024-12-22,SKU002,Electronics,92,63.09,5804.28,285,0,WH-B,2024,12,51,4,54.8,0.679,0,0
2024-12-29,SKU002,Electronics,16,202.24,3235.84,285,0,WH-A,2024,12,52,4,48.8,-0.672,0,0
2022-01-02,SKU003,Electronics,148,37.11,5492.28,23,0,WH-A,2022,1,52,1,148.0,0.0,1,0
2022-01-09,SKU003,Electronics,169,252.93,42745.17,456,0,WH-C,2022,1,1,1,158.5,0.066,0,0
2022-01-16,SKU003,Electronics,144,388.58,55955.52,226,0,WH-A,2022,1,2,1,153.7,-0.063,0,0
2022-01-23,SKU003,Electronics,169,458.06,77412.14,448,0,WH-A,2022,1,3,1,157.5,0.073,0,0
2022-01-30,SKU003,Electronics,163,240.57,39212.91,514,0,WH-C,2022,1,4,1,161.2,0.011,0,0
2022-02-06,SKU003,Electronics,216,393.58,85013.28,329,0,WH-B,2022,2,5,1,173.0,0.249,0,0
2022-02-13,SKU003,Electronics,168,462.0,77616.0,933,1,WH-B,2022,2,6,1,179.0,-0.061,0,168
2022-02-20,SKU003,Electronics,210,440.66,92538.6,623,0,WH-B,2022,2,7,1,189.2,0.11,0,0
2022-02-27,SKU003,Electronics,199,463.46,92228.54,581,1,WH-C,2022,2,8,1,198.2,0.004,0,199
2022-03-06,SKU003,Electronics,209,177.0,36993.0,177,0,WH-B,2022,3,9,1,196.5,0.064,0,0
2022-03-13,SKU003,Electronics,168,25.26,4243.68,997,0,WH-A,2022,3,10,1,196.5,-0.145,0,0
2022-03-20,SKU003,Electronics,232,108.94,25274.08,356,0,WH-B,2022,3,11,1,202.0,0.149,0,0
2022-03-27,SKU003,Electronics,174,241.55,42029.7,204,0,WH-C,2022,3,12,1,195.8,-0.111,0,0
2022-04-03,SKU003,Electronics,167,168.22,28092.74,940,0,WH-A,2022,4,13,2,185.2,-0.098,0,0
2022-04-10,SKU003,Electronics,179,84.45,15116.55,317,0,WH-B,2022,4,14,2,188.0,-0.048,0,0
2022-04-17,SKU003,Electronics,169,31.06,5249.14,952,0,WH-C,2022,4,15,2,172.2,-0.019,0,0
2022-04-24,SKU003,Electronics,151,11.58,1748.58,504,0,WH-C,2022,4,16,2,166.5,-0.093,0,0
2022-05-01,SKU003,Electronics,139,129.88,18053.32,701,0,WH-B,2022,5,17,2,159.5,-0.129,0,0
2022-05-08,SKU003,Electronics,118,75.9,8956.2,82,0,WH-B,2022,5,18,2,144.2,-0.182,0,0
2022-05-15,SKU003,Electronics,206,87.86,18099.16,183,0,WH-B,2022,5,19,2,153.5,0.342,0,0
2022-05-22,SKU003,Electronics,152,335.3,50965.6,362,0,WH-A,2022,5,20,2,153.8,-0.012,0,0
2022-05-29,SKU003,Electronics,103,196.21,20209.63,792,1,WH-C,2022,5,21,2,144.8,-0.289,0,103
2022-06-05,SKU003,Electronics,156,127.8,19936.8,359,0,WH-A,2022,6,22,2,154.2,0.012,0,0
2022-06-12,SKU003,Electronics,169,207.67,35096.23,599,0,WH-C,2022,6,23,2,145.0,0.166,0,0
2022-06-19,SKU003,Electronics,130,124.23,16149.9,481,0,WH-A,2022,6,24,2,139.5,-0.068,0,0
2022-06-26,SKU003,Electronics,139,458.0,63662.0,804,0,WH-B,2022,6,25,2,148.5,-0.064,0,0
2022-07-03,SKU003,Electronics,133,369.22,49106.26,781,0,WH-C,2022,7,26,3,142.8,-0.069,0,0
2022-07-10,SKU003,Electronics,144,496.16,71447.04,938,0,WH-C,2022,7,27,3,136.5,0.055,0,0
2022-07-17,SKU003,Electronics,164,432.01,70849.64,478,0,WH-A,2022,7,28,3,145.0,0.131,0,0
2022-07-24,SKU003,Electronics,145,15.49,2246.05,665,1,WH-C,2022,7,29,3,146.5,-0.01,0,145
2022-07-31,SKU003,Electronics,139,166.31,23117.09,830,1,WH-A,2022,7,30,3,148.0,-0.061,0,139
2022-08-07,SKU003,Electronics,145,350.45,50815.25,905,0,WH-B,2022,8,31,3,148.2,-0.022,0,0
2022-08-14,SKU003,Electronics,139,379.92,52808.88,816,0,WH-B,2022,8,32,3,142.0,-0.021,0,0
2022-08-21,SKU003,Electronics,152,17.52,2663.04,265,0,WH-C,2022,8,33,3,143.8,0.057,0,0
2022-08-28,SKU003,Electronics,128,69.55,8902.4,586,1,WH-C,2022,8,34,3,141.0,-0.092,0,128
2022-09-04,SKU003,Electronics,104,180.97,18820.88,604,0,WH-C,2022,9,35,3,130.8,-0.205,0,0
2022-09-11,SKU003,Electronics,116,73.54,8530.64,461,0,WH-C,2022,9,36,3,125.0,-0.072,0,0
2022-09-18,SKU003,Electronics,100,100.15,10015.0,508,0,WH-A,2022,9,37,3,112.0,-0.107,0,0
2022-09-25,SKU003,Electronics,113,398.01,44975.13,302,0,WH-A,2022,9,38,3,108.2,0.044,0,0
2022-10-02,SKU003,Electronics,60,148.24,8894.4,788,0,WH-C,2022,10,39,4,97.2,-0.383,0,0
2022-10-09,SKU003,Electronics,139,312.72,43468.08,248,0,WH-C,2022,10,40,4,103.0,0.35,0,0
2022-10-16,SKU003,Electronics,89,148.94,13255.66,903,1,WH-A,2022,10,41,4,100.2,-0.112,0,89
2022-10-23,SKU003,Electronics,79,441.2,34854.8,470,0,WH-B,2022,10,42,4,91.8,-0.139,0,0
2022-10-30,SKU003,Electronics,65,18.08,1175.2,715,0,WH-C,2022,10,43,4,93.0,-0.301,0,0
2022-11-06,SKU003,Electronics,72,498.23,35872.56,279,0,WH-B,2022,11,44,4,76.2,-0.055,0,0
2022-11-13,SKU003,Electronics,51,119.97,6118.47,886,0,WH-B,2022,11,45,4,66.8,-0.237,0,0
2022-11-20,SKU003,Electronics,76,336.75,25593.0,490,0,WH-B,2022,11,46,4,66.0,0.152,0,0
2022-11-27,SKU003,Electronics,139,275.12,38241.68,490,0,WH-A,2022,11,47,4,84.5,0.645,0,0
2022-12-04,SKU003,Electronics,139,252.52,35100.28,510,0,WH-A,2022,12,48,4,101.2,0.374,0,0
2022-12-11,SKU003,Electronics,115,221.42,25463.3,737,0,WH-B,2022,12,49,4,117.2,-0.019,0,0
2022-12-18,SKU003,Electronics,121,421.81,51039.01,481,0,WH-A,2022,12,50,4,128.5,-0.058,0,0
2022-12-25,SKU003,Electronics,132,384.74,50785.68,426,0,WH-A,2022,12,51,4,126.8,0.041,0,0
2023-01-01,SKU003,Electronics,110,196.17,21578.7,401,0,WH-A,2023,1,52,1,119.5,-0.079,0,0
2023-01-08,SKU003,Electronics,138,470.93,64988.34,376,0,WH-A,2023,1,1,1,125.2,0.102,0,0
2023-01-15,SKU003,Electronics,158,277.05,43773.9,451,0,WH-B,2023,1,2,1,134.5,0.175,0,0
2023-01-22,SKU003,Electronics,169,371.81,62835.89,375,0,WH-C,2023,1,3,1,143.8,0.175,0,0
2023-01-29,SKU003,Electronics,173,268.89,46517.97,965,0,WH-A,2023,1,4,1,159.5,0.085,0,0
2023-02-05,SKU003,Electronics,202,302.13,61030.26,737,0,WH-A,2023,2,5,1,175.5,0.151,0,0
2023-02-12,SKU003,Electronics,215,419.28,90145.2,170,0,WH-C,2023,2,6,1,189.8,0.133,0,0
2023-02-19,SKU003,Electronics,187,252.11,47144.57,193,0,WH-C,2023,2,7,1,194.2,-0.037,0,0
2023-02-26,SKU003,Electronics,221,71.89,15887.69,582,0,WH-C,2023,2,8,1,206.2,0.072,0,0
2023-03-05,SKU003,Electronics,198,127.76,25296.48,427,0,WH-C,2023,3,9,1,205.2,-0.035,0,0
2023-03-12,SKU003,Electronics,199,285.05,56724.95,194,0,WH-C,2023,3,10,1,201.2,-0.011,0,0
2023-03-19,SKU003,Electronics,214,401.32,85882.48,39,1,WH-B,2023,3,11,1,208.0,0.029,1,214
2023-03-26,SKU003,Electronics,186,220.29,40973.94,879,0,WH-B,2023,3,12,1,199.2,-0.066,0,0
2023-04-02,SKU003,Electronics,159,17.97,2857.23,4,0,WH-A,2023,4,13,2,189.5,-0.161,1,0
2023-04-09,SKU003,Electronics,141,275.01,38776.41,75,0,WH-A,2023,4,14,2,175.0,-0.194,0,0
2023-04-16,SKU003,Electronics,166,225.68,37462.88,495,1,WH-B,2023,4,15,2,163.0,0.018,0,166
2023-04-23,SKU003,Electronics,173,79.95,13831.35,639,0,WH-A,2023,4,16,2,159.8,0.083,0,0
2023-04-30,SKU003,Electronics,149,323.6,48216.4,40,0,WH-A,2023,4,17,2,157.2,-0.052,1,0
2023-05-07,SKU003,Electronics,159,316.29,50290.11,78,0,WH-C,2023,5,18,2,161.8,-0.017,0,0
2023-05-14,SKU003,Electronics,100,62.53,6253.0,302,0,WH-B,2023,5,19,2,145.2,-0.311,0,0
2023-05-21,SKU003,Electronics,132,228.23,30126.36,378,0,WH-C,2023,5,20,2,135.0,-0.022,0,0
2023-05-28,SKU003,Electronics,129,135.34,17458.86,394,1,WH-C,2023,5,21,2,130.0,-0.008,0,129
2023-06-04,SKU003,Electronics,140,335.85,47019.0,12,0,WH-A,2023,6,22,2,125.2,0.118,1,0
2023-06-11,SKU003,Electronics,104,287.96,29947.84,585,0,WH-C,2023,6,23,2,126.2,-0.176,0,0
2023-06-18,SKU003,Electronics,161,426.13,68606.93,635,0,WH-C,2023,6,24,2,133.5,0.206,0,0
2023-06-25,SKU003,Electronics,130,48.26,6273.8,722,0,WH-C,2023,6,25,2,133.8,-0.028,0,0
2023-07-02,SKU003,Electronics,133,485.47,64567.51,150,1,WH-B,2023,7,26,3,132.0,0.008,0,133
2023-07-09,SKU003,Electronics,116,95.37,11062.92,633,1,WH-B,2023,7,27,3,135.0,-0.141,0,116
2023-07-16,SKU003,Electronics,117,290.65,34006.05,312,0,WH-B,2023,7,28,3,124.0,-0.056,0,0
2023-07-23,SKU003,Electronics,145,463.45,67200.25,221,1,WH-C,2023,7,29,3,127.8,0.135,0,145
2023-07-30,SKU003,Electronics,127,136.72,17363.44,447,0,WH-C,2023,7,30,3,126.2,0.006,0,0
2023-08-06,SKU003,Electronics,111,248.28,27559.08,877,0,WH-A,2023,8,31,3,125.0,-0.112,0,0
2023-08-13,SKU003,Electronics,123,46.64,5736.72,666,0,WH-A,2023,8,32,3,126.5,-0.028,0,0
2023-08-20,SKU003,Electronics,123,117.28,14425.44,56,0,WH-C,2023,8,33,3,121.0,0.017,0,0
2023-08-27,SKU003,Electronics,132,447.24,59035.68,616,1,WH-A,2023,8,34,3,122.2,0.08,0,132
2023-09-03,SKU003,Electronics,104,156.5,16276.0,374,0,WH-B,2023,9,35,3,120.5,-0.137,0,0
2023-09-10,SKU003,Electronics,103,233.01,24000.03,845,0,WH-A,2023,9,36,3,115.5,-0.108,0,0
2023-09-17,SKU003,Electronics,101,377.23,38100.23,665,0,WH-C,2023,9,37,3,110.0,-0.082,0,0
2023-09-24,SKU003,Electronics,118,95.31,11246.58,621,1,WH-A,2023,9,38,3,106.5,0.108,0,118
2023-10-01,SKU003,Electronics,83,97.38,8082.54,46,0,WH-A,2023,10,39,4,101.2,-0.18,1,0
2023-10-08,SKU003,Electronics,123,352.04,43300.92,946,0,WH-C,2023,10,40,4,106.2,0.158,0,0
2023-10-15,SKU003,Electronics,70,387.1,27097.0,593,0,WH-B,2023,10,41,4,98.5,-0.289,0,0
2023-10-22,SKU003,Electronics,65,152.32,9900.8,641,0,WH-B,2023,10,42,4,85.2,-0.237,0,0
2023-10-29,SKU003,Electronics,87,373.49,32493.63,874,0,WH-C,2023,10,43,4,86.2,0.009,0,0
2023-11-05,SKU003,Electronics,90,166.66,14999.4,919,0,WH-C,2023,11,44,4,78.0,0.154,0,0
2023-11-12,SKU003,Electronics,66,71.37,4710.42,878,0,WH-C,2023,11,45,4,77.0,-0.143,0,0
2023-11-19,SKU003,Electronics,57,214.23,12211.11,285,0,WH-C,2023,11,46,4,75.0,-0.24,0,0
2023-11-26,SKU003,Electronics,81,499.54,40462.74,224,0,WH-B,2023,11,47,4,73.5,0.102,0,0
2023-12-03,SKU003,Electronics,85,14.81,1258.85,221,1,WH-B,2023,12,48,4,72.2,0.177,0,85
2023-12-10,SKU003,Electronics,74,288.28,21332.72,610,0,WH-B,2023,12,49,4,74.2,-0.003,0,0
2023-12-17,SKU003,Electronics,131,324.3,42483.3,555,0,WH-A,2023,12,50,4,92.8,0.412,0,0
2023-12-24,SKU003,Electronics,125,122.49,15311.25,358,0,WH-B,2023,12,51,4,103.8,0.204,0,0
2023-12-31,SKU003,Electronics,149,445.51,66380.99,109,0,WH-A,2023,12,52,4,119.8,0.244,0,0
2024-01-07,SKU003,Electronics,178,489.75,87175.5,757,0,WH-C,2024,1,1,1,145.8,0.221,0,0
2024-01-14,SKU003,Electronics,212,217.76,46165.12,665,1,WH-A,2024,1,2,1,166.0,0.277,0,212
2024-01-21,SKU003,Electronics,214,327.37,70057.18,488,0,WH-B,2024,1,3,1,188.2,0.137,0,0
2024-01-28,SKU003,Electronics,171,386.32,66060.72,943,0,WH-C,2024,1,4,1,193.8,-0.118,0,0
2024-02-04,SKU003,Electronics,210,474.37,99617.7,504,0,WH-A,2024,2,5,1,201.8,0.041,0,0
2024-02-11,SKU003,Electronics,195,41.21,8035.95,444,0,WH-B,2024,2,6,1,197.5,-0.013,0,0
2024-02-18,SKU003,Electronics,226,109.73,24798.98,318,0,WH-B,2024,2,7,1,200.5,0.127,0,0
2024-02-25,SKU003,Electronics,202,147.94,29883.88,100,1,WH-B,2024,2,8,1,208.2,-0.03,0,202
2024-03-03,SKU003,Electronics,188,245.8,46210.4,321,1,WH-B,2024,3,9,1,202.8,-0.073,0,188
2024-03-10,SKU003,Electronics,145,373.75,54193.75,915,0,WH-B,2024,3,10,1,190.2,-0.238,0,0
2024-03-17,SKU003,Electronics,179,391.02,69992.58,69,0,WH-B,2024,3,11,1,178.5,0.003,0,0
2024-03-24,SKU003,Electronics,189,438.93,82957.77,240,0,WH-A,2024,3,12,1,175.2,0.079,0,0
2024-03-31,SKU003,Electronics,188,16.17,3039.96,87,0,WH-C,2024,3,13,1,175.2,0.073,0,0
2024-04-07,SKU003,Electronics,138,395.92,54636.96,539,1,WH-B,2024,4,14,2,173.5,-0.205,0,138
2024-04-14,SKU003,Electronics,192,341.28,65525.76,949,0,WH-A,2024,4,15,2,176.8,0.086,0,0
2024-04-21,SKU003,Electronics,183,463.9,84893.7,173,0,WH-B,2024,4,16,2,175.2,0.045,0,0
2024-04-28,SKU003,Electronics,185,209.61,38777.85,506,1,WH-B,2024,4,17,2,174.5,0.06,0,185
2024-05-05,SKU003,Electronics,146,381.21,55656.66,859,0,WH-B,2024,5,18,2,176.5,-0.173,0,0
2024-05-12,SKU003,Electronics,139,139.37,19372.43,687,0,WH-A,2024,5,19,2,163.2,-0.148,0,0
2024-05-19,SKU003,Electronics,132,145.17,19162.44,313,0,WH-C,2024,5,20,2,150.5,-0.123,0,0
2024-05-26,SKU003,Electronics,179,16.2,2899.8,119,0,WH-A,2024,5,21,2,149.0,0.201,0,0
2024-06-02,SKU003,Electronics,136,214.23,29135.28,68,0,WH-A,2024,6,22,2,146.5,-0.072,0,0
2024-06-09,SKU003,Electronics,119,61.16,7278.04,595,0,WH-B,2024,6,23,2,141.5,-0.159,0,0
2024-06-16,SKU003,Electronics,158,495.47,78284.26,362,1,WH-C,2024,6,24,2,148.0,0.068,0,158
2024-06-23,SKU003,Electronics,111,205.6,22821.6,929,0,WH-A,2024,6,25,2,131.0,-0.153,0,0
2024-06-30,SKU003,Electronics,152,233.63,35511.76,375,0,WH-A,2024,6,26,2,135.0,0.126,0,0
2024-07-07,SKU003,Electronics,157,479.32,75253.24,490,0,WH-B,2024,7,27,3,144.5,0.087,0,0
2024-07-14,SKU003,Electronics,137,429.86,58890.82,899,0,WH-C,2024,7,28,3,139.2,-0.016,0,0
2024-07-21,SKU003,Electronics,105,267.3,28066.5,516,0,WH-A,2024,7,29,3,137.8,-0.238,0,0
2024-07-28,SKU003,Electronics,154,387.31,59645.74,140,0,WH-C,2024,7,30,3,138.2,0.114,0,0
2024-08-04,SKU003,Electronics,152,368.51,56013.52,39,0,WH-B,2024,8,31,3,137.0,0.109,1,0
2024-08-11,SKU003,Electronics,136,202.58,27550.88,769,1,WH-A,2024,8,32,3,136.8,-0.006,0,136
2024-08-18,SKU003,Electronics,118,341.48,40294.64,270,0,WH-B,2024,8,33,3,140.0,-0.157,0,0
2024-08-25,SKU003,Electronics,139,416.37,57875.43,797,0,WH-C,2024,8,34,3,136.2,0.021,0,0
2024-09-01,SKU003,Electronics,100,359.78,35978.0,348,0,WH-C,2024,9,35,3,123.2,-0.188,0,0
2024-09-08,SKU003,Electronics,93,273.5,25435.5,299,0,WH-C,2024,9,36,3,112.5,-0.173,0,0
2024-09-15,SKU003,Electronics,132,460.28,60756.96,100,0,WH-A,2024,9,37,3,116.0,0.138,0,0
2024-09-22,SKU003,Electronics,114,136.73,15587.22,895,0,WH-A,2024,9,38,3,109.8,0.038,0,0
2024-09-29,SKU003,Electronics,112,286.47,32084.64,17,0,WH-B,2024,9,39,3,112.8,-0.007,1,0
2024-10-06,SKU003,Electronics,76,23.67,1798.92,192,0,WH-C,2024,10,40,4,108.5,-0.3,0,0
2024-10-13,SKU003,Electronics,91,237.9,21648.9,164,0,WH-A,2024,10,41,4,98.2,-0.073,0,0
2024-10-20,SKU003,Electronics,102,115.14,11744.28,904,0,WH-C,2024,10,42,4,95.2,0.071,0,0
2024-10-27,SKU003,Electronics,139,297.05,41289.95,736,0,WH-B,2024,10,43,4,102.0,0.363,0,0
2024-11-03,SKU003,Electronics,20,412.75,8255.0,865,0,WH-B,2024,11,44,4,88.0,-0.773,0,0
2024-11-10,SKU003,Electronics,101,119.65,12084.65,347,0,WH-C,2024,11,45,4,90.5,0.116,0,0
2024-11-17,SKU003,Electronics,59,335.64,19802.76,721,0,WH-A,2024,11,46,4,79.8,-0.261,0,0
2024-11-24,SKU003,Electronics,105,372.61,39124.05,370,0,WH-A,2024,11,47,4,71.2,0.475,0,0
2024-12-01,SKU003,Electronics,102,328.36,33492.72,794,0,WH-B,2024,12,48,4,91.8,0.111,0,0
2024-12-08,SKU003,Electronics,123,407.14,50078.22,332,0,WH-A,2024,12,49,4,97.2,0.265,0,0
2024-12-15,SKU003,Electronics,152,77.4,11764.8,960,0,WH-C,2024,12,50,4,120.5,0.261,0,0
2024-12-22,SKU003,Electronics,131,24.47,3205.57,634,1,WH-B,2024,12,51,4,127.0,0.031,0,131
2024-12-29,SKU003,Electronics,147,325.44,47839.68,842,0,WH-B,2024,12,52,4,138.2,0.064,0,0
2022-01-02,SKU004,Electronics,309,87.11,26916.99,561,1,WH-C,2022,1,52,1,309.0,0.0,0,309
2022-01-09,SKU004,Electronics,313,413.35,129378.55,787,0,WH-B,2022,1,1,1,311.0,0.006,0,0
2022-01-16,SKU004,Electronics,328,321.75,105534.0,686,0,WH-A,2022,1,2,1,316.7,0.036,0,0
2022-01-23,SKU004,Electronics,350,225.21,78823.5,172,0,WH-A,2022,1,3,1,325.0,0.077,0,0
2022-01-30,SKU004,Electronics,403,88.38,35617.14,872,1,WH-B,2022,1,4,1,348.5,0.156,0,403
2022-02-06,SKU004,Electronics,399,77.66,30986.34,379,0,WH-C,2022,2,5,1,370.0,0.078,0,0
2022-02-13,SKU004,Electronics,397,35.35,14033.95,830,1,WH-A,2022,2,6,1,387.2,0.025,0,397
2022-02-20,SKU004,Electronics,448,107.93,48352.64,413,0,WH-C,2022,2,7,1,411.8,0.088,0,0
2022-02-27,SKU004,Electronics,414,497.98,206163.72,937,0,WH-C,2022,2,8,1,414.5,-0.001,0,0
2022-03-06,SKU004,Electronics,380,436.63,165919.4,988,0,WH-A,2022,3,9,1,409.8,-0.073,0,0
2022-03-13,SKU004,Electronics,404,410.92,166011.68,510,0,WH-A,2022,3,10,1,411.5,-0.018,0,0
2022-03-20,SKU004,Electronics,374,488.23,182598.02,568,0,WH-A,2022,3,11,1,393.0,-0.048,0,0
2022-03-27,SKU004,Electronics,363,322.54,117082.02,716,1,WH-A,2022,3,12,1,380.2,-0.045,0,363
2022-04-03,SKU004,Electronics,345,119.41,41196.45,726,1,WH-A,2022,4,13,2,371.5,-0.071,0,345
2022-04-10,SKU004,Electronics,315,358.34,112877.1,735,0,WH-A,2022,4,14,2,349.2,-0.098,0,0
2022-04-17,SKU004,Electronics,364,327.56,119231.84,675,1,WH-B,2022,4,15,2,346.8,0.05,0,364
2022-04-24,SKU004,Electronics,326,422.77,137823.02,307,0,WH-A,2022,4,16,2,337.5,-0.034,0,0
2022-05-01,SKU004,Electronics,348,103.53,36028.44,435,0,WH-C,2022,5,17,2,338.2,0.029,0,0
2022-05-08,SKU004,Electronics,318,155.77,49534.86,917,0,WH-C,2022,5,18,2,339.0,-0.062,0,0
2022-05-15,SKU004,Electronics,271,161.91,43877.61,702,0,WH-B,2022,5,19,2,315.8,-0.142,0,0
2022-05-22,SKU004,Electronics,316,256.23,80968.68,513,0,WH-C,2022,5,20,2,313.2,0.009,0,0
2022-05-29,SKU004,Electronics,304,75.0,22800.0,89,0,WH-C,2022,5,21,2,302.2,0.006,0,0
2022-06-05,SKU004,Electronics,304,260.15,79085.6,110,0,WH-A,2022,6,22,2,298.8,0.017,0,0
2022-06-12,SKU004,Electronics,287,248.28,71256.36,246,0,WH-A,2022,6,23,2,302.8,-0.052,0,0
2022-06-19,SKU004,Electronics,340,287.89,97882.6,685,0,WH-A,2022,6,24,2,308.8,0.101,0,0
2022-06-26,SKU004,Electronics,278,71.58,19899.24,131,0,WH-C,2022,6,25,2,302.2,-0.08,0,0
2022-07-03,SKU004,Electronics,312,350.59,109384.08,643,0,WH-A,2022,7,26,3,304.2,0.026,0,0
2022-07-10,SKU004,Electronics,238,340.52,81043.76,88,0,WH-B,2022,7,27,3,292.0,-0.185,0,0
2022-07-17,SKU004,Electronics,285,44.51,12685.35,395,0,WH-B,2022,7,28,3,278.2,0.024,0,0
2022-07-24,SKU004,Electronics,264,154.79,40864.56,963,1,WH-B,2022,7,29,3,274.8,-0.039,0,264
2022-07-31,SKU004,Electronics,284,193.7,55010.8,291,0,WH-A,2022,7,30,3,267.8,0.06,0,0
2022-08-07,SKU004,Electronics,287,28.79,8262.73,286,1,WH-C,2022,8,31,3,280.0,0.025,0,287
2022-08-14,SKU004,Electronics,282,60.41,17035.62,181,1,WH-B,2022,8,32,3,279.2,0.01,0,282
2022-08-21,SKU004,Electronics,299,20.48,6123.52,308,0,WH-A,2022,8,33,3,288.0,0.038,0,0
2022-08-28,SKU004,Electronics,286,76.2,21793.2,303,0,WH-B,2022,8,34,3,288.5,-0.009,0,0
2022-09-04,SKU004,Electronics,244,176.06,42958.64,59,0,WH-B,2022,9,35,3,277.8,-0.122,0,0
2022-09-11,SKU004,Electronics,252,475.43,119808.36,917,0,WH-B,2022,9,36,3,270.2,-0.067,0,0
2022-09-18,SKU004,Electronics,202,387.2,78214.4,356,0,WH-B,2022,9,37,3,246.0,-0.179,0,0
2022-09-25,SKU004,Electronics,182,116.81,21259.42,536,0,WH-B,2022,9,38,3,220.0,-0.173,0,0
2022-10-02,SKU004,Electronics,195,51.57,10056.15,610,0,WH-C,2022,10,39,4,207.8,-0.062,0,0
2022-10-09,SKU004,Electronics,168,496.49,83410.32,618,0,WH-B,2022,10,40,4,186.8,-0.101,0,0
2022-10-16,SKU004,Electronics,174,323.64,56313.36,568,0,WH-C,2022,10,41,4,179.8,-0.032,0,0
2022-10-23,SKU004,Electronics,162,268.45,43488.9,806,0,WH-B,2022,10,42,4,174.8,-0.073,0,0
2022-10-30,SKU004,Electronics,199,232.93,46353.07,383,0,WH-C,2022,10,43,4,175.8,0.132,0,0
2022-11-06,SKU004,Electronics,151,408.49,61681.99,378,0,WH-C,2022,11,44,4,171.5,-0.12,0,0
2022-11-13,SKU004,Electronics,181,437.77,79236.37,606,0,WH-C,2022,11,45,4,173.2,0.045,0,0
2022-11-20,SKU004,Electronics,193,318.43,61456.99,22,0,WH-C,2022,11,46,4,181.0,0.066,1,0
2022-11-27,SKU004,Electronics,194,253.19,49118.86,238,0,WH-A,2022,11,47,4,179.8,0.079,0,0
2022-12-04,SKU004,Electronics,210,71.69,15054.9,997,0,WH-B,2022,12,48,4,194.5,0.08,0,0
2022-12-11,SKU004,Electronics,220,129.47,28483.4,391,0,WH-B,2022,12,49,4,204.2,0.077,0,0
2022-12-18,SKU004,Electronics,231,436.46,100822.26,278,0,WH-A,2022,12,50,4,213.8,0.08,0,0
2022-12-25,SKU004,Electronics,305,199.19,60752.95,318,0,WH-C,2022,12,51,4,241.5,0.263,0,0
2023-01-01,SKU004,Electronics,266,434.36,115539.76,914,0,WH-A,2023,1,52,1,255.5,0.041,0,0
2023-01-08,SKU004,Electronics,316,291.65,92161.4,648,0,WH-B,2023,1,1,1,279.5,0.131,0,0
2023-01-15,SKU004,Electronics,361,259.46,93665.06,139,0,WH-C,2023,1,2,1,312.0,0.157,0,0
2023-01-22,SKU004,Electronics,364,393.17,143113.88,848,1,WH-C,2023,1,3,1,326.8,0.114,0,364
2023-01-29,SKU004,Electronics,378,368.29,139213.62,390,0,WH-B,2023,1,4,1,354.8,0.065,0,0
2023-02-05,SKU004,Electronics,375,414.03,155261.25,652,0,WH-C,2023,2,5,1,369.5,0.015,0,0
2023-02-12,SKU004,Electronics,416,140.8,58572.8,384,1,WH-B,2023,2,6,1,383.2,0.086,0,416
2023-02-19,SKU004,Electronics,443,131.57,58285.51,318,0,WH-C,2023,2,7,1,403.0,0.099,0,0
2023-02-26,SKU004,Electronics,429,248.87,106765.23,389,1,WH-B,2023,2,8,1,415.8,0.032,0,429
2023-03-05,SKU004,Electronics,405,274.53,111184.65,453,0,WH-B,2023,3,9,1,423.2,-0.043,0,0
2023-03-12,SKU004,Electronics,446,54.23,24186.58,62,0,WH-A,2023,3,10,1,430.8,0.035,0,0
2023-03-19,SKU004,Electronics,391,194.12,75900.92,265,0,WH-A,2023,3,11,1,417.8,-0.064,0,0
2023-03-26,SKU004,Electronics,370,235.94,87297.8,967,0,WH-B,2023,3,12,1,403.0,-0.082,0,0
2023-04-02,SKU004,Electronics,391,285.13,111485.83,993,0,WH-C,2023,4,13,2,399.5,-0.021,0,0
2023-04-09,SKU004,Electronics,387,316.77,122589.99,976,0,WH-A,2023,4,14,2,384.8,0.006,0,0
2023-04-16,SKU004,Electronics,407,328.43,133671.01,542,0,WH-A,2023,4,15,2,388.8,0.047,0,0
2023-04-23,SKU004,Electronics,346,257.94,89247.24,98,0,WH-C,2023,4,16,2,382.8,-0.096,0,0
2023-04-30,SKU004,Electronics,331,36.54,12094.74,512,0,WH-C,2023,4,17,2,367.8,-0.1,0,0
2023-05-07,SKU004,Electronics,318,269.25,85621.5,743,0,WH-C,2023,5,18,2,350.5,-0.093,0,0
2023-05-14,SKU004,Electronics,322,131.96,42491.12,616,0,WH-C,2023,5,19,2,329.2,-0.022,0,0
2023-05-21,SKU004,Electronics,282,136.61,38524.02,488,0,WH-A,2023,5,20,2,313.2,-0.1,0,0
2023-05-28,SKU004,Electronics,274,35.67,9773.58,912,0,WH-C,2023,5,21,2,299.0,-0.084,0,0
2023-06-04,SKU004,Electronics,298,246.14,73349.72,58,0,WH-A,2023,6,22,2,294.0,0.014,0,0
2023-06-11,SKU004,Electronics,303,154.92,46940.76,19,0,WH-A,2023,6,23,2,289.2,0.048,1,0
2023-06-18,SKU004,Electronics,280,425.5,119140.0,969,0,WH-C,2023,6,24,2,288.8,-0.03,0,0
2023-06-25,SKU004,Electronics,307,69.98,21483.86,98,0,WH-C,2023,6,25,2,297.0,0.034,0,0
2023-07-02,SKU004,Electronics,291,470.78,136996.98,335,0,WH-C,2023,7,26,3,295.2,-0.014,0,0
2023-07-09,SKU004,Electronics,308,56.59,17429.72,284,0,WH-A,2023,7,27,3,296.5,0.039,0,0
2023-07-16,SKU004,Electronics,289,293.42,84798.38,445,0,WH-A,2023,7,28,3,298.8,-0.033,0,0
2023-07-23,SKU004,Electronics,326,179.69,58578.94,36,0,WH-A,2023,7,29,3,303.5,0.074,1,0
2023-07-30,SKU004,Electronics,273,256.36,69986.28,310,1,WH-C,2023,7,30,3,299.0,-0.087,0,273
2023-08-06,SKU004,Electronics,309,155.65,48095.85,957,0,WH-A,2023,8,31,3,299.2,0.033,0,0
2023-08-13,SKU004,Electronics,283,179.55,50812.65,520,0,WH-A,2023,8,32,3,297.8,-0.05,0,0
2023-08-20,SKU004,Electronics,317,293.3,92976.1,742,0,WH-A,2023,8,33,3,295.5,0.073,0,0
2023-08-27,SKU004,Electronics,331,79.04,26162.24,403,0,WH-A,2023,8,34,3,310.0,0.068,0,0
2023-09-03,SKU004,Electronics,257,344.08,88428.56,218,1,WH-A,2023,9,35,3,297.0,-0.135,0,257
2023-09-10,SKU004,Electronics,251,309.03,77566.53,907,1,WH-B,2023,9,36,3,289.0,-0.131,0,251
2023-09-17,SKU004,Electronics,283,247.79,70124.57,171,0,WH-B,2023,9,37,3,280.5,0.009,0,0
2023-09-24,SKU004,Electronics,239,101.57,24275.23,978,0,WH-C,2023,9,38,3,257.5,-0.072,0,0
2023-10-01,SKU004,Electronics,199,448.41,89233.59,473,0,WH-A,2023,10,39,4,243.0,-0.181,0,0
2023-10-08,SKU004,Electronics,200,249.13,49826.0,81,0,WH-C,2023,10,40,4,230.2,-0.131,0,0
2023-10-15,SKU004,Electronics,226,420.41,95012.66,683,1,WH-A,2023,10,41,4,216.0,0.046,0,226
2023-10-22,SKU004,Electronics,140,471.64,66029.6,708,0,WH-C,2023,10,42,4,191.2,-0.268,0,0
2023-10-29,SKU004,Electronics,170,345.05,58658.5,765,0,WH-A,2023,10,43,4,184.0,-0.076,0,0
2023-11-05,SKU004,Electronics,157,350.2,54981.4,184,0,WH-B,2023,11,44,4,173.2,-0.094,0,0
2023-11-12,SKU004,Electronics,203,105.71,21459.13,9,0,WH-C,2023,11,45,4,167.5,0.212,1,0
2023-11-19,SKU004,Electronics,205,249.39,51124.95,776,0,WH-B,2023,11,46,4,183.8,0.115,0,0
2023-11-26,SKU004,Electronics,209,126.84,26509.56,939,0,WH-A,2023,11,47,4,193.5,0.08,0,0
2023-12-03,SKU004,Electronics,190,253.22,48111.8,480,0,WH-B,2023,12,48,4,201.8,-0.058,0,0
2023-12-10,SKU004,Electronics,205,491.58,100773.9,874,0,WH-B,2023,12,49,4,202.2,0.014,0,0
2023-12-17,SKU004,Electronics,241,196.53,47363.73,435,0,WH-C,2023,12,50,4,211.2,0.141,0,0
2023-12-24,SKU004,Electronics,276,351.97,97143.72,103,0,WH-C,2023,12,51,4,228.0,0.211,0,0
2023-12-31,SKU004,Electronics,283,321.34,90939.22,349,0,WH-C,2023,12,52,4,251.2,0.127,0,0
2024-01-07,SKU004,Electronics,317,379.02,120149.34,482,0,WH-B,2024,1,1,1,279.2,0.135,0,0
2024-01-14,SKU004,Electronics,376,140.62,52873.12,161,0,WH-B,2024,1,2,1,313.0,0.201,0,0
2024-01-21,SKU004,Electronics,409,31.95,13067.55,840,0,WH-C,2024,1,3,1,346.2,0.181,0,0
2024-01-28,SKU004,Electronics,413,330.26,136397.38,23,0,WH-C,2024,1,4,1,378.8,0.09,1,0
2024-02-04,SKU004,Electronics,443,135.5,60026.5,182,0,WH-C,2024,2,5,1,410.2,0.08,0,0
2024-02-11,SKU004,Electronics,418,185.75,77643.5,793,0,WH-C,2024,2,6,1,420.8,-0.007,0,0
2024-02-18,SKU004,Electronics,410,72.94,29905.4,69,0,WH-C,2024,2,7,1,421.0,-0.026,0,0
2024-02-25,SKU004,Electronics,436,404.99,176575.64,209,0,WH-B,2024,2,8,1,426.8,0.022,0,0
2024-03-03,SKU004,Electronics,438,334.37,146454.06,308,0,WH-B,2024,3,9,1,425.5,0.029,0,0
2024-03-10,SKU004,Electronics,422,356.9,150611.8,246,0,WH-A,2024,3,10,1,426.5,-0.011,0,0
2024-03-17,SKU004,Electronics,422,198.28,83674.16,376,0,WH-A,2024,3,11,1,429.5,-0.017,0,0
2024-03-24,SKU004,Electronics,406,99.43,40368.58,999,0,WH-B,2024,3,12,1,422.0,-0.038,0,0
2024-03-31,SKU004,Electronics,433,259.54,112380.82,636,0,WH-C,2024,3,13,1,420.8,0.029,0,0
2024-04-07,SKU004,Electronics,384,129.19,49608.96,785,0,WH-B,2024,4,14,2,411.2,-0.066,0,0
2024-04-14,SKU004,Electronics,381,343.24,130774.44,634,0,WH-B,2024,4,15,2,401.0,-0.05,0,0
2024-04-21,SKU004,Electronics,342,91.31,31228.02,675,0,WH-A,2024,4,16,2,385.0,-0.112,0,0
2024-04-28,SKU004,Electronics,342,73.04,24979.68,139,0,WH-B,2024,4,17,2,362.2,-0.056,0,0
2024-05-05,SKU004,Electronics,290,176.88,51295.2,734,0,WH-A,2024,5,18,2,338.8,-0.144,0,0
2024-05-12,SKU004,Electronics,321,177.78,57067.38,942,0,WH-C,2024,5,19,2,323.8,-0.009,0,0
2024-05-19,SKU004,Electronics,319,123.87,39514.53,560,0,WH-A,2024,5,20,2,318.0,0.003,0,0
2024-05-26,SKU004,Electronics,264,417.82,110304.48,410,1,WH-C,2024,5,21,2,298.5,-0.116,0,264
2024-06-02,SKU004,Electronics,310,241.45,74849.5,516,0,WH-C,2024,6,22,2,303.5,0.021,0,0
2024-06-09,SKU004,Electronics,292,395.75,115559.0,17,0,WH-A,2024,6,23,2,296.2,-0.014,1,0
2024-06-16,SKU004,Electronics,304,234.37,71248.48,310,0,WH-B,2024,6,24,2,292.5,0.039,0,0
2024-06-23,SKU004,Electronics,333,228.52,76097.16,468,1,WH-A,2024,6,25,2,309.8,0.075,0,333
2024-06-30,SKU004,Electronics,321,189.56,60848.76,153,1,WH-A,2024,6,26,2,312.5,0.027,0,321
2024-07-07,SKU004,Electronics,297,29.11,8645.67,56,0,WH-B,2024,7,27,3,313.8,-0.054,0,0
2024-07-14,SKU004,Electronics,323,328.11,105979.53,202,0,WH-B,2024,7,28,3,318.5,0.014,0,0
2024-07-21,SKU004,Electronics,309,254.34,78591.06,413,1,WH-C,2024,7,29,3,312.5,-0.011,0,309
2024-07-28,SKU004,Electronics,293,115.06,33712.58,592,0,WH-A,2024,7,30,3,305.5,-0.041,0,0
2024-08-04,SKU004,Electronics,313,176.02,55094.26,680,1,WH-B,2024,8,31,3,309.5,0.011,0,313
2024-08-11,SKU004,Electronics,301,270.2,81330.2,9,0,WH-C,2024,8,32,3,304.0,-0.01,1,0
2024-08-18,SKU004,Electronics,314,434.84,136539.76,458,0,WH-B,2024,8,33,3,305.2,0.029,0,0
2024-08-25,SKU004,Electronics,305,196.99,60081.95,296,0,WH-C,2024,8,34,3,308.2,-0.01,0,0
2024-09-01,SKU004,Electronics,273,170.77,46620.21,890,1,WH-B,2024,9,35,3,298.2,-0.085,0,273
2024-09-08,SKU004,Electronics,246,460.45,113270.7,80,0,WH-C,2024,9,36,3,284.5,-0.135,0,0
2024-09-15,SKU004,Electronics,235,429.98,101045.3,41,0,WH-C,2024,9,37,3,264.8,-0.113,1,0
2024-09-22,SKU004,Electronics,229,375.87,86074.23,246,1,WH-C,2024,9,38,3,245.8,-0.068,0,229
2024-09-29,SKU004,Electronics,212,191.86,40674.32,562,0,WH-C,2024,9,39,3,230.5,-0.08,0,0
2024-10-06,SKU004,Electronics,220,33.25,7315.0,391,1,WH-B,2024,10,40,4,224.0,-0.018,0,220
2024-10-13,SKU004,Electronics,187,22.27,4164.49,946,0,WH-B,2024,10,41,4,212.0,-0.118,0,0
2024-10-20,SKU004,Electronics,201,64.5,12964.5,685,0,WH-A,2024,10,42,4,205.0,-0.02,0,0
2024-10-27,SKU004,Electronics,171,235.53,40275.63,392,0,WH-C,2024,10,43,4,194.8,-0.122,0,0
2024-11-03,SKU004,Electronics,173,476.02,82351.46,896,0,WH-C,2024,11,44,4,183.0,-0.055,0,0
2024-11-10,SKU004,Electronics,185,266.41,49285.85,892,0,WH-C,2024,11,45,4,182.5,0.014,0,0
2024-11-17,SKU004,Electronics,174,457.09,79533.66,30,0,WH-A,2024,11,46,4,175.8,-0.01,1,0
2024-11-24,SKU004,Electronics,172,314.12,54028.64,960,0,WH-B,2024,11,47,4,176.0,-0.023,0,0
2024-12-01,SKU004,Electronics,210,411.36,86385.6,80,0,WH-A,2024,12,48,4,185.2,0.134,0,0
2024-12-08,SKU004,Electronics,258,282.98,73008.84,250,0,WH-A,2024,12,49,4,203.5,0.268,0,0
2024-12-15,SKU004,Electronics,256,198.26,50754.56,621,0,WH-C,2024,12,50,4,224.0,0.143,0,0
2024-12-22,SKU004,Electronics,308,313.74,96631.92,43,0,WH-A,2024,12,51,4,258.0,0.194,1,0
2024-12-29,SKU004,Electronics,304,328.85,99970.4,513,0,WH-B,2024,12,52,4,281.5,0.08,0,0
2022-01-02,SKU005,Electronics,111,46.58,5170.38,462,0,WH-A,2022,1,52,1,111.0,0.0,0,0
2022-01-09,SKU005,Electronics,154,325.71,50159.34,707,0,WH-A,2022,1,1,1,132.5,0.162,0,0
2022-01-16,SKU005,Electronics,149,104.09,15509.41,783,0,WH-B,2022,1,2,1,138.0,0.08,0,0
2022-01-23,SKU005,Electronics,133,242.96,32313.68,432,0,WH-C,2022,1,3,1,136.8,-0.028,0,0
2022-01-30,SKU005,Electronics,201,311.24,62559.24,920,0,WH-A,2022,1,4,1,159.2,0.263,0,0
2022-02-06,SKU005,Electronics,153,226.57,34665.21,179,1,WH-A,2022,2,5,1,159.0,-0.038,0,153
2022-02-13,SKU005,Electronics,122,263.8,32183.6,399,0,WH-A,2022,2,6,1,152.2,-0.198,0,0
2022-02-20,SKU005,Electronics,173,170.14,29434.22,210,0,WH-B,2022,2,7,1,162.2,0.067,0,0
2022-02-27,SKU005,Electronics,157,189.4,29735.8,292,0,WH-B,2022,2,8,1,151.2,0.038,0,0
2022-03-06,SKU005,Electronics,168,180.38,30303.84,772,0,WH-A,2022,3,9,1,155.0,0.084,0,0
2022-03-13,SKU005,Electronics,153,256.87,39301.11,56,0,WH-A,2022,3,10,1,162.8,-0.06,0,0
2022-03-20,SKU005,Electronics,149,355.23,52929.27,287,0,WH-A,2022,3,11,1,156.8,-0.05,0,0
2022-03-27,SKU005,Electronics,177,98.78,17484.06,726,0,WH-B,2022,3,12,1,161.8,0.094,0,0
2022-04-03,SKU005,Electronics,160,61.48,9836.8,683,0,WH-A,2022,4,13,2,159.8,0.001,0,0
2022-04-10,SKU005,Electronics,116,442.29,51305.64,292,0,WH-C,2022,4,14,2,150.5,-0.229,0,0
2022-04-17,SKU005,Electronics,180,495.83,89249.4,147,0,WH-C,2022,4,15,2,158.2,0.138,0,0
2022-04-24,SKU005,Electronics,124,322.38,39975.12,127,0,WH-B,2022,4,16,2,145.0,-0.145,0,0
2022-05-01,SKU005,Electronics,155,456.22,70714.1,722,0,WH-C,2022,5,17,2,143.8,0.078,0,0
2022-05-08,SKU005,Electronics,151,86.01,12987.51,843,0,WH-B,2022,5,18,2,152.5,-0.01,0,0
2022-05-15,SKU005,Electronics,137,370.35,50737.95,89,0,WH-B,2022,5,19,2,141.8,-0.034,0,0
2022-05-22,SKU005,Electronics,122,46.26,5643.72,643,0,WH-A,2022,5,20,2,141.2,-0.136,0,0
2022-05-29,SKU005,Electronics,96,56.07,5382.72,834,1,WH-B,2022,5,21,2,126.5,-0.241,0,96
2022-06-05,SKU005,Electronics,152,167.73,25494.96,878,0,WH-B,2022,6,22,2,126.8,0.199,0,0
2022-06-12,SKU005,Electronics,122,209.52,25561.44,747,0,WH-C,2022,6,23,2,123.0,-0.008,0,0
2022-06-19,SKU005,Electronics,125,355.45,44431.25,357,0,WH-A,2022,6,24,2,123.8,0.01,0,0
2022-06-26,SKU005,Electronics,112,55.74,6242.88,739,0,WH-C,2022,6,25,2,127.8,-0.124,0,0
2022-07-03,SKU005,Electronics,140,106.23,14872.2,179,0,WH-B,2022,7,26,3,124.8,0.122,0,0
2022-07-10,SKU005,Electronics,128,458.19,58648.32,752,1,WH-A,2022,7,27,3,126.2,0.014,0,128
2022-07-17,SKU005,Electronics,123,392.38,48262.74,93,0,WH-A,2022,7,28,3,125.8,-0.022,0,0
2022-07-24,SKU005,Electronics,129,155.28,20031.12,682,0,WH-C,2022,7,29,3,130.0,-0.008,0,0
2022-07-31,SKU005,Electronics,136,191.67,26067.12,240,0,WH-C,2022,7,30,3,129.0,0.054,0,0
2022-08-07,SKU005,Electronics,125,289.92,36240.0,632,0,WH-B,2022,8,31,3,128.2,-0.025,0,0
2022-08-14,SKU005,Electronics,96,215.95,20731.2,800,0,WH-B,2022,8,32,3,121.5,-0.21,0,0
2022-08-21,SKU005,Electronics,137,28.69,3930.53,286,0,WH-B,2022,8,33,3,123.5,0.109,0,0
2022-08-28,SKU005,Electronics,115,172.7,19860.5,321,1,WH-A,2022,8,34,3,118.2,-0.027,0,115
2022-09-04,SKU005,Electronics,119,464.62,55289.78,980,0,WH-B,2022,9,35,3,116.8,0.019,0,0
2022-09-11,SKU005,Electronics,68,208.77,14196.36,905,0,WH-A,2022,9,36,3,109.8,-0.381,0,0
2022-09-18,SKU005,Electronics,102,378.32,38588.64,427,1,WH-A,2022,9,37,3,101.0,0.01,0,102
2022-09-25,SKU005,Electronics,110,178.79,19666.9,769,0,WH-C,2022,9,38,3,99.8,0.102,0,0
2022-10-02,SKU005,Electronics,68,276.04,18770.72,278,0,WH-B,2022,10,39,4,87.0,-0.218,0,0
2022-10-09,SKU005,Electronics,73,306.79,22395.67,482,0,WH-B,2022,10,40,4,88.2,-0.172,0,0
2022-10-16,SKU005,Electronics,83,106.79,8863.57,196,0,WH-C,2022,10,41,4,83.5,-0.006,0,0
2022-10-23,SKU005,Electronics,69,16.34,1127.46,508,0,WH-B,2022,10,42,4,73.2,-0.057,0,0
2022-10-30,SKU005,Electronics,84,251.07,21089.88,536,0,WH-C,2022,10,43,4,77.2,0.088,0,0
2022-11-06,SKU005,Electronics,76,33.99,2583.24,80,1,WH-B,2022,11,44,4,78.0,-0.026,0,76
2022-11-13,SKU005,Electronics,48,357.39,17154.72,4,1,WH-B,2022,11,45,4,69.2,-0.306,1,48
2022-11-20,SKU005,Electronics,83,106.54,8842.82,796,0,WH-C,2022,11,46,4,72.8,0.14,0,0
2022-11-27,SKU005,Electronics,107,299.18,32012.26,808,0,WH-B,2022,11,47,4,78.5,0.363,0,0
2022-12-04,SKU005,Electronics,86,219.07,18840.02,71,0,WH-B,2022,12,48,4,81.0,0.062,0,0
2022-12-11,SKU005,Electronics,94,14.1,1325.4,181,0,WH-C,2022,12,49,4,92.5,0.016,0,0
2022-12-18,SKU005,Electronics,112,232.67,26059.04,157,0,WH-A,2022,12,50,4,99.8,0.122,0,0
2022-12-25,SKU005,Electronics,105,90.29,9480.45,617,0,WH-A,2022,12,51,4,99.2,0.058,0,0
2023-01-01,SKU005,Electronics,128,313.63,40144.64,232,0,WH-B,2023,1,52,1,109.8,0.166,0,0
2023-01-08,SKU005,Electronics,143,201.01,28744.43,114,0,WH-B,2023,1,1,1,122.0,0.172,0,0
2023-01-15,SKU005,Electronics,135,453.66,61244.1,402,0,WH-A,2023,1,2,1,127.8,0.056,0,0
2023-01-22,SKU005,Electronics,133,447.18,59474.94,297,0,WH-C,2023,1,3,1,134.8,-0.013,0,0
2023-01-29,SKU005,Electronics,166,101.35,16824.1,909,0,WH-A,2023,1,4,1,144.2,0.151,0,0
2023-02-05,SKU005,Electronics,171,483.96,82757.16,996,1,WH-C,2023,2,5,1,151.2,0.131,0,171
2023-02-12,SKU005,Electronics,166,157.95,26219.7,324,0,WH-A,2023,2,6,1,159.0,0.044,0,0
2023-02-19,SKU005,Electronics,164,53.78,8819.92,100,0,WH-B,2023,2,7,1,166.8,-0.017,0,0
2023-02-26,SKU005,Electronics,177,207.37,36704.49,164,1,WH-A,2023,2,8,1,169.5,0.044,0,177
2023-03-05,SKU005,Electronics,174,232.67,40484.58,359,0,WH-B,2023,3,9,1,170.2,0.022,0,0
2023-03-12,SKU005,Electronics,172,343.16,59023.52,874,0,WH-A,2023,3,10,1,171.8,0.001,0,0
2023-03-19,SKU005,Electronics,169,335.67,56728.23,731,0,WH-A,2023,3,11,1,173.0,-0.023,0,0
2023-03-26,SKU005,Electronics,180,482.22,86799.6,535,0,WH-B,2023,3,12,1,173.8,0.036,0,0
2023-04-02,SKU005,Electronics,165,337.55,55695.75,320,0,WH-A,2023,4,13,2,171.5,-0.038,0,0
2023-04-09,SKU005,Electronics,141,157.64,22227.24,163,1,WH-C,2023,4,14,2,163.8,-0.139,0,141
2023-04-16,SKU005,Electronics,134,14.74,1975.16,21,0,WH-C,2023,4,15,2,155.0,-0.135,1,0
2023-04-23,SKU005,Electronics,128,437.71,56026.88,592,0,WH-C,2023,4,16,2,142.0,-0.099,0,0
2023-04-30,SKU005,Electronics,112,399.16,44705.92,657,0,WH-B,2023,4,17,2,128.8,-0.13,0,0
2023-05-07,SKU005,Electronics,123,282.56,34754.88,776,0,WH-B,2023,5,18,2,124.2,-0.01,0,0
2023-05-14,SKU005,Electronics,136,230.04,31285.44,913,0,WH-B,2023,5,19,2,124.8,0.09,0,0
2023-05-21,SKU005,Electronics,138,496.29,68488.02,647,0,WH-A,2023,5,20,2,127.2,0.085,0,0
2023-05-28,SKU005,Electronics,121,98.7,11942.7,341,1,WH-A,2023,5,21,2,129.5,-0.066,0,121
2023-06-04,SKU005,Electronics,99,20.25,2004.75,793,0,WH-A,2023,6,22,2,123.5,-0.198,0,0
2023-06-11,SKU005,Electronics,108,249.24,26917.92,674,1,WH-B,2023,6,23,2,116.5,-0.073,0,108
2023-06-18,SKU005,Electronics,129,376.73,48598.17,901,0,WH-C,2023,6,24,2,114.2,0.13,0,0
2023-06-25,SKU005,Electronics,125,155.42,19427.5,76,0,WH-A,2023,6,25,2,115.2,0.085,0,0
2023-07-02,SKU005,Electronics,108,442.34,47772.72,879,0,WH-A,2023,7,26,3,117.5,-0.081,0,0
2023-07-09,SKU005,Electronics,118,123.31,14550.58,478,0,WH-C,2023,7,27,3,120.0,-0.017,0,0
2023-07-16,SKU005,Electronics,119,307.21,36557.99,773,0,WH-C,2023,7,28,3,117.5,0.013,0,0
2023-07-23,SKU005,Electronics,114,262.39,29912.46,808,0,WH-C,2023,7,29,3,114.8,-0.007,0,0
2023-07-30,SKU005,Electronics,88,445.72,39223.36,349,0,WH-A,2023,7,30,3,109.8,-0.199,0,0
2023-08-06,SKU005,Electronics,100,394.66,39466.0,231,0,WH-A,2023,8,31,3,105.2,-0.049,0,0
2023-08-13,SKU005,Electronics,128,63.9,8179.2,446,1,WH-A,2023,8,32,3,107.5,0.191,0,128
2023-08-20,SKU005,Electronics,132,232.67,30712.44,308,0,WH-C,2023,8,33,3,112.0,0.179,0,0
2023-08-27,SKU005,Electronics,70,310.55,21738.5,455,0,WH-B,2023,8,34,3,107.5,-0.349,0,0
2023-09-03,SKU005,Electronics,129,484.01,62437.29,615,0,WH-C,2023,9,35,3,114.8,0.124,0,0
2023-09-10,SKU005,Electronics,124,113.27,14045.48,199,1,WH-C,2023,9,36,3,113.8,0.09,0,124
2023-09-17,SKU005,Electronics,74,379.15,28057.1,579,0,WH-B,2023,9,37,3,99.2,-0.254,0,0
2023-09-24,SKU005,Electronics,79,101.61,8027.19,878,0,WH-A,2023,9,38,3,101.5,-0.222,0,0
2023-10-01,SKU005,Electronics,125,127.59,15948.75,452,0,WH-B,2023,10,39,4,100.5,0.244,0,0
2023-10-08,SKU005,Electronics,63,24.24,1527.12,201,0,WH-B,2023,10,40,4,85.2,-0.261,0,0
2023-10-15,SKU005,Electronics,70,325.83,22808.1,662,0,WH-A,2023,10,41,4,84.2,-0.169,0,0
2023-10-22,SKU005,Electronics,53,142.16,7534.48,897,0,WH-A,2023,10,42,4,77.8,-0.319,0,0
2023-10-29,SKU005,Electronics,94,197.42,18557.48,883,0,WH-A,2023,10,43,4,70.0,0.343,0,0
2023-11-05,SKU005,Electronics,75,438.04,32853.0,482,0,WH-A,2023,11,44,4,73.0,0.027,0,0
2023-11-12,SKU005,Electronics,80,152.86,12228.8,547,0,WH-B,2023,11,45,4,75.5,0.06,0,0
2023-11-19,SKU005,Electronics,72,257.4,18532.8,603,0,WH-B,2023,11,46,4,80.2,-0.102,0,0
2023-11-26,SKU005,Electronics,63,193.36,12181.68,981,0,WH-B,2023,11,47,4,72.5,-0.131,0,0
2023-12-03,SKU005,Electronics,66,207.8,13714.8,316,0,WH-A,2023,12,48,4,70.2,-0.06,0,0
2023-12-10,SKU005,Electronics,117,307.23,35945.91,615,1,WH-C,2023,12,49,4,79.5,0.472,0,117
2023-12-17,SKU005,Electronics,118,50.85,6000.3,312,0,WH-C,2023,12,50,4,91.0,0.297,0,0
2023-12-24,SKU005,Electronics,131,237.32,31088.92,728,1,WH-A,2023,12,51,4,108.0,0.213,0,131
2023-12-31,SKU005,Electronics,120,226.59,27190.8,277,0,WH-A,2023,12,52,4,121.5,-0.012,0,0
2024-01-07,SKU005,Electronics,127,373.32,47411.64,986,0,WH-C,2024,1,1,1,124.0,0.024,0,0
2024-01-14,SKU005,Electronics,134,494.41,66250.94,129,0,WH-C,2024,1,2,1,128.0,0.047,0,0
2024-01-21,SKU005,Electronics,122,42.46,5180.12,375,0,WH-C,2024,1,3,1,125.8,-0.03,0,0
2024-01-28,SKU005,Electronics,172,418.37,71959.64,893,1,WH-B,2024,1,4,1,138.8,0.239,0,172
2024-02-04,SKU005,Electronics,156,206.02,32139.12,886,1,WH-A,2024,2,5,1,146.0,0.068,0,156
2024-02-11,SKU005,Electronics,198,302.7,59934.6,312,1,WH-C,2024,2,6,1,162.0,0.222,0,198
2024-02-18,SKU005,Electronics,162,39.96,6473.52,348,0,WH-B,2024,2,7,1,172.0,-0.058,0,0
2024-02-25,SKU005,Electronics,170,152.63,25947.1,699,0,WH-C,2024,2,8,1,171.5,-0.009,0,0
2024-03-03,SKU005,Electronics,164,207.87,34090.68,906,0,WH-C,2024,3,9,1,173.5,-0.055,0,0
2024-03-10,SKU005,Electronics,185,206.24,38154.4,667,0,WH-A,2024,3,10,1,170.2,0.087,0,0
2024-03-17,SKU005,Electronics,136,451.66,61425.76,212,0,WH-C,2024,3,11,1,163.8,-0.17,0,0
2024-03-24,SKU005,Electronics,186,113.36,21084.96,948,1,WH-A,2024,3,12,1,167.8,0.108,0,186
2024-03-31,SKU005,Electronics,166,391.31,64957.46,550,0,WH-C,2024,3,13,1,168.2,-0.013,0,0
2024-04-07,SKU005,Electronics,160,141.81,22689.6,548,0,WH-C,2024,4,14,2,162.0,-0.012,0,0
2024-04-14,SKU005,Electronics,113,453.63,51260.19,373,0,WH-C,2024,4,15,2,156.2,-0.277,0,0
2024-04-21,SKU005,Electronics,137,361.46,49520.02,803,0,WH-B,2024,4,16,2,144.0,-0.049,0,0
2024-04-28,SKU005,Electronics,137,272.95,37394.15,571,1,WH-A,2024,4,17,2,136.8,0.001,0,137
2024-05-05,SKU005,Electronics,93,211.61,19679.73,25,0,WH-A,2024,5,18,2,120.0,-0.225,1,0
2024-05-12,SKU005,Electronics,122,250.97,30618.34,368,1,WH-C,2024,5,19,2,122.2,-0.002,0,122
2024-05-19,SKU005,Electronics,136,373.19,50753.84,335,0,WH-A,2024,5,20,2,122.0,0.115,0,0
2024-05-26,SKU005,Electronics,104,317.72,33042.88,310,0,WH-C,2024,5,21,2,113.8,-0.086,0,0
2024-06-02,SKU005,Electronics,84,236.34,19852.56,346,0,WH-C,2024,6,22,2,111.5,-0.247,0,0
2024-06-09,SKU005,Electronics,101,42.12,4254.12,254,0,WH-B,2024,6,23,2,106.2,-0.049,0,0
2024-06-16,SKU005,Electronics,85,454.23,38609.55,259,0,WH-A,2024,6,24,2,93.5,-0.091,0,0
2024-06-23,SKU005,Electronics,105,382.0,40110.0,901,0,WH-B,2024,6,25,2,93.8,0.119,0,0
2024-06-30,SKU005,Electronics,123,155.21,19090.83,371,0,WH-C,2024,6,26,2,103.5,0.188,0,0
2024-07-07,SKU005,Electronics,111,223.83,24845.13,481,0,WH-B,2024,7,27,3,106.0,0.047,0,0
2024-07-14,SKU005,Electronics,121,44.04,5328.84,453,0,WH-C,2024,7,28,3,115.0,0.052,0,0
2024-07-21,SKU005,Electronics,142,48.63,6905.46,746,0,WH-C,2024,7,29,3,124.2,0.143,0,0
2024-07-28,SKU005,Electronics,157,107.85,16932.45,924,0,WH-C,2024,7,30,3,132.8,0.182,0,0
2024-08-04,SKU005,Electronics,126,80.23,10108.98,798,0,WH-A,2024,8,31,3,136.5,-0.077,0,0
2024-08-11,SKU005,Electronics,113,158.66,17928.58,644,0,WH-A,2024,8,32,3,134.5,-0.16,0,0
2024-08-18,SKU005,Electronics,139,402.03,55882.17,620,0,WH-C,2024,8,33,3,133.8,0.039,0,0
2024-08-25,SKU005,Electronics,86,480.01,41280.86,454,0,WH-B,2024,8,34,3,116.0,-0.259,0,0
2024-09-01,SKU005,Electronics,89,119.98,10678.22,880,0,WH-C,2024,9,35,3,106.8,-0.167,0,0
2024-09-08,SKU005,Electronics,104,201.6,20966.4,161,0,WH-A,2024,9,36,3,104.5,-0.005,0,0
2024-09-15,SKU005,Electronics,106,395.54,41927.24,592,0,WH-A,2024,9,37,3,96.2,0.102,0,0
2024-09-22,SKU005,Electronics,92,389.12,35799.04,134,0,WH-B,2024,9,38,3,97.8,-0.059,0,0
2024-09-29,SKU005,Electronics,92,187.83,17280.36,740,0,WH-B,2024,9,39,3,98.5,-0.066,0,0
2024-10-06,SKU005,Electronics,44,414.57,18241.08,389,0,WH-C,2024,10,40,4,83.5,-0.473,0,0
2024-10-13,SKU005,Electronics,69,229.3,15821.7,883,0,WH-C,2024,10,41,4,74.2,-0.07,0,0
2024-10-20,SKU005,Electronics,70,413.76,28963.2,735,0,WH-B,2024,10,42,4,68.8,0.017,0,0
2024-10-27,SKU005,Electronics,53,299.41,15868.73,107,0,WH-C,2024,10,43,4,59.0,-0.102,0,0
2024-11-03,SKU005,Electronics,71,369.66,26245.86,223,0,WH-C,2024,11,44,4,65.8,0.079,0,0
2024-11-10,SKU005,Electronics,57,333.2,18992.4,328,0,WH-A,2024,11,45,4,62.8,-0.092,0,0
2024-11-17,SKU005,Electronics,116,269.99,31318.84,540,0,WH-B,2024,11,46,4,74.2,0.563,0,0
2024-11-24,SKU005,Electronics,84,18.03,1514.52,651,1,WH-B,2024,11,47,4,82.0,0.024,0,84
2024-12-01,SKU005,Electronics,80,261.59,20927.2,702,1,WH-C,2024,12,48,4,84.2,-0.05,0,80
2024-12-08,SKU005,Electronics,82,351.66,28836.12,528,1,WH-B,2024,12,49,4,90.5,-0.094,0,82
2024-12-15,SKU005,Electronics,67,99.1,6639.7,706,1,WH-C,2024,12,50,4,78.2,-0.143,0,67
2024-12-22,SKU005,Electronics,117,201.08,23526.36,85,0,WH-C,2024,12,51,4,86.5,0.353,0,0
2024-12-29,SKU005,Electronics,147,392.68,57723.96,39,0,WH-C,2024,12,52,4,103.2,0.424,1,0
2022-01-02,SKU006,Electronics,72,265.84,19140.48,216,0,WH-B,2022,1,52,1,72.0,0.0,0,0
2022-01-09,SKU006,Electronics,91,489.97,44587.27,561,0,WH-C,2022,1,1,1,81.5,0.117,0,0
2022-01-16,SKU006,Electronics,60,302.87,18172.2,191,0,WH-C,2022,1,2,1,74.3,-0.192,0,0
2022-01-23,SKU006,Electronics,124,23.65,2932.6,167,0,WH-B,2022,1,3,1,86.8,0.429,0,0
2022-01-30,SKU006,Electronics,132,487.48,64347.36,906,0,WH-B,2022,1,4,1,101.8,0.297,0,0
2022-02-06,SKU006,Electronics,134,95.66,12818.44,510,0,WH-A,2022,2,5,1,112.5,0.191,0,0
2022-02-13,SKU006,Electronics,119,295.74,35193.06,804,0,WH-C,2022,2,6,1,127.2,-0.064,0,0
2022-02-20,SKU006,Electronics,95,289.83,27533.85,367,0,WH-B,2022,2,7,1,120.0,-0.208,0,0
2022-02-27,SKU006,Electronics,111,208.92,23190.12,553,0,WH-C,2022,2,8,1,114.8,-0.033,0,0
2022-03-06,SKU006,Electronics,139,271.72,37769.08,304,0,WH-C,2022,3,9,1,116.0,0.198,0,0
2022-03-13,SKU006,Electronics,130,398.51,51806.3,841,0,WH-C,2022,3,10,1,118.8,0.094,0,0
2022-03-20,SKU006,Electronics,130,78.62,10220.6,187,0,WH-A,2022,3,11,1,127.5,0.02,0,0
2022-03-27,SKU006,Electronics,117,397.04,46453.68,510,0,WH-B,2022,3,12,1,129.0,-0.093,0,0
2022-04-03,SKU006,Electronics,100,156.07,15607.0,80,1,WH-C,2022,4,13,2,119.2,-0.161,0,100
2022-04-10,SKU006,Electronics,145,394.25,57166.25,630,0,WH-C,2022,4,14,2,123.0,0.179,0,0
2022-04-17,SKU006,Electronics,141,156.96,22131.36,246,0,WH-C,2022,4,15,2,125.8,0.121,0,0
2022-04-24,SKU006,Electronics,135,443.64,59891.4,297,0,WH-A,2022,4,16,2,130.2,0.037,0,0
2022-05-01,SKU006,Electronics,90,480.43,43238.7,324,0,WH-A,2022,5,17,2,127.8,-0.296,0,0
2022-05-08,SKU006,Electronics,108,185.63,20048.04,404,0,WH-A,2022,5,18,2,118.5,-0.089,0,0
2022-05-15,SKU006,Electronics,69,257.63,17776.47,172,0,WH-C,2022,5,19,2,100.5,-0.313,0,0
2022-05-22,SKU006,Electronics,62,294.52,18260.24,408,0,WH-B,2022,5,20,2,82.2,-0.246,0,0
2022-05-29,SKU006,Electronics,117,22.31,2610.27,599,0,WH-B,2022,5,21,2,89.0,0.315,0,0
2022-06-05,SKU006,Electronics,69,244.66,16881.54,564,0,WH-B,2022,6,22,2,79.2,-0.129,0,0
2022-06-12,SKU006,Electronics,93,312.47,29059.71,300,0,WH-B,2022,6,23,2,85.2,0.092,0,0
2022-06-19,SKU006,Electronics,62,315.66,19570.92,6,0,WH-A,2022,6,24,2,85.2,-0.272,1,0
2022-06-26,SKU006,Electronics,50,133.7,6685.0,966,0,WH-A,2022,6,25,2,68.5,-0.27,0,0
2022-07-03,SKU006,Electronics,71,184.57,13104.47,187,0,WH-B,2022,7,26,3,69.0,0.029,0,0
2022-07-10,SKU006,Electronics,107,295.02,31567.14,922,0,WH-C,2022,7,27,3,72.5,0.476,0,0
2022-07-17,SKU006,Electronics,59,276.38,16306.42,153,1,WH-B,2022,7,28,3,71.8,-0.178,0,59
2022-07-24,SKU006,Electronics,98,60.97,5975.06,337,0,WH-C,2022,7,29,3,83.8,0.169,0,0
2022-07-31,SKU006,Electronics,109,386.31,42107.79,565,0,WH-A,2022,7,30,3,93.2,0.17,0,0
2022-08-07,SKU006,Electronics,78,258.69,20177.82,357,1,WH-A,2022,8,31,3,86.0,-0.093,0,78
2022-08-14,SKU006,Electronics,97,456.94,44323.18,248,0,WH-A,2022,8,32,3,95.5,0.016,0,0
2022-08-21,SKU006,Electronics,119,34.0,4046.0,489,1,WH-A,2022,8,33,3,100.8,0.181,0,119
2022-08-28,SKU006,Electronics,110,392.77,43204.7,50,0,WH-C,2022,8,34,3,101.0,0.089,0,0
2022-09-04,SKU006,Electronics,52,452.89,23550.28,248,0,WH-C,2022,9,35,3,94.5,-0.45,0,0
2022-09-11,SKU006,Electronics,68,194.47,13223.96,449,0,WH-A,2022,9,36,3,87.2,-0.22,0,0
2022-09-18,SKU006,Electronics,49,15.34,751.66,681,0,WH-B,2022,9,37,3,69.8,-0.298,0,0
2022-09-25,SKU006,Electronics,67,160.06,10724.02,524,0,WH-A,2022,9,38,3,59.0,0.136,0,0
2022-10-02,SKU006,Electronics,79,177.73,14040.67,752,0,WH-B,2022,10,39,4,65.8,0.201,0,0
2022-10-09,SKU006,Electronics,62,27.34,1695.08,377,0,WH-A,2022,10,40,4,64.2,-0.034,0,0
2022-10-16,SKU006,Electronics,62,42.61,2641.82,988,0,WH-C,2022,10,41,4,67.5,-0.081,0,0
2022-10-23,SKU006,Electronics,70,257.79,18045.3,116,0,WH-A,2022,10,42,4,68.2,0.026,0,0
2022-10-30,SKU006,Electronics,49,193.3,9471.7,283,0,WH-A,2022,10,43,4,60.8,-0.194,0,0
2022-11-06,SKU006,Electronics,64,278.49,17823.36,519,0,WH-C,2022,11,44,4,61.2,0.046,0,0
2022-11-13,SKU006,Electronics,74,198.9,14718.6,60,0,WH-A,2022,11,45,4,64.2,0.153,0,0
2022-11-20,SKU006,Electronics,27,165.83,4477.41,836,0,WH-C,2022,11,46,4,53.5,-0.495,0,0
2022-11-27,SKU006,Electronics,18,332.7,5988.6,214,1,WH-A,2022,11,47,4,45.8,-0.607,0,18
2022-12-04,SKU006,Electronics,63,448.99,28286.37,508,0,WH-A,2022,12,48,4,45.5,0.385,0,0
2022-12-11,SKU006,Electronics,70,465.67,32596.9,400,0,WH-B,2022,12,49,4,44.5,0.573,0,0
2022-12-18,SKU006,Electronics,103,271.46,27960.38,622,0,WH-A,2022,12,50,4,63.5,0.622,0,0
2022-12-25,SKU006,Electronics,84,154.91,13012.44,564,0,WH-C,2022,12,51,4,80.0,0.05,0,0
2023-01-01,SKU006,Electronics,116,156.23,18122.68,685,0,WH-C,2023,1,52,1,93.2,0.245,0,0
2023-01-08,SKU006,Electronics,123,33.05,4065.15,773,0,WH-B,2023,1,1,1,106.5,0.155,0,0
2023-01-15,SKU006,Electronics,105,440.15,46215.75,19,0,WH-A,2023,1,2,1,107.0,-0.019,1,0
2023-01-22,SKU006,Electronics,96,66.9,6422.4,86,0,WH-A,2023,1,3,1,110.0,-0.127,0,0
2023-01-29,SKU006,Electronics,140,293.02,41022.8,135,0,WH-A,2023,1,4,1,116.0,0.207,0,0
2023-02-05,SKU006,Electronics,151,278.45,42045.95,251,0,WH-B,2023,2,5,1,123.0,0.228,0,0
2023-02-12,SKU006,Electronics,154,44.77,6894.58,182,0,WH-C,2023,2,6,1,135.2,0.139,0,0
2023-02-19,SKU006,Electronics,136,34.38,4675.68,235,0,WH-C,2023,2,7,1,145.2,-0.063,0,0
2023-02-26,SKU006,Electronics,165,459.16,75761.4,927,0,WH-A,2023,2,8,1,151.5,0.089,0,0
2023-03-05,SKU006,Electronics,162,38.66,6262.92,631,0,WH-C,2023,3,9,1,154.2,0.051,0,0
2023-03-12,SKU006,Electronics,145,253.3,36728.5,988,1,WH-C,2023,3,10,1,152.0,-0.046,0,145
2023-03-19,SKU006,Electronics,152,93.01,14137.52,507,0,WH-C,2023,3,11,1,156.0,-0.026,0,0
2023-03-26,SKU006,Electronics,110,51.24,5636.4,665,0,WH-A,2023,3,12,1,142.2,-0.226,0,0
2023-04-02,SKU006,Electronics,109,18.79,2048.11,573,0,WH-C,2023,4,13,2,129.0,-0.155,0,0
2023-04-09,SKU006,Electronics,113,330.45,37340.85,542,0,WH-C,2023,4,14,2,121.0,-0.066,0,0
2023-04-16,SKU006,Electronics,114,349.87,39885.18,372,0,WH-A,2023,4,15,2,111.5,0.022,0,0
2023-04-23,SKU006,Electronics,101,294.69,29763.69,513,0,WH-A,2023,4,16,2,109.2,-0.075,0,0
2023-04-30,SKU006,Electronics,84,245.58,20628.72,301,0,WH-B,2023,4,17,2,103.0,-0.184,0,0
2023-05-07,SKU006,Electronics,76,347.6,26417.6,886,0,WH-A,2023,5,18,2,93.8,-0.19,0,0
2023-05-14,SKU006,Electronics,51,96.78,4935.78,425,1,WH-B,2023,5,19,2,78.0,-0.346,0,51
2023-05-21,SKU006,Electronics,82,211.2,17318.4,457,0,WH-B,2023,5,20,2,73.2,0.12,0,0
2023-05-28,SKU006,Electronics,108,265.84,28710.72,742,0,WH-A,2023,5,21,2,79.2,0.364,0,0
2023-06-04,SKU006,Electronics,114,175.58,20016.12,144,1,WH-C,2023,6,22,2,88.8,0.284,0,114
2023-06-11,SKU006,Electronics,56,327.56,18343.36,921,0,WH-A,2023,6,23,2,90.0,-0.378,0,0
2023-06-18,SKU006,Electronics,99,105.24,10418.76,537,1,WH-A,2023,6,24,2,94.2,0.051,0,99
2023-06-25,SKU006,Electronics,89,180.29,16045.81,762,0,WH-B,2023,6,25,2,89.5,-0.006,0,0
2023-07-02,SKU006,Electronics,81,440.46,35677.26,392,0,WH-C,2023,7,26,3,81.2,-0.002,0,0
2023-07-09,SKU006,Electronics,67,253.55,16987.85,242,0,WH-C,2023,7,27,3,84.0,-0.202,0,0
2023-07-16,SKU006,Electronics,79,107.33,8479.07,245,1,WH-B,2023,7,28,3,79.0,0.0,0,79
2023-07-23,SKU006,Electronics,103,491.6,50634.8,288,0,WH-C,2023,7,29,3,82.5,0.248,0,0
2023-07-30,SKU006,Electronics,70,407.96,28557.2,657,0,WH-B,2023,7,30,3,79.8,-0.123,0,0
2023-08-06,SKU006,Electronics,74,172.53,12767.22,119,0,WH-B,2023,8,31,3,81.5,-0.092,0,0
2023-08-13,SKU006,Electronics,132,128.86,17009.52,615,0,WH-B,2023,8,32,3,94.8,0.392,0,0
2023-08-20,SKU006,Electronics,127,265.84,33761.68,127,0,WH-C,2023,8,33,3,100.8,0.26,0,0
2023-08-27,SKU006,Electronics,89,341.12,30359.68,778,0,WH-B,2023,8,34,3,105.5,-0.156,0,0
2023-09-03,SKU006,Electronics,79,474.79,37508.41,376,0,WH-A,2023,9,35,3,106.8,-0.26,0,0
2023-09-10,SKU006,Electronics,105,444.58,46680.9,770,0,WH-B,2023,9,36,3,100.0,0.05,0,0
2023-09-17,SKU006,Electronics,64,494.0,31616.0,891,0,WH-B,2023,9,37,3,84.2,-0.24,0,0
2023-09-24,SKU006,Electronics,20,249.4,4988.0,36,0,WH-B,2023,9,38,3,67.0,-0.701,1,0
2023-10-01,SKU006,Electronics,56,177.2,9923.2,945,1,WH-C,2023,10,39,4,61.2,-0.085,0,56
2023-10-08,SKU006,Electronics,94,355.06,33375.64,71,0,WH-C,2023,10,40,4,58.5,0.607,0,0
2023-10-15,SKU006,Electronics,63,47.62,3000.06,740,1,WH-B,2023,10,41,4,58.2,0.082,0,63
2023-10-22,SKU006,Electronics,58,137.92,7999.36,487,0,WH-B,2023,10,42,4,67.8,-0.145,0,0
2023-10-29,SKU006,Electronics,17,467.52,7947.84,857,0,WH-C,2023,10,43,4,58.0,-0.707,0,0
2023-11-05,SKU006,Electronics,50,445.89,22294.5,216,0,WH-A,2023,11,44,4,47.0,0.064,0,0
2023-11-12,SKU006,Electronics,45,346.95,15612.75,841,0,WH-A,2023,11,45,4,42.5,0.059,0,0
2023-11-19,SKU006,Electronics,33,214.52,7079.16,933,1,WH-B,2023,11,46,4,36.2,-0.088,0,33
2023-11-26,SKU006,Electronics,78,261.61,20405.58,816,0,WH-C,2023,11,47,4,51.5,0.515,0,0
2023-12-03,SKU006,Electronics,95,72.71,6907.45,816,0,WH-C,2023,12,48,4,62.8,0.513,0,0
2023-12-10,SKU006,Electronics,67,55.17,3696.39,39,0,WH-B,2023,12,49,4,68.2,-0.018,1,0
2023-12-17,SKU006,Electronics,67,348.64,23358.88,443,0,WH-A,2023,12,50,4,76.8,-0.128,0,0
2023-12-24,SKU006,Electronics,104,194.79,20258.16,545,0,WH-B,2023,12,51,4,83.2,0.25,0,0
2023-12-31,SKU006,Electronics,98,404.08,39599.84,592,0,WH-A,2023,12,52,4,84.0,0.167,0,0
2024-01-07,SKU006,Electronics,118,21.35,2519.3,353,0,WH-C,2024,1,1,1,96.8,0.219,0,0
2024-01-14,SKU006,Electronics,96,125.99,12095.04,580,0,WH-C,2024,1,2,1,104.0,-0.077,0,0
2024-01-21,SKU006,Electronics,121,88.95,10762.95,786,0,WH-B,2024,1,3,1,108.2,0.118,0,0
2024-01-28,SKU006,Electronics,137,359.56,49259.72,206,0,WH-B,2024,1,4,1,118.0,0.161,0,0
2024-02-04,SKU006,Electronics,91,92.69,8434.79,224,0,WH-B,2024,2,5,1,111.2,-0.182,0,0
2024-02-11,SKU006,Electronics,131,470.36,61617.16,170,1,WH-C,2024,2,6,1,120.0,0.092,0,131
2024-02-18,SKU006,Electronics,121,467.94,56620.74,82,0,WH-A,2024,2,7,1,120.0,0.008,0,0
2024-02-25,SKU006,Electronics,124,247.84,30732.16,144,0,WH-B,2024,2,8,1,116.8,0.062,0,0
2024-03-03,SKU006,Electronics,124,310.96,38559.04,175,0,WH-C,2024,3,9,1,125.0,-0.008,0,0
2024-03-10,SKU006,Electronics,142,115.3,16372.6,954,0,WH-A,2024,3,10,1,127.8,0.111,0,0
2024-03-17,SKU006,Electronics,104,400.38,41639.52,154,0,WH-C,2024,3,11,1,123.5,-0.158,0,0
2024-03-24,SKU006,Electronics,109,373.33,40692.97,727,0,WH-A,2024,3,12,1,119.8,-0.09,0,0
2024-03-31,SKU006,Electronics,118,398.87,47066.66,498,0,WH-C,2024,3,13,1,118.2,-0.002,0,0
2024-04-07,SKU006,Electronics,122,311.01,37943.22,74,0,WH-C,2024,4,14,2,113.2,0.078,0,0
2024-04-14,SKU006,Electronics,146,92.1,13446.6,509,0,WH-B,2024,4,15,2,123.8,0.179,0,0
2024-04-21,SKU006,Electronics,127,371.38,47165.26,574,0,WH-A,2024,4,16,2,128.2,-0.009,0,0
2024-04-28,SKU006,Electronics,76,404.04,30707.04,252,0,WH-C,2024,4,17,2,117.8,-0.355,0,0
2024-05-05,SKU006,Electronics,102,285.85,29156.7,711,0,WH-A,2024,5,18,2,112.8,-0.096,0,0
2024-05-12,SKU006,Electronics,87,181.78,15814.86,804,0,WH-C,2024,5,19,2,98.0,-0.112,0,0
2024-05-19,SKU006,Electronics,91,293.77,26733.07,755,0,WH-A,2024,5,20,2,89.0,0.022,0,0
2024-05-26,SKU006,Electronics,68,369.2,25105.6,797,0,WH-C,2024,5,21,2,87.0,-0.218,0,0
2024-06-02,SKU006,Electronics,80,469.59,37567.2,786,0,WH-C,2024,6,22,2,81.5,-0.018,0,0
2024-06-09,SKU006,Electronics,92,322.09,29632.28,621,0,WH-B,2024,6,23,2,82.8,0.111,0,0
2024-06-16,SKU006,Electronics,134,326.28,43721.52,272,0,WH-B,2024,6,24,2,93.5,0.433,0,0
2024-06-23,SKU006,Electronics,76,433.46,32942.96,218,0,WH-C,2024,6,25,2,95.5,-0.204,0,0
2024-06-30,SKU006,Electronics,76,20.43,1552.68,654,0,WH-C,2024,6,26,2,94.5,-0.196,0,0
2024-07-07,SKU006,Electronics,133,300.42,39955.86,454,0,WH-A,2024,7,27,3,104.8,0.269,0,0
2024-07-14,SKU006,Electronics,101,265.84,26849.84,23,1,WH-C,2024,7,28,3,96.5,0.047,1,101
2024-07-21,SKU006,Electronics,98,169.08,16569.84,705,1,WH-A,2024,7,29,3,102.0,-0.039,0,98
2024-07-28,SKU006,Electronics,87,273.77,23817.99,751,1,WH-A,2024,7,30,3,104.8,-0.17,0,87
2024-08-04,SKU006,Electronics,73,321.96,23503.08,322,0,WH-B,2024,8,31,3,89.8,-0.187,0,0
2024-08-11,SKU006,Electronics,90,216.07,19446.3,290,0,WH-C,2024,8,32,3,87.0,0.034,0,0
2024-08-18,SKU006,Electronics,61,482.41,29427.01,136,1,WH-A,2024,8,33,3,77.8,-0.216,0,61
2024-08-25,SKU006,Electronics,63,63.12,3976.56,444,1,WH-A,2024,8,34,3,71.8,-0.123,0,63
2024-09-01,SKU006,Electronics,84,63.0,5292.0,722,0,WH-C,2024,9,35,3,74.5,0.128,0,0
2024-09-08,SKU006,Electronics,99,409.91,40581.09,955,0,WH-B,2024,9,36,3,76.8,0.289,0,0
2024-09-15,SKU006,Electronics,99,220.53,21832.47,6,0,WH-C,2024,9,37,3,86.2,0.148,1,0
2024-09-22,SKU006,Electronics,64,243.25,15568.0,724,0,WH-A,2024,9,38,3,86.5,-0.26,0,0
2024-09-29,SKU006,Electronics,76,139.54,10605.04,499,0,WH-C,2024,9,39,3,84.5,-0.101,0,0
2024-10-06,SKU006,Electronics,62,18.96,1175.52,137,1,WH-B,2024,10,40,4,75.2,-0.176,0,62
2024-10-13,SKU006,Electronics,47,264.1,12412.7,999,0,WH-C,2024,10,41,4,62.2,-0.244,0,0
2024-10-20,SKU006,Electronics,61,461.78,28168.58,364,0,WH-C,2024,10,42,4,61.5,-0.008,0,0
2024-10-27,SKU006,Electronics,64,483.77,30961.28,131,0,WH-A,2024,10,43,4,58.5,0.094,0,0
2024-11-03,SKU006,Electronics,20,265.84,5316.8,301,0,WH-C,2024,11,44,4,48.0,-0.583,0,0
2024-11-10,SKU006,Electronics,88,483.19,42520.72,647,1,WH-C,2024,11,45,4,58.2,0.512,0,88
2024-11-17,SKU006,Electronics,41,424.48,17403.68,410,0,WH-C,2024,11,46,4,53.2,-0.229,0,0
2024-11-24,SKU006,Electronics,65,259.25,16851.25,414,1,WH-B,2024,11,47,4,53.5,0.215,0,65
2024-12-01,SKU006,Electronics,74,378.46,28006.04,997,0,WH-A,2024,12,48,4,67.0,0.104,0,0
2024-12-08,SKU006,Electronics,64,481.31,30803.84,510,0,WH-A,2024,12,49,4,61.0,0.049,0,0
2024-12-15,SKU006,Electronics,82,167.29,13717.78,985,0,WH-B,2024,12,50,4,71.2,0.152,0,0
2024-12-22,SKU006,Electronics,71,443.09,31459.39,558,1,WH-A,2024,12,51,4,72.8,-0.025,0,71
2024-12-29,SKU006,Electronics,74,184.13,13625.62,94,0,WH-B,2024,12,52,4,72.8,0.016,0,0
2022-01-02,SKU007,Electronics,244,145.01,35382.44,725,0,WH-B,2022,1,52,1,244.0,0.0,0,0
2022-01-09,SKU007,Electronics,247,138.04,34095.88,970,0,WH-A,2022,1,1,1,245.5,0.006,0,0
2022-01-16,SKU007,Electronics,264,461.64,121872.96,73,0,WH-B,2022,1,2,1,251.7,0.049,0,0
2022-01-23,SKU007,Electronics,343,126.56,43410.08,571,0,WH-C,2022,1,3,1,274.5,0.25,0,0
2022-01-30,SKU007,Electronics,268,110.48,29608.64,58,0,WH-C,2022,1,4,1,280.5,-0.045,0,0
2022-02-06,SKU007,Electronics,353,262.46,92648.38,11,0,WH-B,2022,2,5,1,307.0,0.15,1,0
2022-02-13,SKU007,Electronics,322,61.6,19835.2,348,0,WH-C,2022,2,6,1,321.5,0.002,0,0
2022-02-20,SKU007,Electronics,244,315.49,76979.56,996,0,WH-A,2022,2,7,1,296.8,-0.178,0,0
2022-02-27,SKU007,Electronics,320,265.14,84844.8,237,1,WH-C,2022,2,8,1,309.8,0.033,0,320
2022-03-06,SKU007,Electronics,353,394.68,139322.04,417,0,WH-A,2022,3,9,1,309.8,0.139,0,0
2022-03-13,SKU007,Electronics,318,151.28,48107.04,159,0,WH-C,2022,3,10,1,308.8,0.03,0,0
2022-03-20,SKU007,Electronics,354,263.0,93102.0,165,0,WH-A,2022,3,11,1,336.2,0.053,0,0
2022-03-27,SKU007,Electronics,311,216.43,67309.73,109,0,WH-C,2022,3,12,1,334.0,-0.069,0,0
2022-04-03,SKU007,Electronics,325,340.84,110773.0,385,0,WH-A,2022,4,13,2,327.0,-0.006,0,0
2022-04-10,SKU007,Electronics,298,486.74,145048.52,493,0,WH-A,2022,4,14,2,322.0,-0.075,0,0
2022-04-17,SKU007,Electronics,295,77.54,22874.3,967,0,WH-B,2022,4,15,2,307.2,-0.04,0,0
2022-04-24,SKU007,Electronics,286,36.68,10490.48,22,0,WH-C,2022,4,16,2,301.0,-0.05,1,0
2022-05-01,SKU007,Electronics,278,420.4,116871.2,162,0,WH-C,2022,5,17,2,289.2,-0.039,0,0
2022-05-08,SKU007,Electronics,278,382.36,106296.08,609,0,WH-C,2022,5,18,2,284.2,-0.022,0,0
2022-05-15,SKU007,Electronics,233,60.64,14129.12,699,0,WH-A,2022,5,19,2,268.8,-0.133,0,0
2022-05-22,SKU007,Electronics,238,221.52,52721.76,3,0,WH-B,2022,5,20,2,256.8,-0.073,1,0
2022-05-29,SKU007,Electronics,197,349.64,68879.08,464,0,WH-C,2022,5,21,2,236.5,-0.167,0,0
2022-06-05,SKU007,Electronics,213,267.07,56885.91,423,0,WH-A,2022,6,22,2,220.2,-0.033,0,0
2022-06-12,SKU007,Electronics,257,289.28,74344.96,443,0,WH-A,2022,6,23,2,226.2,0.136,0,0
2022-06-19,SKU007,Electronics,250,432.92,108230.0,655,0,WH-C,2022,6,24,2,229.2,0.091,0,0
2022-06-26,SKU007,Electronics,201,249.54,50157.54,903,0,WH-C,2022,6,25,2,230.2,-0.127,0,0
2022-07-03,SKU007,Electronics,271,24.85,6734.35,850,0,WH-B,2022,7,26,3,244.8,0.107,0,0
2022-07-10,SKU007,Electronics,257,42.28,10865.96,756,0,WH-A,2022,7,27,3,244.8,0.05,0,0
2022-07-17,SKU007,Electronics,288,349.45,100641.6,751,0,WH-B,2022,7,28,3,254.2,0.133,0,0
2022-07-24,SKU007,Electronics,248,294.77,73102.96,92,0,WH-B,2022,7,29,3,266.0,-0.068,0,0
2022-07-31,SKU007,Electronics,238,36.63,8717.94,510,1,WH-B,2022,7,30,3,257.8,-0.077,0,238
2022-08-07,SKU007,Electronics,244,128.82,31432.08,435,0,WH-C,2022,8,31,3,254.5,-0.041,0,0
2022-08-14,SKU007,Electronics,240,409.74,98337.6,633,0,WH-C,2022,8,32,3,242.5,-0.01,0,0
2022-08-21,SKU007,Electronics,259,16.59,4296.81,623,0,WH-A,2022,8,33,3,245.2,0.056,0,0
2022-08-28,SKU007,Electronics,213,352.11,74999.43,995,0,WH-C,2022,8,34,3,239.0,-0.109,0,0
2022-09-04,SKU007,Electronics,228,35.38,8066.64,265,0,WH-C,2022,9,35,3,235.0,-0.03,0,0
2022-09-11,SKU007,Electronics,226,330.95,74794.7,430,0,WH-A,2022,9,36,3,231.5,-0.024,0,0
2022-09-18,SKU007,Electronics,201,243.07,48857.07,313,0,WH-A,2022,9,37,3,217.0,-0.074,0,0
2022-09-25,SKU007,Electronics,183,115.79,21189.57,163,0,WH-C,2022,9,38,3,209.5,-0.126,0,0
2022-10-02,SKU007,Electronics,198,423.36,83825.28,591,0,WH-B,2022,10,39,4,202.0,-0.02,0,0
2022-10-09,SKU007,Electronics,158,13.58,2145.64,428,0,WH-A,2022,10,40,4,185.0,-0.146,0,0
2022-10-16,SKU007,Electronics,129,408.03,52635.87,277,0,WH-C,2022,10,41,4,167.0,-0.228,0,0
2022-10-23,SKU007,Electronics,142,20.47,2906.74,985,0,WH-B,2022,10,42,4,156.8,-0.094,0,0
2022-10-30,SKU007,Electronics,154,231.47,35646.38,69,1,WH-C,2022,10,43,4,145.8,0.056,0,154
2022-11-06,SKU007,Electronics,137,478.89,65607.93,307,1,WH-C,2022,11,44,4,140.5,-0.025,0,137
2022-11-13,SKU007,Electronics,153,245.79000000000002,37605.87,621,1,WH-A,2022,11,45,4,146.5,0.044,0,153
2022-11-20,SKU007,Electronics,165,86.71,14307.15,262,0,WH-A,2022,11,46,4,152.2,0.084,0,0
2022-11-27,SKU007,Electronics,134,150.99,20232.66,973,0,WH-C,2022,11,47,4,147.2,-0.09,0,0
2022-12-04,SKU007,Electronics,134,345.19,46255.46,296,0,WH-C,2022,12,48,4,146.5,-0.085,0,0
2022-12-11,SKU007,Electronics,179,321.93,57625.47,378,0,WH-C,2022,12,49,4,153.0,0.17,0,0
2022-12-18,SKU007,Electronics,192,140.45,26966.4,468,0,WH-B,2022,12,50,4,159.8,0.202,0,0
2022-12-25,SKU007,Electronics,241,311.24,75008.84,8,0,WH-B,2022,12,51,4,186.5,0.292,1,0
2023-01-01,SKU007,Electronics,244,162.3,39601.2,735,0,WH-B,2023,1,52,1,214.0,0.14,0,0
2023-01-08,SKU007,Electronics,244,41.62,10155.28,506,0,WH-A,2023,1,1,1,230.2,0.06,0,0
2023-01-15,SKU007,Electronics,293,188.54,55242.22,517,0,WH-B,2023,1,2,1,255.5,0.147,0,0
2023-01-22,SKU007,Electronics,297,374.5,111226.5,61,1,WH-A,2023,1,3,1,269.5,0.102,0,297
2023-01-29,SKU007,Electronics,329,61.92,20371.68,947,0,WH-C,2023,1,4,1,290.8,0.131,0,0
2023-02-05,SKU007,Electronics,320,482.32,154342.4,490,0,WH-C,2023,2,5,1,309.8,0.033,0,0
2023-02-12,SKU007,Electronics,353,321.71,113563.63,351,0,WH-C,2023,2,6,1,324.8,0.087,0,0
2023-02-19,SKU007,Electronics,345,19.14,6603.3,680,0,WH-B,2023,2,7,1,336.8,0.024,0,0
2023-02-26,SKU007,Electronics,335,69.8,23383.0,609,0,WH-A,2023,2,8,1,338.2,-0.009,0,0
2023-03-05,SKU007,Electronics,361,72.2,26064.2,777,0,WH-A,2023,3,9,1,348.5,0.036,0,0
2023-03-12,SKU007,Electronics,332,71.62,23777.84,235,0,WH-C,2023,3,10,1,343.2,-0.033,0,0
2023-03-19,SKU007,Electronics,355,250.02,88757.1,437,1,WH-C,2023,3,11,1,345.8,0.027,0,355
2023-03-26,SKU007,Electronics,332,387.44,128630.08,959,0,WH-A,2023,3,12,1,345.0,-0.038,0,0
2023-04-02,SKU007,Electronics,313,241.7,75652.1,426,0,WH-B,2023,4,13,2,333.0,-0.06,0,0
2023-04-09,SKU007,Electronics,320,222.63,71241.6,764,0,WH-B,2023,4,14,2,330.0,-0.03,0,0
2023-04-16,SKU007,Electronics,294,383.64,112790.16,494,0,WH-A,2023,4,15,2,314.8,-0.066,0,0
2023-04-23,SKU007,Electronics,276,138.19,38140.44,448,0,WH-B,2023,4,16,2,300.8,-0.082,0,0
2023-04-30,SKU007,Electronics,258,366.12,94458.96,509,0,WH-B,2023,4,17,2,287.0,-0.101,0,0
2023-05-07,SKU007,Electronics,287,215.88,61957.56,762,0,WH-A,2023,5,18,2,278.8,0.029,0,0
2023-05-14,SKU007,Electronics,259,276.34,71572.06,806,1,WH-B,2023,5,19,2,270.0,-0.041,0,259
2023-05-21,SKU007,Electronics,231,453.4,104735.4,352,0,WH-A,2023,5,20,2,258.8,-0.107,0,0
2023-05-28,SKU007,Electronics,252,11.66,2938.32,622,0,WH-C,2023,5,21,2,257.2,-0.02,0,0
2023-06-04,SKU007,Electronics,245,37.83,9268.35,547,0,WH-B,2023,6,22,2,246.8,-0.007,0,0
2023-06-11,SKU007,Electronics,223,270.34,60285.82,136,0,WH-A,2023,6,23,2,237.8,-0.062,0,0
2023-06-18,SKU007,Electronics,251,99.96,25089.96,255,0,WH-A,2023,6,24,2,242.8,0.034,0,0
2023-06-25,SKU007,Electronics,244,222.81,54365.64,618,0,WH-B,2023,6,25,2,240.8,0.013,0,0
2023-07-02,SKU007,Electronics,263,66.05,17371.15,100,0,WH-B,2023,7,26,3,245.2,0.073,0,0
2023-07-09,SKU007,Electronics,229,115.43,26433.47,173,1,WH-A,2023,7,27,3,246.8,-0.072,0,229
2023-07-16,SKU007,Electronics,275,473.84,130306.0,831,0,WH-C,2023,7,28,3,252.8,0.088,0,0
2023-07-23,SKU007,Electronics,244,266.91,65126.04,863,0,WH-A,2023,7,29,3,252.8,-0.035,0,0
2023-07-30,SKU007,Electronics,268,209.08,56033.44,496,1,WH-B,2023,7,30,3,254.0,0.055,0,268
2023-08-06,SKU007,Electronics,231,75.99,17553.69,606,0,WH-B,2023,8,31,3,254.5,-0.092,0,0
2023-08-13,SKU007,Electronics,269,485.98,130728.62,693,0,WH-A,2023,8,32,3,253.0,0.063,0,0
2023-08-20,SKU007,Electronics,243,194.37,47231.91,765,0,WH-C,2023,8,33,3,252.8,-0.039,0,0
2023-08-27,SKU007,Electronics,245,245.72,60201.4,992,0,WH-B,2023,8,34,3,247.0,-0.008,0,0
2023-09-03,SKU007,Electronics,211,25.47,5374.17,26,0,WH-C,2023,9,35,3,242.0,-0.128,1,0
2023-09-10,SKU007,Electronics,240,245.86,59006.4,0,0,WH-A,2023,9,36,3,234.8,0.022,1,0
2023-09-17,SKU007,Electronics,181,314.35,56897.35,610,0,WH-C,2023,9,37,3,219.2,-0.174,0,0
2023-09-24,SKU007,Electronics,172,288.12,49556.64,255,0,WH-B,2023,9,38,3,201.0,-0.144,0,0
2023-10-01,SKU007,Electronics,171,79.3,13560.3,652,0,WH-C,2023,10,39,4,191.0,-0.105,0,0
2023-10-08,SKU007,Electronics,173,38.89,6727.97,450,0,WH-A,2023,10,40,4,174.2,-0.007,0,0
2023-10-15,SKU007,Electronics,149,194.08,28917.92,842,0,WH-B,2023,10,41,4,166.2,-0.103,0,0
2023-10-22,SKU007,Electronics,96,139.96,13436.16,748,0,WH-B,2023,10,42,4,147.2,-0.348,0,0
2023-10-29,SKU007,Electronics,141,172.28,24291.48,751,0,WH-A,2023,10,43,4,139.8,0.009,0,0
2023-11-05,SKU007,Electronics,159,217.65,34606.35,793,1,WH-C,2023,11,44,4,136.2,0.167,0,159
2023-11-12,SKU007,Electronics,118,192.8,22750.4,529,0,WH-C,2023,11,45,4,128.5,-0.082,0,0
2023-11-19,SKU007,Electronics,244,167.47,40862.68,551,0,WH-A,2023,11,46,4,165.5,0.474,0,0
2023-11-26,SKU007,Electronics,172,438.78,75470.16,720,0,WH-C,2023,11,47,4,173.2,-0.007,0,0
2023-12-03,SKU007,Electronics,169,245.79000000000002,41538.51,153,0,WH-C,2023,12,48,4,175.8,-0.039,0,0
2023-12-10,SKU007,Electronics,227,491.16,111493.32,71,0,WH-B,2023,12,49,4,203.0,0.118,0,0
2023-12-17,SKU007,Electronics,217,79.48,17247.16,507,0,WH-C,2023,12,50,4,196.2,0.106,0,0
2023-12-24,SKU007,Electronics,214,84.19,18016.66,464,0,WH-C,2023,12,51,4,206.8,0.035,0,0
2023-12-31,SKU007,Electronics,250,310.82,77705.0,882,0,WH-B,2023,12,52,4,227.0,0.101,0,0
2024-01-07,SKU007,Electronics,297,290.86,86385.42,338,0,WH-C,2024,1,1,1,244.5,0.215,0,0
2024-01-14,SKU007,Electronics,316,487.28,153980.48,963,0,WH-A,2024,1,2,1,269.2,0.174,0,0
2024-01-21,SKU007,Electronics,339,245.79000000000002,83322.81,198,0,WH-A,2024,1,3,1,300.5,0.128,0,0
2024-01-28,SKU007,Electronics,371,29.38,10899.98,86,1,WH-C,2024,1,4,1,330.8,0.122,0,371
2024-02-04,SKU007,Electronics,300,455.67,136701.0,214,0,WH-B,2024,2,5,1,331.5,-0.095,0,0
2024-02-11,SKU007,Electronics,380,143.07,54366.6,685,0,WH-B,2024,2,6,1,347.5,0.094,0,0
2024-02-18,SKU007,Electronics,391,465.01,181818.91,983,0,WH-C,2024,2,7,1,360.5,0.085,0,0
2024-02-25,SKU007,Electronics,391,12.27,4797.57,79,0,WH-A,2024,2,8,1,365.5,0.07,0,0
2024-03-03,SKU007,Electronics,381,464.44,176951.64,605,0,WH-A,2024,3,9,1,385.8,-0.012,0,0
2024-03-10,SKU007,Electronics,337,245.95,82885.15,164,0,WH-C,2024,3,10,1,375.0,-0.101,0,0
2024-03-17,SKU007,Electronics,343,483.0,165669.0,720,0,WH-A,2024,3,11,1,363.0,-0.055,0,0
2024-03-24,SKU007,Electronics,363,229.55,83326.65,587,0,WH-A,2024,3,12,1,356.0,0.02,0,0
2024-03-31,SKU007,Electronics,338,94.84,32055.92,659,0,WH-A,2024,3,13,1,345.2,-0.021,0,0
2024-04-07,SKU007,Electronics,302,384.62,116155.24,556,0,WH-B,2024,4,14,2,336.5,-0.103,0,0
2024-04-14,SKU007,Electronics,328,375.23,123075.44,96,0,WH-A,2024,4,15,2,332.8,-0.014,0,0
2024-04-21,SKU007,Electronics,312,279.23,87119.76,127,1,WH-C,2024,4,16,2,320.0,-0.025,0,312
2024-04-28,SKU007,Electronics,243,335.68,81570.24,655,0,WH-A,2024,4,17,2,296.2,-0.18,0,0
2024-05-05,SKU007,Electronics,231,263.84,60947.04,963,0,WH-C,2024,5,18,2,278.5,-0.171,0,0
2024-05-12,SKU007,Electronics,240,182.24,43737.6,864,0,WH-C,2024,5,19,2,256.5,-0.064,0,0
2024-05-19,SKU007,Electronics,211,268.46,56645.06,600,1,WH-A,2024,5,20,2,231.2,-0.087,0,211
2024-05-26,SKU007,Electronics,239,249.62,59659.18,337,0,WH-C,2024,5,21,2,230.2,0.038,0,0
2024-06-02,SKU007,Electronics,266,57.85,15388.1,215,0,WH-A,2024,6,22,2,239.0,0.113,0,0
2024-06-09,SKU007,Electronics,246,346.7,85288.2,969,0,WH-A,2024,6,23,2,240.5,0.023,0,0
2024-06-16,SKU007,Electronics,268,225.32,60385.76,633,0,WH-A,2024,6,24,2,254.8,0.052,0,0
2024-06-23,SKU007,Electronics,264,27.96,7381.44,68,0,WH-A,2024,6,25,2,261.0,0.011,0,0
2024-06-30,SKU007,Electronics,234,344.72,80664.48,274,1,WH-C,2024,6,26,2,253.0,-0.075,0,234
2024-07-07,SKU007,Electronics,278,429.82,119489.96,471,1,WH-C,2024,7,27,3,261.0,0.065,0,278
2024-07-14,SKU007,Electronics,267,317.83,84860.61,750,1,WH-B,2024,7,28,3,260.8,0.024,0,267
2024-07-21,SKU007,Electronics,235,379.14,89097.9,290,0,WH-B,2024,7,29,3,253.5,-0.073,0,0
2024-07-28,SKU007,Electronics,287,370.03,106198.61,988,0,WH-A,2024,7,30,3,266.8,0.076,0,0
2024-08-04,SKU007,Electronics,247,39.34,9716.98,516,0,WH-C,2024,8,31,3,259.0,-0.046,0,0
2024-08-11,SKU007,Electronics,222,123.62,27443.64,140,0,WH-B,2024,8,32,3,247.8,-0.104,0,0
2024-08-18,SKU007,Electronics,239,493.32,117903.48,437,0,WH-A,2024,8,33,3,248.8,-0.039,0,0
2024-08-25,SKU007,Electronics,233,256.91,59860.03,307,0,WH-A,2024,8,34,3,235.2,-0.009,0,0
2024-09-01,SKU007,Electronics,223,107.14,23892.22,332,0,WH-C,2024,9,35,3,229.2,-0.027,0,0
2024-09-08,SKU007,Electronics,195,241.38,47069.1,598,0,WH-B,2024,9,36,3,222.5,-0.124,0,0
2024-09-15,SKU007,Electronics,228,389.28,88755.84,557,1,WH-B,2024,9,37,3,219.8,0.037,0,228
2024-09-22,SKU007,Electronics,210,455.74,95705.4,710,0,WH-A,2024,9,38,3,214.0,-0.019,0,0
2024-09-29,SKU007,Electronics,149,290.05,43217.45,369,0,WH-C,2024,9,39,3,195.5,-0.238,0,0
2024-10-06,SKU007,Electronics,161,38.79,6245.19,494,0,WH-C,2024,10,40,4,187.0,-0.139,0,0
2024-10-13,SKU007,Electronics,194,97.21,18858.74,23,0,WH-A,2024,10,41,4,178.5,0.087,1,0
2024-10-20,SKU007,Electronics,132,195.76,25840.32,372,0,WH-C,2024,10,42,4,159.0,-0.17,0,0
2024-10-27,SKU007,Electronics,137,287.06,39327.22,875,1,WH-A,2024,10,43,4,156.0,-0.122,0,137
2024-11-03,SKU007,Electronics,106,491.89,52140.34,459,0,WH-C,2024,11,44,4,142.2,-0.255,0,0
2024-11-10,SKU007,Electronics,129,293.55,37867.95,187,0,WH-B,2024,11,45,4,126.0,0.024,0,0
2024-11-17,SKU007,Electronics,101,56.32,5688.32,906,0,WH-A,2024,11,46,4,118.2,-0.146,0,0
2024-11-24,SKU007,Electronics,149,26.96,4017.04,345,0,WH-B,2024,11,47,4,121.2,0.229,0,0
2024-12-01,SKU007,Electronics,189,495.79,93704.31,100,0,WH-A,2024,12,48,4,142.0,0.331,0,0
2024-12-08,SKU007,Electronics,216,410.51,88670.16,501,0,WH-C,2024,12,49,4,163.8,0.319,0,0
2024-12-15,SKU007,Electronics,210,98.33,20649.3,428,0,WH-C,2024,12,50,4,191.0,0.099,0,0
2024-12-22,SKU007,Electronics,213,297.71,63412.23,436,0,WH-C,2024,12,51,4,207.0,0.029,0,0
2024-12-29,SKU007,Electronics,230,448.38,103127.4,483,0,WH-C,2024,12,52,4,217.2,0.059,0,0
2022-01-02,SKU008,Electronics,181,123.55,22362.55,346,0,WH-B,2022,1,52,1,181.0,0.0,0,0
2022-01-09,SKU008,Electronics,155,359.63,55742.65,594,0,WH-A,2022,1,1,1,168.0,-0.077,0,0
2022-01-16,SKU008,Electronics,175,405.5,70962.5,477,1,WH-B,2022,1,2,1,170.3,0.028,0,175
2022-01-23,SKU008,Electronics,197,41.64,8203.08,732,0,WH-C,2022,1,3,1,177.0,0.113,0,0
2022-01-30,SKU008,Electronics,231,255.75,59078.25,552,0,WH-C,2022,1,4,1,189.5,0.219,0,0
2022-02-06,SKU008,Electronics,206,55.28,11387.68,405,0,WH-A,2022,2,5,1,202.2,0.019,0,0
2022-02-13,SKU008,Electronics,220,212.85,46827.0,804,0,WH-A,2022,2,6,1,213.5,0.03,0,0
2022-02-20,SKU008,Electronics,269,18.39,4946.91,195,0,WH-C,2022,2,7,1,231.5,0.162,0,0
2022-02-27,SKU008,Electronics,251,443.12,111223.12,784,0,WH-B,2022,2,8,1,236.5,0.061,0,0
2022-03-06,SKU008,Electronics,230,392.98,90385.4,610,0,WH-C,2022,3,9,1,242.5,-0.052,0,0
2022-03-13,SKU008,Electronics,242,266.2,64420.4,202,0,WH-C,2022,3,10,1,248.0,-0.024,0,0
2022-03-20,SKU008,Electronics,227,326.08,74020.16,184,0,WH-C,2022,3,11,1,237.5,-0.044,0,0
2022-03-27,SKU008,Electronics,240,275.06,66014.4,503,0,WH-C,2022,3,12,1,234.8,0.022,0,0
2022-04-03,SKU008,Electronics,221,283.25,62598.25,615,0,WH-B,2022,4,13,2,232.5,-0.049,0,0
2022-04-10,SKU008,Electronics,203,345.68,70173.04,280,0,WH-B,2022,4,14,2,222.8,-0.089,0,0
2022-04-17,SKU008,Electronics,168,476.47,80046.96,927,1,WH-B,2022,4,15,2,208.0,-0.192,0,168
2022-04-24,SKU008,Electronics,182,497.03,90459.46,189,0,WH-A,2022,4,16,2,193.5,-0.059,0,0
2022-05-01,SKU008,Electronics,153,26.78,4097.34,732,0,WH-B,2022,5,17,2,176.5,-0.133,0,0
2022-05-08,SKU008,Electronics,181,425.38,76993.78,460,0,WH-C,2022,5,18,2,171.0,0.058,0,0
2022-05-15,SKU008,Electronics,202,257.05,51924.1,608,0,WH-A,2022,5,19,2,179.5,0.125,0,0
2022-05-22,SKU008,Electronics,157,89.76,14092.32,129,0,WH-B,2022,5,20,2,173.2,-0.094,0,0
2022-05-29,SKU008,Electronics,165,325.7,53740.5,312,0,WH-A,2022,5,21,2,176.2,-0.064,0,0
2022-06-05,SKU008,Electronics,148,255.2,37769.6,319,0,WH-A,2022,6,22,2,168.0,-0.119,0,0
2022-06-12,SKU008,Electronics,198,186.46,36919.08,130,0,WH-C,2022,6,23,2,167.0,0.186,0,0
2022-06-19,SKU008,Electronics,177,310.75,55002.75,654,0,WH-A,2022,6,24,2,172.0,0.029,0,0
2022-06-26,SKU008,Electronics,166,21.44,3559.04,529,0,WH-C,2022,6,25,2,172.2,-0.036,0,0
2022-07-03,SKU008,Electronics,172,486.94,83753.68,967,0,WH-A,2022,7,26,3,178.2,-0.035,0,0
2022-07-10,SKU008,Electronics,150,471.93,70789.5,289,1,WH-B,2022,7,27,3,166.2,-0.097,0,150
2022-07-17,SKU008,Electronics,131,120.34,15764.54,896,0,WH-C,2022,7,28,3,154.8,-0.154,0,0
2022-07-24,SKU008,Electronics,172,173.86,29903.92,764,0,WH-B,2022,7,29,3,156.2,0.101,0,0
2022-07-31,SKU008,Electronics,167,231.97,38738.99,103,0,WH-B,2022,7,30,3,155.0,0.077,0,0
2022-08-07,SKU008,Electronics,177,237.37,42014.49,229,0,WH-A,2022,8,31,3,161.8,0.094,0,0
2022-08-14,SKU008,Electronics,176,152.59,26855.84,427,1,WH-B,2022,8,32,3,173.0,0.017,0,176
2022-08-21,SKU008,Electronics,152,274.12,41666.24,392,0,WH-A,2022,8,33,3,168.0,-0.095,0,0
2022-08-28,SKU008,Electronics,188,438.12,82366.56,568,0,WH-B,2022,8,34,3,173.2,0.085,0,0
2022-09-04,SKU008,Electronics,124,279.99,34718.76,636,0,WH-B,2022,9,35,3,160.0,-0.225,0,0
2022-09-11,SKU008,Electronics,114,63.11,7194.54,65,1,WH-B,2022,9,36,3,144.5,-0.211,0,114
2022-09-18,SKU008,Electronics,127,479.76,60929.52,490,1,WH-C,2022,9,37,3,138.2,-0.081,0,127
2022-09-25,SKU008,Electronics,135,382.71,51665.85,429,0,WH-A,2022,9,38,3,125.0,0.08,0,0
2022-10-02,SKU008,Electronics,137,301.36,41286.32,591,1,WH-C,2022,10,39,4,128.2,0.069,0,137
2022-10-09,SKU008,Electronics,125,105.04,13130.0,851,1,WH-A,2022,10,40,4,131.0,-0.046,0,125
2022-10-16,SKU008,Electronics,115,322.06,37036.9,929,0,WH-A,2022,10,41,4,128.0,-0.102,0,0
2022-10-23,SKU008,Electronics,102,19.8,2019.6,140,0,WH-B,2022,10,42,4,119.8,-0.149,0,0
2022-10-30,SKU008,Electronics,140,116.14,16259.6,3,1,WH-C,2022,10,43,4,120.5,0.162,1,140
2022-11-06,SKU008,Electronics,112,349.29,39120.48,512,0,WH-A,2022,11,44,4,117.2,-0.044,0,0
2022-11-13,SKU008,Electronics,110,294.94,32443.4,183,0,WH-B,2022,11,45,4,116.0,-0.052,0,0
2022-11-20,SKU008,Electronics,125,436.88,54610.0,357,0,WH-A,2022,11,46,4,121.8,0.026,0,0
2022-11-27,SKU008,Electronics,88,340.26,29942.88,959,0,WH-A,2022,11,47,4,108.8,-0.191,0,0
2022-12-04,SKU008,Electronics,138,184.35,25440.3,838,0,WH-C,2022,12,48,4,115.2,0.198,0,0
2022-12-11,SKU008,Electronics,126,166.1,20928.6,104,1,WH-A,2022,12,49,4,119.2,0.057,0,126
2022-12-18,SKU008,Electronics,177,142.68,25254.36,454,0,WH-A,2022,12,50,4,132.2,0.339,0,0
2022-12-25,SKU008,Electronics,128,359.68,46039.04,957,0,WH-A,2022,12,51,4,142.2,-0.1,0,0
2023-01-01,SKU008,Electronics,139,86.5,12023.5,894,0,WH-B,2023,1,52,1,142.5,-0.025,0,0
2023-01-08,SKU008,Electronics,176,372.43,65547.68,770,0,WH-A,2023,1,1,1,155.0,0.135,0,0
2023-01-15,SKU008,Electronics,197,122.09,24051.73,28,0,WH-B,2023,1,2,1,160.0,0.231,1,0
2023-01-22,SKU008,Electronics,206,72.11,14854.66,249,0,WH-C,2023,1,3,1,179.5,0.148,0,0
2023-01-29,SKU008,Electronics,227,370.44,84089.88,11,0,WH-B,2023,1,4,1,201.5,0.127,1,0
2023-02-05,SKU008,Electronics,265,448.03,118727.95,466,0,WH-A,2023,2,5,1,223.8,0.184,0,0
2023-02-12,SKU008,Electronics,276,63.09,17412.84,832,0,WH-B,2023,2,6,1,243.5,0.133,0,0
2023-02-19,SKU008,Electronics,226,312.55,70636.3,718,0,WH-C,2023,2,7,1,248.5,-0.091,0,0
2023-02-26,SKU008,Electronics,222,151.8,33699.6,793,0,WH-B,2023,2,8,1,247.2,-0.102,0,0
2023-03-05,SKU008,Electronics,217,184.59,40056.03,500,0,WH-A,2023,3,9,1,235.2,-0.077,0,0
2023-03-12,SKU008,Electronics,224,48.04,10760.96,604,0,WH-B,2023,3,10,1,222.2,0.008,0,0
2023-03-19,SKU008,Electronics,242,268.78,65044.76,987,0,WH-C,2023,3,11,1,226.2,0.07,0,0
2023-03-26,SKU008,Electronics,252,71.82,18098.64,861,1,WH-C,2023,3,12,1,233.8,0.078,0,252
2023-04-02,SKU008,Electronics,226,218.19,49310.94,532,0,WH-A,2023,4,13,2,236.0,-0.042,0,0
2023-04-09,SKU008,Electronics,188,496.78,93394.64,122,0,WH-A,2023,4,14,2,227.0,-0.172,0,0
2023-04-16,SKU008,Electronics,210,20.26,4254.6,583,0,WH-B,2023,4,15,2,219.0,-0.041,0,0
2023-04-23,SKU008,Electronics,196,207.09,40589.64,128,0,WH-C,2023,4,16,2,205.0,-0.044,0,0
2023-04-30,SKU008,Electronics,193,386.03,74503.79,60,0,WH-A,2023,4,17,2,196.8,-0.019,0,0
2023-05-07,SKU008,Electronics,182,232.06,42234.92,677,0,WH-B,2023,5,18,2,195.2,-0.068,0,0
2023-05-14,SKU008,Electronics,170,201.44,34244.8,624,0,WH-B,2023,5,19,2,185.2,-0.082,0,0
2023-05-21,SKU008,Electronics,156,177.36,27668.16,802,0,WH-A,2023,5,20,2,175.2,-0.11,0,0
2023-05-28,SKU008,Electronics,179,350.41,62723.39,0,0,WH-B,2023,5,21,2,171.8,0.042,1,0
2023-06-04,SKU008,Electronics,169,107.93,18240.17,893,0,WH-C,2023,6,22,2,168.5,0.003,0,0
2023-06-11,SKU008,Electronics,196,29.17,5717.32,975,0,WH-B,2023,6,23,2,175.0,0.12,0,0
2023-06-18,SKU008,Electronics,183,136.85,25043.55,138,0,WH-C,2023,6,24,2,181.8,0.007,0,0
2023-06-25,SKU008,Electronics,201,237.37,47711.37,619,0,WH-B,2023,6,25,2,187.2,0.074,0,0
2023-07-02,SKU008,Electronics,151,123.88,18705.88,33,0,WH-C,2023,7,26,3,182.8,-0.174,1,0
2023-07-09,SKU008,Electronics,167,112.87,18849.29,927,0,WH-A,2023,7,27,3,175.5,-0.048,0,0
2023-07-16,SKU008,Electronics,172,184.73,31773.56,557,0,WH-A,2023,7,28,3,172.8,-0.005,0,0
2023-07-23,SKU008,Electronics,163,461.46,75217.98,482,0,WH-B,2023,7,29,3,163.2,-0.001,0,0
2023-07-30,SKU008,Electronics,200,118.45,23690.0,772,0,WH-B,2023,7,30,3,175.5,0.14,0,0
2023-08-06,SKU008,Electronics,192,256.66,49278.72,171,0,WH-C,2023,8,31,3,181.8,0.056,0,0
2023-08-13,SKU008,Electronics,159,62.71,9970.89,398,1,WH-C,2023,8,32,3,178.5,-0.109,0,159
2023-08-20,SKU008,Electronics,166,314.86,52266.76,258,0,WH-A,2023,8,33,3,179.2,-0.074,0,0
2023-08-27,SKU008,Electronics,158,351.67,55563.86,823,0,WH-C,2023,8,34,3,168.8,-0.064,0,0
2023-09-03,SKU008,Electronics,158,471.09,74432.22,173,0,WH-B,2023,9,35,3,160.2,-0.014,0,0
2023-09-10,SKU008,Electronics,156,294.59,45956.04,893,0,WH-A,2023,9,36,3,159.5,-0.022,0,0
2023-09-17,SKU008,Electronics,104,62.12,6460.48,363,0,WH-B,2023,9,37,3,144.0,-0.278,0,0
2023-09-24,SKU008,Electronics,103,53.19,5478.57,425,0,WH-C,2023,9,38,3,130.2,-0.209,0,0
2023-10-01,SKU008,Electronics,104,322.77,33568.08,302,0,WH-A,2023,10,39,4,116.8,-0.11,0,0
2023-10-08,SKU008,Electronics,98,43.52,4264.96,505,0,WH-B,2023,10,40,4,102.2,-0.041,0,0
2023-10-15,SKU008,Electronics,90,382.04,34383.6,823,0,WH-B,2023,10,41,4,98.8,-0.089,0,0
2023-10-22,SKU008,Electronics,128,309.72,39644.16,345,0,WH-C,2023,10,42,4,105.0,0.219,0,0
2023-10-29,SKU008,Electronics,74,406.98,30116.52,98,0,WH-C,2023,10,43,4,97.5,-0.241,0,0
2023-11-05,SKU008,Electronics,118,479.5,56581.0,207,0,WH-A,2023,11,44,4,102.5,0.151,0,0
2023-11-12,SKU008,Electronics,63,172.48,10866.24,64,0,WH-C,2023,11,45,4,95.8,-0.342,0,0
2023-11-19,SKU008,Electronics,106,74.94,7943.64,408,0,WH-C,2023,11,46,4,90.2,0.175,0,0
2023-11-26,SKU008,Electronics,112,67.52,7562.24,154,0,WH-C,2023,11,47,4,99.8,0.122,0,0
2023-12-03,SKU008,Electronics,74,381.2,28208.8,71,1,WH-C,2023,12,48,4,88.8,-0.167,0,74
2023-12-10,SKU008,Electronics,143,311.69,44571.67,69,1,WH-C,2023,12,49,4,108.8,0.314,0,143
2023-12-17,SKU008,Electronics,129,264.14,34074.06,729,0,WH-A,2023,12,50,4,114.5,0.127,0,0
2023-12-24,SKU008,Electronics,118,105.34,12430.12,892,0,WH-B,2023,12,51,4,116.0,0.017,0,0
2023-12-31,SKU008,Electronics,141,417.74,58901.34,998,0,WH-C,2023,12,52,4,132.8,0.062,0,0
2024-01-07,SKU008,Electronics,211,452.71,95521.81,91,0,WH-A,2024,1,1,1,149.8,0.409,0,0
2024-01-14,SKU008,Electronics,203,186.05,37768.15,85,0,WH-C,2024,1,2,1,168.2,0.207,0,0
2024-01-21,SKU008,Electronics,202,200.67,40535.34,146,0,WH-A,2024,1,3,1,189.2,0.068,0,0
2024-01-28,SKU008,Electronics,223,186.38,41562.74,574,0,WH-C,2024,1,4,1,209.8,0.063,0,0
2024-02-04,SKU008,Electronics,195,208.08,40575.6,718,0,WH-C,2024,2,5,1,205.8,-0.052,0,0
2024-02-11,SKU008,Electronics,200,268.98,53796.0,59,0,WH-A,2024,2,6,1,205.0,-0.024,0,0
2024-02-18,SKU008,Electronics,233,204.03,47538.99,121,0,WH-C,2024,2,7,1,212.8,0.095,0,0
2024-02-25,SKU008,Electronics,211,82.14,17331.54,955,0,WH-B,2024,2,8,1,209.8,0.006,0,0
2024-03-03,SKU008,Electronics,224,271.39,60791.36,469,0,WH-C,2024,3,9,1,217.0,0.032,0,0
2024-03-10,SKU008,Electronics,221,328.36,72567.56,99,0,WH-A,2024,3,10,1,222.2,-0.005,0,0
2024-03-17,SKU008,Electronics,257,237.37,61004.09,624,0,WH-B,2024,3,11,1,228.2,0.126,0,0
2024-03-24,SKU008,Electronics,239,25.73,6149.47,535,1,WH-A,2024,3,12,1,235.2,0.016,0,239
2024-03-31,SKU008,Electronics,224,28.4,6361.6,804,0,WH-A,2024,3,13,1,235.2,-0.048,0,0
2024-04-07,SKU008,Electronics,170,404.59,68780.3,788,1,WH-A,2024,4,14,2,222.5,-0.236,0,170
2024-04-14,SKU008,Electronics,228,142.84,32567.52,357,0,WH-C,2024,4,15,2,215.2,0.059,0,0
2024-04-21,SKU008,Electronics,240,237.37,56968.8,683,0,WH-B,2024,4,16,2,215.5,0.114,0,0
2024-04-28,SKU008,Electronics,194,114.78,22267.32,724,0,WH-B,2024,4,17,2,208.0,-0.067,0,0
2024-05-05,SKU008,Electronics,157,401.91,63099.87,631,0,WH-C,2024,5,18,2,204.8,-0.233,0,0
2024-05-12,SKU008,Electronics,187,298.81,55877.47,782,0,WH-B,2024,5,19,2,194.5,-0.039,0,0
2024-05-19,SKU008,Electronics,195,131.43,25628.85,640,1,WH-A,2024,5,20,2,183.2,0.064,0,195
2024-05-26,SKU008,Electronics,157,371.02,58250.14,981,0,WH-B,2024,5,21,2,174.0,-0.098,0,0
2024-06-02,SKU008,Electronics,192,165.26,31729.92,829,0,WH-A,2024,6,22,2,182.8,0.05,0,0
2024-06-09,SKU008,Electronics,185,213.79,39551.15,145,1,WH-B,2024,6,23,2,182.2,0.015,0,185
2024-06-16,SKU008,Electronics,187,27.95,5226.65,993,0,WH-B,2024,6,24,2,180.2,0.038,0,0
2024-06-23,SKU008,Electronics,178,297.55,52963.9,419,0,WH-C,2024,6,25,2,185.5,-0.04,0,0
2024-06-30,SKU008,Electronics,201,487.05,97897.05,429,0,WH-C,2024,6,26,2,187.8,0.07,0,0
2024-07-07,SKU008,Electronics,196,237.37,46524.52,643,0,WH-B,2024,7,27,3,190.5,0.029,0,0
2024-07-14,SKU008,Electronics,213,441.44,94026.72,834,0,WH-C,2024,7,28,3,197.0,0.081,0,0
2024-07-21,SKU008,Electronics,165,47.61,7855.65,902,0,WH-A,2024,7,29,3,193.8,-0.149,0,0
2024-07-28,SKU008,Electronics,197,133.44,26287.68,228,0,WH-B,2024,7,30,3,192.8,0.022,0,0
2024-08-04,SKU008,Electronics,168,400.45,67275.6,920,0,WH-B,2024,8,31,3,185.8,-0.096,0,0
2024-08-11,SKU008,Electronics,143,74.64,10673.52,840,0,WH-B,2024,8,32,3,168.2,-0.15,0,0
2024-08-18,SKU008,Electronics,183,445.76,81574.08,707,1,WH-C,2024,8,33,3,172.8,0.059,0,183
2024-08-25,SKU008,Electronics,186,291.34,54189.24,144,0,WH-A,2024,8,34,3,170.0,0.094,0,0
2024-09-01,SKU008,Electronics,176,31.13,5478.88,443,0,WH-C,2024,9,35,3,172.0,0.023,0,0
2024-09-08,SKU008,Electronics,148,54.27,8031.96,168,1,WH-A,2024,9,36,3,173.2,-0.145,0,148
2024-09-15,SKU008,Electronics,126,234.04,29489.04,367,0,WH-C,2024,9,37,3,159.0,-0.208,0,0
2024-09-22,SKU008,Electronics,96,47.92,4600.32,249,0,WH-A,2024,9,38,3,136.5,-0.297,0,0
2024-09-29,SKU008,Electronics,114,51.6,5882.4,45,0,WH-C,2024,9,39,3,121.0,-0.058,1,0
2024-10-06,SKU008,Electronics,121,348.08,42117.68,810,0,WH-C,2024,10,40,4,114.2,0.06,0,0
2024-10-13,SKU008,Electronics,127,116.78,14831.06,581,0,WH-C,2024,10,41,4,114.5,0.109,0,0
2024-10-20,SKU008,Electronics,100,219.52,21952.0,175,0,WH-C,2024,10,42,4,115.5,-0.134,0,0
2024-10-27,SKU008,Electronics,76,362.94,27583.44,914,0,WH-B,2024,10,43,4,106.0,-0.283,0,0
2024-11-03,SKU008,Electronics,84,313.22,26310.48,96,0,WH-C,2024,11,44,4,96.8,-0.132,0,0
2024-11-10,SKU008,Electronics,88,197.96,17420.48,666,1,WH-B,2024,11,45,4,87.0,0.011,0,88
2024-11-17,SKU008,Electronics,85,81.99,6969.15,819,0,WH-A,2024,11,46,4,83.2,0.022,0,0
2024-11-24,SKU008,Electronics,78,417.31,32550.18,469,0,WH-A,2024,11,47,4,83.8,-0.069,0,0
2024-12-01,SKU008,Electronics,106,319.57,33874.42,83,0,WH-B,2024,12,48,4,89.2,0.188,0,0
2024-12-08,SKU008,Electronics,109,470.09,51239.81,922,1,WH-C,2024,12,49,4,94.5,0.153,0,109
2024-12-15,SKU008,Electronics,160,369.46,59113.6,993,0,WH-B,2024,12,50,4,113.2,0.413,0,0
2024-12-22,SKU008,Electronics,127,129.11,16396.97,714,1,WH-C,2024,12,51,4,125.5,0.012,0,127
2024-12-29,SKU008,Electronics,176,286.12,50357.12,971,0,WH-B,2024,12,52,4,143.0,0.231,0,0
2022-01-02,SKU009,Electronics,122,38.89,4744.58,947,0,WH-C,2022,1,52,1,122.0,0.0,0,0
2022-01-09,SKU009,Electronics,84,477.46,40106.64,360,0,WH-A,2022,1,1,1,103.0,-0.184,0,0
2022-01-16,SKU009,Electronics,150,144.95,21742.5,550,0,WH-B,2022,1,2,1,118.7,0.264,0,0
2022-01-23,SKU009,Electronics,147,13.71,2015.37,40,0,WH-A,2022,1,3,1,125.8,0.169,1,0
2022-01-30,SKU009,Electronics,170,77.12,13110.4,796,0,WH-B,2022,1,4,1,137.8,0.234,0,0
2022-02-06,SKU009,Electronics,208,60.87,12660.96,534,0,WH-B,2022,2,5,1,168.8,0.232,0,0
2022-02-13,SKU009,Electronics,195,394.11,76851.45,786,0,WH-B,2022,2,6,1,180.0,0.083,0,0
2022-02-20,SKU009,Electronics,177,271.81,48110.37,101,0,WH-C,2022,2,7,1,187.5,-0.056,0,0
2022-02-27,SKU009,Electronics,174,430.12,74840.88,487,0,WH-B,2022,2,8,1,188.5,-0.077,0,0
2022-03-06,SKU009,Electronics,171,236.19,40388.49,858,1,WH-A,2022,3,9,1,179.2,-0.046,0,171
2022-03-13,SKU009,Electronics,142,77.75,11040.5,434,0,WH-B,2022,3,10,1,166.0,-0.145,0,0
2022-03-20,SKU009,Electronics,179,342.54,61314.66,347,0,WH-A,2022,3,11,1,166.5,0.075,0,0
2022-03-27,SKU009,Electronics,216,72.42,15642.72,966,0,WH-C,2022,3,12,1,177.0,0.22,0,0
2022-04-03,SKU009,Electronics,124,232.91,28880.84,724,0,WH-B,2022,4,13,2,165.2,-0.249,0,0
2022-04-10,SKU009,Electronics,121,69.83,8449.43,11,0,WH-B,2022,4,14,2,160.0,-0.244,1,0
2022-04-17,SKU009,Electronics,142,160.21,22749.82,335,0,WH-A,2022,4,15,2,150.8,-0.058,0,0
2022-04-24,SKU009,Electronics,122,257.07,31362.54,217,1,WH-A,2022,4,16,2,127.2,-0.041,0,122
2022-05-01,SKU009,Electronics,115,306.46,35242.9,296,0,WH-B,2022,5,17,2,125.0,-0.08,0,0
2022-05-08,SKU009,Electronics,129,55.85,7204.65,239,0,WH-C,2022,5,18,2,127.0,0.016,0,0
2022-05-15,SKU009,Electronics,138,16.52,2279.76,909,0,WH-B,2022,5,19,2,126.0,0.095,0,0
2022-05-22,SKU009,Electronics,157,426.52,66963.64,302,1,WH-A,2022,5,20,2,134.8,0.165,0,157
2022-05-29,SKU009,Electronics,129,158.42,20436.18,983,1,WH-C,2022,5,21,2,138.2,-0.067,0,129
2022-06-05,SKU009,Electronics,99,339.22,33582.78,798,0,WH-A,2022,6,22,2,130.8,-0.243,0,0
2022-06-12,SKU009,Electronics,156,443.73,69221.88,238,0,WH-B,2022,6,23,2,135.2,0.154,0,0
2022-06-19,SKU009,Electronics,116,88.97,10320.52,777,0,WH-A,2022,6,24,2,125.0,-0.072,0,0
2022-06-26,SKU009,Electronics,101,302.59,30561.59,239,0,WH-B,2022,6,25,2,118.0,-0.144,0,0
2022-07-03,SKU009,Electronics,143,148.01,21165.43,182,0,WH-C,2022,7,26,3,129.0,0.109,0,0
2022-07-10,SKU009,Electronics,154,273.96,42189.84,28,1,WH-C,2022,7,27,3,128.5,0.198,1,154
2022-07-17,SKU009,Electronics,120,161.69,19402.8,73,0,WH-C,2022,7,28,3,129.5,-0.073,0,0
2022-07-24,SKU009,Electronics,96,367.94,35322.24,855,0,WH-A,2022,7,29,3,128.2,-0.251,0,0
2022-07-31,SKU009,Electronics,118,359.38,42406.84,130,0,WH-B,2022,7,30,3,122.0,-0.033,0,0
2022-08-07,SKU009,Electronics,139,176.89,24587.71,242,1,WH-A,2022,8,31,3,118.2,0.176,0,139
2022-08-14,SKU009,Electronics,153,326.54,49960.62,141,0,WH-A,2022,8,32,3,126.5,0.209,0,0
2022-08-21,SKU009,Electronics,145,463.21,67165.45,709,0,WH-C,2022,8,33,3,138.8,0.045,0,0
2022-08-28,SKU009,Electronics,133,187.46,24932.18,496,0,WH-C,2022,8,34,3,142.5,-0.067,0,0
2022-09-04,SKU009,Electronics,141,474.73,66936.93,902,0,WH-B,2022,9,35,3,143.0,-0.014,0,0
2022-09-11,SKU009,Electronics,114,283.24,32289.36,93,1,WH-A,2022,9,36,3,133.2,-0.144,0,114
2022-09-18,SKU009,Electronics,82,343.43,28161.26,303,0,WH-B,2022,9,37,3,117.5,-0.302,0,0
2022-09-25,SKU009,Electronics,115,444.29,51093.35,519,0,WH-A,2022,9,38,3,113.0,0.018,0,0
2022-10-02,SKU009,Electronics,80,204.74,16379.2,877,0,WH-B,2022,10,39,4,97.8,-0.182,0,0
2022-10-09,SKU009,Electronics,73,367.82,26850.86,164,0,WH-B,2022,10,40,4,87.5,-0.166,0,0
2022-10-16,SKU009,Electronics,102,396.82,40475.64,208,0,WH-A,2022,10,41,4,92.5,0.103,0,0
2022-10-23,SKU009,Electronics,69,315.2,21748.8,92,0,WH-A,2022,10,42,4,81.0,-0.148,0,0
2022-10-30,SKU009,Electronics,67,176.66,11836.22,992,0,WH-C,2022,10,43,4,77.8,-0.139,0,0
2022-11-06,SKU009,Electronics,58,273.96,15889.68,164,0,WH-C,2022,11,44,4,74.0,-0.216,0,0
2022-11-13,SKU009,Electronics,45,295.1,13279.5,287,0,WH-A,2022,11,45,4,59.8,-0.247,0,0
2022-11-20,SKU009,Electronics,53,490.58,26000.74,714,1,WH-C,2022,11,46,4,55.8,-0.05,0,53
2022-11-27,SKU009,Electronics,57,74.74,4260.18,182,0,WH-C,2022,11,47,4,53.2,0.071,0,0
2022-12-04,SKU009,Electronics,87,249.63,21717.81,972,0,WH-C,2022,12,48,4,60.5,0.438,0,0
2022-12-11,SKU009,Electronics,85,398.97,33912.45,702,0,WH-A,2022,12,49,4,70.5,0.206,0,0
2022-12-18,SKU009,Electronics,75,274.83,20612.25,244,0,WH-C,2022,12,50,4,76.0,-0.013,0,0
2022-12-25,SKU009,Electronics,126,273.15,34416.9,985,0,WH-A,2022,12,51,4,93.2,0.352,0,0
2023-01-01,SKU009,Electronics,131,285.6,37413.6,296,0,WH-A,2023,1,52,1,104.2,0.257,0,0
2023-01-08,SKU009,Electronics,118,84.39,9958.02,867,0,WH-A,2023,1,1,1,112.5,0.049,0,0
2023-01-15,SKU009,Electronics,117,346.46,40535.82,188,0,WH-A,2023,1,2,1,123.0,-0.049,0,0
2023-01-22,SKU009,Electronics,167,105.84,17675.28,251,0,WH-B,2023,1,3,1,133.2,0.254,0,0
2023-01-29,SKU009,Electronics,140,442.69,61976.6,605,0,WH-A,2023,1,4,1,135.5,0.033,0,0
2023-02-05,SKU009,Electronics,187,310.48,58059.76,405,0,WH-A,2023,2,5,1,152.8,0.224,0,0
2023-02-12,SKU009,Electronics,168,302.6,50836.8,828,0,WH-A,2023,2,6,1,165.5,0.015,0,0
2023-02-19,SKU009,Electronics,180,128.15,23067.0,482,0,WH-A,2023,2,7,1,168.8,0.066,0,0
2023-02-26,SKU009,Electronics,178,212.62,37846.36,916,0,WH-C,2023,2,8,1,178.2,-0.001,0,0
2023-03-05,SKU009,Electronics,152,342.85,52113.2,213,1,WH-C,2023,3,9,1,169.5,-0.103,0,152
2023-03-12,SKU009,Electronics,189,146.79,27743.31,395,0,WH-B,2023,3,10,1,174.8,0.081,0,0
2023-03-19,SKU009,Electronics,178,360.71,64206.38,656,0,WH-B,2023,3,11,1,174.2,0.022,0,0
2023-03-26,SKU009,Electronics,190,362.45,68865.5,52,1,WH-B,2023,3,12,1,177.2,0.072,0,190
2023-04-02,SKU009,Electronics,165,422.57,69724.05,748,0,WH-C,2023,4,13,2,180.5,-0.086,0,0
2023-04-09,SKU009,Electronics,149,14.64,2181.36,502,0,WH-A,2023,4,14,2,170.5,-0.126,0,0
2023-04-16,SKU009,Electronics,176,405.16,71308.16,679,0,WH-A,2023,4,15,2,170.0,0.035,0,0
2023-04-23,SKU009,Electronics,146,112.11,16368.06,264,0,WH-A,2023,4,16,2,159.0,-0.082,0,0
2023-04-30,SKU009,Electronics,158,199.09,31456.22,696,0,WH-B,2023,4,17,2,157.2,0.005,0,0
2023-05-07,SKU009,Electronics,150,130.5,19575.0,188,0,WH-C,2023,5,18,2,157.5,-0.048,0,0
2023-05-14,SKU009,Electronics,134,436.28,58461.52,1,0,WH-A,2023,5,19,2,147.0,-0.088,1,0
2023-05-21,SKU009,Electronics,174,230.94,40183.56,420,1,WH-C,2023,5,20,2,154.0,0.13,0,174
2023-05-28,SKU009,Electronics,178,199.92,35585.76,4,0,WH-A,2023,5,21,2,159.0,0.119,1,0
2023-06-04,SKU009,Electronics,140,389.77,54567.8,398,0,WH-A,2023,6,22,2,156.5,-0.105,0,0
2023-06-11,SKU009,Electronics,141,251.01,35392.41,743,0,WH-B,2023,6,23,2,158.2,-0.109,0,0
2023-06-18,SKU009,Electronics,120,408.72,49046.4,763,0,WH-B,2023,6,24,2,144.8,-0.171,0,0
2023-06-25,SKU009,Electronics,123,143.37,17634.51,487,1,WH-B,2023,6,25,2,131.0,-0.061,0,123
2023-07-02,SKU009,Electronics,110,177.91,19570.1,969,0,WH-A,2023,7,26,3,123.5,-0.109,0,0
2023-07-09,SKU009,Electronics,156,162.22,25306.32,187,0,WH-A,2023,7,27,3,127.2,0.226,0,0
2023-07-16,SKU009,Electronics,122,317.77,38767.94,130,0,WH-B,2023,7,28,3,127.8,-0.045,0,0
2023-07-23,SKU009,Electronics,107,109.78,11746.46,43,0,WH-B,2023,7,29,3,123.8,-0.136,1,0
2023-07-30,SKU009,Electronics,136,473.62,64412.32,700,0,WH-B,2023,7,30,3,130.2,0.045,0,0
2023-08-06,SKU009,Electronics,115,55.32,6361.8,504,0,WH-B,2023,8,31,3,120.0,-0.042,0,0
2023-08-13,SKU009,Electronics,148,347.01,51357.48,551,0,WH-B,2023,8,32,3,126.5,0.17,0,0
2023-08-20,SKU009,Electronics,103,44.16,4548.48,713,0,WH-A,2023,8,33,3,125.5,-0.179,0,0
2023-08-27,SKU009,Electronics,111,282.3,31335.3,491,0,WH-C,2023,8,34,3,119.2,-0.069,0,0
2023-09-03,SKU009,Electronics,139,129.02,17933.78,442,0,WH-A,2023,9,35,3,125.2,0.11,0,0
2023-09-10,SKU009,Electronics,112,122.36,13704.32,198,0,WH-A,2023,9,36,3,116.2,-0.036,0,0
2023-09-17,SKU009,Electronics,105,422.63,44376.15,829,0,WH-A,2023,9,37,3,116.8,-0.101,0,0
2023-09-24,SKU009,Electronics,107,402.21,43036.47,79,1,WH-B,2023,9,38,3,115.8,-0.076,0,107
2023-10-01,SKU009,Electronics,98,378.51,37093.98,982,0,WH-B,2023,10,39,4,105.5,-0.071,0,0
2023-10-08,SKU009,Electronics,78,99.69,7775.82,911,0,WH-A,2023,10,40,4,97.0,-0.196,0,0
2023-10-15,SKU009,Electronics,42,342.24,14374.08,135,0,WH-C,2023,10,41,4,81.2,-0.483,0,0
2023-10-22,SKU009,Electronics,50,316.97,15848.5,10,1,WH-B,2023,10,42,4,67.0,-0.254,1,50
2023-10-29,SKU009,Electronics,82,273.96,22464.72,67,0,WH-B,2023,10,43,4,63.0,0.302,0,0
2023-11-05,SKU009,Electronics,59,123.44,7282.96,621,1,WH-C,2023,11,44,4,58.2,0.014,0,59
2023-11-12,SKU009,Electronics,42,289.36,12153.12,845,0,WH-B,2023,11,45,4,58.2,-0.278,0,0
2023-11-19,SKU009,Electronics,65,233.03,15146.95,657,0,WH-B,2023,11,46,4,62.0,0.048,0,0
2023-11-26,SKU009,Electronics,86,136.25,11717.5,960,0,WH-A,2023,11,47,4,63.0,0.365,0,0
2023-12-03,SKU009,Electronics,84,487.82,40976.88,475,0,WH-A,2023,12,48,4,69.2,0.214,0,0
2023-12-10,SKU009,Electronics,76,65.28,4961.28,751,1,WH-B,2023,12,49,4,77.8,-0.023,0,76
2023-12-17,SKU009,Electronics,112,322.56,36126.72,182,0,WH-A,2023,12,50,4,89.5,0.251,0,0
2023-12-24,SKU009,Electronics,129,253.23,32666.67,752,0,WH-B,2023,12,51,4,100.2,0.287,0,0
2023-12-31,SKU009,Electronics,102,100.14,10214.28,220,1,WH-C,2023,12,52,4,104.8,-0.027,0,102
2024-01-07,SKU009,Electronics,127,387.55,49218.85,598,0,WH-C,2024,1,1,1,117.5,0.081,0,0
2024-01-14,SKU009,Electronics,169,338.25,57164.25,286,0,WH-B,2024,1,2,1,131.8,0.282,0,0
2024-01-21,SKU009,Electronics,137,485.73,66545.01,232,0,WH-A,2024,1,3,1,133.8,0.024,0,0
2024-01-28,SKU009,Electronics,195,385.7,75211.5,617,1,WH-C,2024,1,4,1,157.0,0.242,0,195
2024-02-04,SKU009,Electronics,178,113.75,20247.5,627,0,WH-C,2024,2,5,1,169.8,0.048,0,0
2024-02-11,SKU009,Electronics,193,21.83,4213.19,360,0,WH-A,2024,2,6,1,175.8,0.098,0,0
2024-02-18,SKU009,Electronics,173,472.23,81695.79,456,0,WH-A,2024,2,7,1,184.8,-0.064,0,0
2024-02-25,SKU009,Electronics,179,268.45,48052.55,632,0,WH-A,2024,2,8,1,180.8,-0.01,0,0
2024-03-03,SKU009,Electronics,217,91.8,19920.6,892,1,WH-B,2024,3,9,1,190.5,0.139,0,217
2024-03-10,SKU009,Electronics,172,253.43,43589.96,129,0,WH-C,2024,3,10,1,185.2,-0.071,0,0
2024-03-17,SKU009,Electronics,199,298.44,59389.56,834,0,WH-A,2024,3,11,1,191.8,0.038,0,0
2024-03-24,SKU009,Electronics,143,414.02,59204.86,590,0,WH-A,2024,3,12,1,182.8,-0.218,0,0
2024-03-31,SKU009,Electronics,202,178.07,35970.14,695,0,WH-A,2024,3,13,1,179.0,0.128,0,0
2024-04-07,SKU009,Electronics,142,117.67,16709.14,505,0,WH-B,2024,4,14,2,171.5,-0.172,0,0
2024-04-14,SKU009,Electronics,164,345.36,56639.04,367,1,WH-A,2024,4,15,2,162.8,0.007,0,164
2024-04-21,SKU009,Electronics,132,313.86,41429.52,722,0,WH-A,2024,4,16,2,160.0,-0.175,0,0
2024-04-28,SKU009,Electronics,133,185.16,24626.28,50,1,WH-A,2024,4,17,2,142.8,-0.069,0,133
2024-05-05,SKU009,Electronics,105,293.36,30802.8,506,1,WH-A,2024,5,18,2,133.5,-0.213,0,105
2024-05-12,SKU009,Electronics,118,346.64,40903.52,860,0,WH-B,2024,5,19,2,122.0,-0.033,0,0
2024-05-19,SKU009,Electronics,63,104.49,6582.87,49,0,WH-A,2024,5,20,2,104.8,-0.399,1,0
2024-05-26,SKU009,Electronics,129,334.88,43199.52,601,0,WH-C,2024,5,21,2,103.8,0.243,0,0
2024-06-02,SKU009,Electronics,122,476.73,58161.06,817,0,WH-C,2024,6,22,2,108.0,0.13,0,0
2024-06-09,SKU009,Electronics,127,440.44,55935.88,553,0,WH-B,2024,6,23,2,110.2,0.152,0,0
2024-06-16,SKU009,Electronics,127,42.57,5406.39,55,0,WH-B,2024,6,24,2,126.2,0.006,0,0
2024-06-23,SKU009,Electronics,122,486.13,59307.86,2,0,WH-A,2024,6,25,2,124.5,-0.02,1,0
2024-06-30,SKU009,Electronics,103,263.83,27174.49,713,0,WH-A,2024,6,26,2,119.8,-0.14,0,0
2024-07-07,SKU009,Electronics,163,56.47,9204.61,809,1,WH-B,2024,7,27,3,128.8,0.266,0,163
2024-07-14,SKU009,Electronics,132,478.96,63222.72,757,0,WH-B,2024,7,28,3,130.0,0.015,0,0
2024-07-21,SKU009,Electronics,102,144.67,14756.34,536,1,WH-B,2024,7,29,3,125.0,-0.184,0,102
2024-07-28,SKU009,Electronics,127,275.25,34956.75,857,1,WH-C,2024,7,30,3,131.0,-0.031,0,127
2024-08-04,SKU009,Electronics,109,31.45,3428.05,699,0,WH-A,2024,8,31,3,117.5,-0.072,0,0
2024-08-11,SKU009,Electronics,161,218.56,35188.16,587,0,WH-B,2024,8,32,3,124.8,0.29,0,0
2024-08-18,SKU009,Electronics,139,342.1,47551.9,810,1,WH-A,2024,8,33,3,134.0,0.037,0,139
2024-08-25,SKU009,Electronics,149,39.13,5830.37,733,1,WH-C,2024,8,34,3,139.5,0.068,0,149
2024-09-01,SKU009,Electronics,80,423.07,33845.6,124,0,WH-C,2024,9,35,3,132.2,-0.395,0,0
2024-09-08,SKU009,Electronics,87,441.69,38427.03,26,0,WH-A,2024,9,36,3,113.8,-0.236,1,0
2024-09-15,SKU009,Electronics,138,156.05,21534.9,789,0,WH-C,2024,9,37,3,113.5,0.216,0,0
2024-09-22,SKU009,Electronics,128,394.16,50452.48,107,0,WH-B,2024,9,38,3,108.2,0.183,0,0
2024-09-29,SKU009,Electronics,113,357.72,40422.36,296,0,WH-A,2024,9,39,3,116.5,-0.03,0,0
2024-10-06,SKU009,Electronics,111,317.05,35192.55,296,0,WH-A,2024,10,40,4,122.5,-0.094,0,0
2024-10-13,SKU009,Electronics,73,138.58,10116.34,99,1,WH-C,2024,10,41,4,106.2,-0.313,0,73
2024-10-20,SKU009,Electronics,80,245.27,19621.6,690,0,WH-B,2024,10,42,4,94.2,-0.151,0,0
2024-10-27,SKU009,Electronics,68,341.74,23238.32,78,0,WH-C,2024,10,43,4,83.0,-0.181,0,0
2024-11-03,SKU009,Electronics,102,79.32,8090.64,154,0,WH-C,2024,11,44,4,80.8,0.262,0,0
2024-11-10,SKU009,Electronics,95,172.57,16394.15,880,0,WH-A,2024,11,45,4,86.2,0.102,0,0
2024-11-17,SKU009,Electronics,102,254.39,25947.78,370,1,WH-B,2024,11,46,4,91.8,0.111,0,102
2024-11-24,SKU009,Electronics,60,452.54,27152.4,83,0,WH-C,2024,11,47,4,89.8,-0.332,0,0
2024-12-01,SKU009,Electronics,91,266.33,24236.03,889,0,WH-A,2024,12,48,4,87.0,0.046,0,0
2024-12-08,SKU009,Electronics,87,83.28,7245.36,620,0,WH-C,2024,12,49,4,85.0,0.024,0,0
2024-12-15,SKU009,Electronics,101,297.42,30039.42,398,0,WH-B,2024,12,50,4,84.8,0.191,0,0
2024-12-22,SKU009,Electronics,109,311.33,33934.97,854,0,WH-B,2024,12,51,4,97.0,0.124,0,0
2024-12-29,SKU009,Electronics,140,307.92,43108.8,214,0,WH-A,2024,12,52,4,109.2,0.282,0,0
2022-01-02,SKU010,Electronics,227,389.19,88346.13,299,0,WH-A,2022,1,52,1,227.0,0.0,0,0
2022-01-09,SKU010,Electronics,244,463.43,113076.92,145,0,WH-A,2022,1,1,1,235.5,0.036,0,0
2022-01-16,SKU010,Electronics,254,283.59,72031.86,68,0,WH-C,2022,1,2,1,241.7,0.051,0,0
2022-01-23,SKU010,Electronics,256,451.27,115525.12,164,0,WH-B,2022,1,3,1,245.2,0.044,0,0
2022-01-30,SKU010,Electronics,298,335.54,99990.92,348,0,WH-B,2022,1,4,1,263.0,0.133,0,0
2022-02-06,SKU010,Electronics,318,473.52,150579.36,752,0,WH-B,2022,2,5,1,281.5,0.13,0,0
2022-02-13,SKU010,Electronics,304,198.82,60441.28,671,0,WH-A,2022,2,6,1,294.0,0.034,0,0
2022-02-20,SKU010,Electronics,318,45.99,14624.82,251,0,WH-A,2022,2,7,1,309.5,0.027,0,0
2022-02-27,SKU010,Electronics,343,156.64,53727.52,31,0,WH-C,2022,2,8,1,320.8,0.069,1,0
2022-03-06,SKU010,Electronics,275,325.35,89471.25,36,1,WH-A,2022,3,9,1,310.0,-0.113,1,275
2022-03-13,SKU010,Electronics,293,115.72,33905.96,461,0,WH-C,2022,3,10,1,307.2,-0.046,0,0
2022-03-20,SKU010,Electronics,276,152.82,42178.32,547,0,WH-B,2022,3,11,1,296.8,-0.07,0,0
2022-03-27,SKU010,Electronics,279,365.7,102030.3,260,0,WH-C,2022,3,12,1,280.8,-0.006,0,0
2022-04-03,SKU010,Electronics,263,146.53,38537.39,818,0,WH-A,2022,4,13,2,277.8,-0.053,0,0
2022-04-10,SKU010,Electronics,241,124.2,29932.2,849,0,WH-C,2022,4,14,2,264.8,-0.09,0,0
2022-04-17,SKU010,Electronics,281,116.65,32778.65,561,1,WH-A,2022,4,15,2,266.0,0.056,0,281
2022-04-24,SKU010,Electronics,255,112.72,28743.6,921,0,WH-A,2022,4,16,2,260.0,-0.019,0,0
2022-05-01,SKU010,Electronics,262,347.29,90989.98,657,0,WH-C,2022,5,17,2,259.8,0.008,0,0
2022-05-08,SKU010,Electronics,235,270.52,63572.2,902,0,WH-B,2022,5,18,2,258.2,-0.09,0,0
2022-05-15,SKU010,Electronics,222,353.96,78579.12,163,1,WH-A,2022,5,19,2,243.5,-0.088,0,222
2022-05-22,SKU010,Electronics,224,75.08,16817.92,428,0,WH-A,2022,5,20,2,235.8,-0.05,0,0
2022-05-29,SKU010,Electronics,198,198.03,39209.94,865,0,WH-C,2022,5,21,2,219.8,-0.099,0,0
2022-06-05,SKU010,Electronics,215,160.01,34402.15,368,0,WH-A,2022,6,22,2,214.8,0.001,0,0
2022-06-12,SKU010,Electronics,199,275.24,54772.76,47,1,WH-A,2022,6,23,2,209.0,-0.048,1,199
2022-06-19,SKU010,Electronics,214,286.76,61366.64,793,0,WH-B,2022,6,24,2,206.5,0.036,0,0
2022-06-26,SKU010,Electronics,252,161.19,40619.88,109,0,WH-B,2022,6,25,2,220.0,0.145,0,0
2022-07-03,SKU010,Electronics,218,195.04,42518.72,690,0,WH-B,2022,7,26,3,220.8,-0.013,0,0
2022-07-10,SKU010,Electronics,224,340.58,76289.92,81,0,WH-C,2022,7,27,3,227.0,-0.013,0,0
2022-07-17,SKU010,Electronics,195,357.74,69759.3,746,0,WH-C,2022,7,28,3,222.2,-0.122,0,0
2022-07-24,SKU010,Electronics,203,45.97,9331.91,418,0,WH-A,2022,7,29,3,210.0,-0.033,0,0
2022-07-31,SKU010,Electronics,245,238.41,58410.45,781,0,WH-C,2022,7,30,3,216.8,0.13,0,0
2022-08-07,SKU010,Electronics,163,251.34,40968.42,704,0,WH-B,2022,8,31,3,201.5,-0.191,0,0
2022-08-14,SKU010,Electronics,226,132.54,29954.04,693,0,WH-B,2022,8,32,3,209.2,0.08,0,0
2022-08-21,SKU010,Electronics,206,353.73,72868.38,611,0,WH-B,2022,8,33,3,210.0,-0.019,0,0
2022-08-28,SKU010,Electronics,215,302.39,65013.85,133,0,WH-A,2022,8,34,3,202.5,0.062,0,0
2022-09-04,SKU010,Electronics,201,238.48,47934.48,185,0,WH-C,2022,9,35,3,212.0,-0.052,0,0
2022-09-11,SKU010,Electronics,186,482.62,89767.32,912,0,WH-C,2022,9,36,3,202.0,-0.079,0,0
2022-09-18,SKU010,Electronics,201,313.38,62989.38,902,0,WH-A,2022,9,37,3,200.8,0.001,0,0
2022-09-25,SKU010,Electronics,146,359.74,52522.04,806,0,WH-A,2022,9,38,3,183.5,-0.204,0,0
2022-10-02,SKU010,Electronics,184,180.44,33200.96,170,0,WH-A,2022,10,39,4,179.2,0.027,0,0
2022-10-09,SKU010,Electronics,85,223.02,18956.7,825,0,WH-B,2022,10,40,4,154.0,-0.448,0,0
2022-10-16,SKU010,Electronics,119,44.51,5296.69,955,0,WH-C,2022,10,41,4,133.5,-0.109,0,0
2022-10-23,SKU010,Electronics,133,370.24,49241.92,904,0,WH-A,2022,10,42,4,130.2,0.022,0,0
2022-10-30,SKU010,Electronics,128,402.58,51530.24,414,0,WH-C,2022,10,43,4,116.2,0.102,0,0
2022-11-06,SKU010,Electronics,95,140.66,13362.7,78,0,WH-C,2022,11,44,4,118.8,-0.2,0,0
2022-11-13,SKU010,Electronics,223,172.22,38405.06,467,0,WH-A,2022,11,45,4,144.8,0.54,0,0
2022-11-20,SKU010,Electronics,143,300.23,42932.89,957,0,WH-B,2022,11,46,4,147.2,-0.029,0,0
2022-11-27,SKU010,Electronics,160,416.79,66686.4,514,0,WH-C,2022,11,47,4,155.2,0.031,0,0
2022-12-04,SKU010,Electronics,157,80.14,12581.98,998,1,WH-B,2022,12,48,4,170.8,-0.081,0,157
2022-12-11,SKU010,Electronics,140,367.62,51466.8,244,0,WH-B,2022,12,49,4,150.0,-0.067,0,0
2022-12-18,SKU010,Electronics,175,331.1,57942.5,819,0,WH-C,2022,12,50,4,158.0,0.108,0,0
2022-12-25,SKU010,Electronics,213,401.41,85500.33,65,0,WH-B,2022,12,51,4,171.2,0.244,0,0
2023-01-01,SKU010,Electronics,214,370.92,79376.88,184,0,WH-B,2023,1,52,1,185.5,0.154,0,0
2023-01-08,SKU010,Electronics,230,470.51,108217.3,453,0,WH-A,2023,1,1,1,208.0,0.106,0,0
2023-01-15,SKU010,Electronics,223,225.06,50188.38,747,0,WH-B,2023,1,2,1,220.0,0.014,0,0
2023-01-22,SKU010,Electronics,306,459.47,140597.82,633,0,WH-C,2023,1,3,1,243.2,0.258,0,0
2023-01-29,SKU010,Electronics,265,423.78,112301.7,141,0,WH-A,2023,1,4,1,256.0,0.035,0,0
2023-02-05,SKU010,Electronics,290,216.07,62660.3,121,1,WH-B,2023,2,5,1,271.0,0.07,0,290
2023-02-12,SKU010,Electronics,278,119.76,33293.28,936,0,WH-B,2023,2,6,1,284.8,-0.024,0,0
2023-02-19,SKU010,Electronics,311,223.9,69632.9,72,0,WH-A,2023,2,7,1,286.0,0.087,0,0
2023-02-26,SKU010,Electronics,263,438.32,115278.16,365,0,WH-B,2023,2,8,1,285.5,-0.079,0,0
2023-03-05,SKU010,Electronics,295,243.36,71791.2,437,0,WH-B,2023,3,9,1,286.8,0.029,0,0
2023-03-12,SKU010,Electronics,270,364.58,98436.6,994,1,WH-C,2023,3,10,1,284.8,-0.052,0,270
2023-03-19,SKU010,Electronics,271,469.74,127299.54,518,0,WH-B,2023,3,11,1,274.8,-0.014,0,0
2023-03-26,SKU010,Electronics,296,350.31,103691.76,661,0,WH-B,2023,3,12,1,283.0,0.046,0,0
2023-04-02,SKU010,Electronics,286,92.23,26377.78,406,0,WH-A,2023,4,13,2,280.8,0.019,0,0
2023-04-09,SKU010,Electronics,244,175.01,42702.44,956,0,WH-C,2023,4,14,2,274.2,-0.11,0,0
2023-04-16,SKU010,Electronics,248,168.24,41723.52,514,0,WH-B,2023,4,15,2,268.5,-0.076,0,0
2023-04-23,SKU010,Electronics,228,324.45,73974.6,937,0,WH-C,2023,4,16,2,251.5,-0.093,0,0
2023-04-30,SKU010,Electronics,223,140.42,31313.66,190,0,WH-B,2023,4,17,2,235.8,-0.054,0,0
2023-05-07,SKU010,Electronics,234,102.24,23924.16,994,0,WH-A,2023,5,18,2,233.2,0.003,0,0
2023-05-14,SKU010,Electronics,224,36.33,8137.92,533,0,WH-A,2023,5,19,2,227.2,-0.014,0,0
2023-05-21,SKU010,Electronics,222,402.63,89383.86,382,1,WH-B,2023,5,20,2,225.8,-0.017,0,222
2023-05-28,SKU010,Electronics,202,259.78,52475.56,870,0,WH-B,2023,5,21,2,220.5,-0.084,0,0
2023-06-04,SKU010,Electronics,233,172.84,40271.72,75,0,WH-A,2023,6,22,2,220.2,0.058,0,0
2023-06-11,SKU010,Electronics,234,72.83,17042.22,55,0,WH-C,2023,6,23,2,222.8,0.05,0,0
2023-06-18,SKU010,Electronics,249,321.12,79958.88,562,0,WH-B,2023,6,24,2,229.5,0.085,0,0
2023-06-25,SKU010,Electronics,200,377.83,75566.0,963,0,WH-B,2023,6,25,2,229.0,-0.127,0,0
2023-07-02,SKU010,Electronics,197,272.76,53733.72,961,0,WH-C,2023,7,26,3,220.0,-0.105,0,0
2023-07-09,SKU010,Electronics,218,93.36,20352.48,43,0,WH-A,2023,7,27,3,216.0,0.009,1,0
2023-07-16,SKU010,Electronics,249,176.06,43838.94,915,0,WH-B,2023,7,28,3,216.0,0.153,0,0
2023-07-23,SKU010,Electronics,238,11.69,2782.22,111,0,WH-B,2023,7,29,3,225.5,0.055,0,0
2023-07-30,SKU010,Electronics,184,166.07,30556.88,716,0,WH-A,2023,7,30,3,222.2,-0.172,0,0
2023-08-06,SKU010,Electronics,230,497.5,114425.0,26,0,WH-B,2023,8,31,3,225.2,0.021,1,0
2023-08-13,SKU010,Electronics,250,276.39,69097.5,878,1,WH-B,2023,8,32,3,225.5,0.109,0,250
2023-08-20,SKU010,Electronics,231,322.73,74550.63,830,0,WH-C,2023,8,33,3,223.8,0.032,0,0
2023-08-27,SKU010,Electronics,222,181.75,40348.5,4,0,WH-A,2023,8,34,3,233.2,-0.048,1,0
2023-09-03,SKU010,Electronics,201,243.18,48879.18,471,0,WH-C,2023,9,35,3,226.0,-0.111,0,0
2023-09-10,SKU010,Electronics,203,305.91,62099.73,574,1,WH-C,2023,9,36,3,214.2,-0.052,0,203
2023-09-17,SKU010,Electronics,181,263.26,47650.06,667,0,WH-B,2023,9,37,3,201.8,-0.103,0,0
2023-09-24,SKU010,Electronics,167,135.62,22648.54,75,0,WH-C,2023,9,38,3,188.0,-0.112,0,0
2023-10-01,SKU010,Electronics,148,379.71,56197.08,331,0,WH-C,2023,10,39,4,174.8,-0.153,0,0
2023-10-08,SKU010,Electronics,141,161.3,22743.3,985,1,WH-B,2023,10,40,4,159.2,-0.114,0,141
2023-10-15,SKU010,Electronics,136,322.08,43802.88,368,0,WH-C,2023,10,41,4,148.0,-0.081,0,0
2023-10-22,SKU010,Electronics,165,282.06,46539.9,354,0,WH-A,2023,10,42,4,147.5,0.119,0,0
2023-10-29,SKU010,Electronics,128,42.61,5454.08,495,0,WH-B,2023,10,43,4,142.5,-0.102,0,0
2023-11-05,SKU010,Electronics,97,19.9,1930.3,757,0,WH-C,2023,11,44,4,131.5,-0.262,0,0
2023-11-12,SKU010,Electronics,114,330.42,37667.88,119,0,WH-C,2023,11,45,4,126.0,-0.095,0,0
2023-11-19,SKU010,Electronics,133,469.86,62491.38,310,0,WH-A,2023,11,46,4,118.0,0.127,0,0
2023-11-26,SKU010,Electronics,162,29.9,4843.8,461,1,WH-B,2023,11,47,4,126.5,0.281,0,162
2023-12-03,SKU010,Electronics,154,133.32,20531.28,992,0,WH-C,2023,12,48,4,140.8,0.094,0,0
2023-12-10,SKU010,Electronics,151,374.93,56614.43,528,0,WH-A,2023,12,49,4,150.0,0.007,0,0
2023-12-17,SKU010,Electronics,178,129.94,23129.32,564,0,WH-C,2023,12,50,4,161.2,0.104,0,0
2023-12-24,SKU010,Electronics,198,154.28,30547.44,438,0,WH-C,2023,12,51,4,170.2,0.163,0,0
2023-12-31,SKU010,Electronics,207,325.11,67297.77,604,0,WH-A,2023,12,52,4,183.5,0.128,0,0
2024-01-07,SKU010,Electronics,243,231.26,56196.18,312,0,WH-C,2024,1,1,1,206.5,0.177,0,0
2024-01-14,SKU010,Electronics,254,345.51,87759.54,131,1,WH-B,2024,1,2,1,225.5,0.126,0,254
2024-01-21,SKU010,Electronics,274,443.48,121513.52,843,0,WH-B,2024,1,3,1,244.5,0.121,0,0
2024-01-28,SKU010,Electronics,302,202.2,61064.4,988,0,WH-B,2024,1,4,1,268.2,0.126,0,0
2024-02-04,SKU010,Electronics,317,492.19,156024.23,310,1,WH-C,2024,2,5,1,286.8,0.105,0,317
2024-02-11,SKU010,Electronics,308,270.97,83458.76,6,1,WH-A,2024,2,6,1,300.2,0.026,1,308
2024-02-18,SKU010,Electronics,341,312.15,106443.15,62,0,WH-A,2024,2,7,1,317.0,0.076,0,0
2024-02-25,SKU010,Electronics,320,178.81,57219.2,609,0,WH-C,2024,2,8,1,321.5,-0.005,0,0
2024-03-03,SKU010,Electronics,337,33.77,11380.49,660,0,WH-A,2024,3,9,1,326.5,0.032,0,0
2024-03-10,SKU010,Electronics,300,55.99,16797.0,280,0,WH-B,2024,3,10,1,324.5,-0.076,0,0
2024-03-17,SKU010,Electronics,292,315.65,92169.8,306,0,WH-A,2024,3,11,1,312.2,-0.065,0,0
2024-03-24,SKU010,Electronics,304,357.01,108531.04,822,0,WH-C,2024,3,12,1,308.2,-0.014,0,0
2024-03-31,SKU010,Electronics,308,132.83,40911.64,722,0,WH-A,2024,3,13,1,301.0,0.023,0,0
2024-04-07,SKU010,Electronics,276,234.83,64813.08,385,0,WH-C,2024,4,14,2,295.0,-0.064,0,0
2024-04-14,SKU010,Electronics,246,367.88,90498.48,977,0,WH-A,2024,4,15,2,283.5,-0.132,0,0
2024-04-21,SKU010,Electronics,238,363.13,86424.94,834,0,WH-C,2024,4,16,2,267.0,-0.109,0,0
2024-04-28,SKU010,Electronics,231,425.98,98401.38,922,0,WH-A,2024,4,17,2,247.8,-0.068,0,0
2024-05-05,SKU010,Electronics,243,278.26,67617.18,684,0,WH-B,2024,5,18,2,239.5,0.015,0,0
2024-05-12,SKU010,Electronics,237,301.89,71547.93,361,0,WH-C,2024,5,19,2,237.2,-0.001,0,0
2024-05-19,SKU010,Electronics,180,494.54,89017.2,382,1,WH-B,2024,5,20,2,222.8,-0.192,0,180
2024-05-26,SKU010,Electronics,240,499.24,119817.6,620,0,WH-C,2024,5,21,2,225.0,0.067,0,0
2024-06-02,SKU010,Electronics,228,388.58,88596.24,801,0,WH-B,2024,6,22,2,221.2,0.031,0,0
2024-06-09,SKU010,Electronics,232,370.81,86027.92,914,1,WH-C,2024,6,23,2,220.0,0.055,0,232
2024-06-16,SKU010,Electronics,222,155.73,34572.06,967,0,WH-B,2024,6,24,2,230.5,-0.037,0,0
2024-06-23,SKU010,Electronics,264,133.73,35304.72,758,1,WH-C,2024,6,25,2,236.5,0.116,0,264
2024-06-30,SKU010,Electronics,225,437.13,98354.25,985,1,WH-B,2024,6,26,2,235.8,-0.046,0,225
2024-07-07,SKU010,Electronics,249,261.08,65008.92,283,1,WH-B,2024,7,27,3,240.0,0.038,0,249
2024-07-14,SKU010,Electronics,203,241.86,49097.58,250,1,WH-A,2024,7,28,3,235.2,-0.137,0,203
2024-07-21,SKU010,Electronics,235,191.07,44901.45,895,0,WH-C,2024,7,29,3,228.0,0.031,0,0
2024-07-28,SKU010,Electronics,209,298.48,62382.32,853,0,WH-A,2024,7,30,3,224.0,-0.067,0,0
2024-08-04,SKU010,Electronics,202,283.48,57262.96,714,0,WH-A,2024,8,31,3,212.2,-0.048,0,0
2024-08-11,SKU010,Electronics,183,168.35,30808.05,948,1,WH-B,2024,8,32,3,207.2,-0.117,0,183
2024-08-18,SKU010,Electronics,210,108.22,22726.2,984,0,WH-A,2024,8,33,3,201.0,0.045,0,0
2024-08-25,SKU010,Electronics,229,142.3,32586.7,487,0,WH-A,2024,8,34,3,206.0,0.112,0,0
2024-09-01,SKU010,Electronics,159,371.77,59111.43,992,0,WH-C,2024,9,35,3,195.2,-0.185,0,0
2024-09-08,SKU010,Electronics,170,235.17,39978.9,158,1,WH-B,2024,9,36,3,192.0,-0.115,0,170
2024-09-15,SKU010,Electronics,180,370.1,66618.0,252,0,WH-A,2024,9,37,3,184.5,-0.024,0,0
2024-09-22,SKU010,Electronics,164,183.29,30059.56,210,0,WH-C,2024,9,38,3,168.2,-0.025,0,0
2024-09-29,SKU010,Electronics,111,467.47,51889.17,259,0,WH-B,2024,9,39,3,156.2,-0.289,0,0
2024-10-06,SKU010,Electronics,134,192.38,25778.92,647,0,WH-C,2024,10,40,4,147.2,-0.09,0,0
2024-10-13,SKU010,Electronics,101,75.8,7655.8,543,0,WH-B,2024,10,41,4,127.5,-0.208,0,0
2024-10-20,SKU010,Electronics,93,145.2,13503.6,482,0,WH-C,2024,10,42,4,109.8,-0.153,0,0
2024-10-27,SKU010,Electronics,97,328.0,31816.0,427,0,WH-A,2024,10,43,4,106.2,-0.087,0,0
2024-11-03,SKU010,Electronics,104,386.51,40197.04,0,0,WH-C,2024,11,44,4,98.8,0.053,1,0
2024-11-10,SKU010,Electronics,101,27.49,2776.49,909,0,WH-A,2024,11,45,4,98.8,0.022,0,0
2024-11-17,SKU010,Electronics,146,117.63,17173.98,751,0,WH-A,2024,11,46,4,112.0,0.304,0,0
2024-11-24,SKU010,Electronics,159,356.22,56638.98,610,0,WH-B,2024,11,47,4,127.5,0.247,0,0
2024-12-01,SKU010,Electronics,167,215.72,36025.24,745,0,WH-A,2024,12,48,4,143.2,0.166,0,0
2024-12-08,SKU010,Electronics,132,466.02,61514.64,609,0,WH-C,2024,12,49,4,151.0,-0.126,0,0
2024-12-15,SKU010,Electronics,199,270.59,53847.41,629,1,WH-B,2024,12,50,4,164.2,0.212,0,199
2024-12-22,SKU010,Electronics,193,321.92,62130.56,870,0,WH-B,2024,12,51,4,172.8,0.117,0,0
2024-12-29,SKU010,Electronics,241,455.68,109818.88,36,0,WH-B,2024,12,52,4,191.2,0.26,1,0
2022-01-02,SKU011,Clothing,314,386.89,121483.46,503,0,WH-A,2022,1,52,1,314.0,0.0,0,0
2022-01-09,SKU011,Clothing,352,216.89,76345.28,392,0,WH-C,2022,1,1,1,333.0,0.057,0,0
2022-01-16,SKU011,Clothing,356,241.04,85810.24,448,0,WH-C,2022,1,2,1,340.7,0.045,0,0
2022-01-23,SKU011,Clothing,384,262.76,100899.84,297,0,WH-B,2022,1,3,1,351.5,0.092,0,0
2022-01-30,SKU011,Clothing,394,20.08,7911.52,660,0,WH-B,2022,1,4,1,371.5,0.061,0,0
2022-02-06,SKU011,Clothing,420,322.19,135319.8,396,1,WH-C,2022,2,5,1,388.5,0.081,0,420
2022-02-13,SKU011,Clothing,490,320.37,156981.3,771,0,WH-C,2022,2,6,1,422.0,0.161,0,0
2022-02-20,SKU011,Clothing,486,102.35,49742.1,189,0,WH-A,2022,2,7,1,447.5,0.086,0,0
2022-02-27,SKU011,Clothing,460,344.2,158332.0,99,0,WH-A,2022,2,8,1,464.0,-0.009,0,0
2022-03-06,SKU011,Clothing,473,221.03,104547.19,306,0,WH-A,2022,3,9,1,477.2,-0.009,0,0
2022-03-13,SKU011,Clothing,434,444.32,192834.88,414,0,WH-A,2022,3,10,1,463.2,-0.063,0,0
2022-03-20,SKU011,Clothing,430,175.91,75641.3,26,1,WH-B,2022,3,11,1,449.2,-0.043,1,430
2022-03-27,SKU011,Clothing,410,418.38,171535.8,451,0,WH-C,2022,3,12,1,436.8,-0.061,0,0
2022-04-03,SKU011,Clothing,400,165.32,66128.0,938,0,WH-A,2022,4,13,2,418.5,-0.044,0,0
2022-04-10,SKU011,Clothing,403,333.72,134489.16,241,0,WH-B,2022,4,14,2,410.8,-0.019,0,0
2022-04-17,SKU011,Clothing,355,416.48,147850.4,288,0,WH-B,2022,4,15,2,392.0,-0.094,0,0
2022-04-24,SKU011,Clothing,388,147.48,57222.24,817,0,WH-B,2022,4,16,2,386.5,0.004,0,0
2022-05-01,SKU011,Clothing,350,353.7,123795.0,38,0,WH-A,2022,5,17,2,374.0,-0.064,1,0
2022-05-08,SKU011,Clothing,306,391.53,119808.18,348,0,WH-A,2022,5,18,2,349.8,-0.125,0,0
2022-05-15,SKU011,Clothing,323,262.94,84929.62,922,0,WH-B,2022,5,19,2,341.8,-0.055,0,0
2022-05-22,SKU011,Clothing,321,422.97,135773.37,143,0,WH-B,2022,5,20,2,325.0,-0.012,0,0
2022-05-29,SKU011,Clothing,313,164.9,51613.7,522,0,WH-C,2022,5,21,2,315.8,-0.009,0,0
2022-06-05,SKU011,Clothing,354,53.29,18864.66,408,0,WH-C,2022,6,22,2,327.8,0.08,0,0
2022-06-12,SKU011,Clothing,317,412.13,130645.21,835,0,WH-A,2022,6,23,2,326.2,-0.028,0,0
2022-06-19,SKU011,Clothing,321,408.18,131025.78,393,0,WH-B,2022,6,24,2,326.2,-0.016,0,0
2022-06-26,SKU011,Clothing,280,59.17,16567.6,637,0,WH-A,2022,6,25,2,318.0,-0.119,0,0
2022-07-03,SKU011,Clothing,308,443.69,136656.52,794,0,WH-B,2022,7,26,3,306.5,0.005,0,0
2022-07-10,SKU011,Clothing,317,247.73,78530.41,184,0,WH-A,2022,7,27,3,306.5,0.034,0,0
2022-07-17,SKU011,Clothing,333,435.14,144901.62,355,0,WH-C,2022,7,28,3,309.5,0.076,0,0
2022-07-24,SKU011,Clothing,356,296.77,105650.12,599,0,WH-B,2022,7,29,3,328.5,0.084,0,0
2022-07-31,SKU011,Clothing,324,126.61,41021.64,931,0,WH-B,2022,7,30,3,332.5,-0.026,0,0
2022-08-07,SKU011,Clothing,301,85.4,25705.4,994,0,WH-B,2022,8,31,3,328.5,-0.084,0,0
2022-08-14,SKU011,Clothing,351,67.09,23548.59,458,1,WH-C,2022,8,32,3,333.0,0.054,0,351
2022-08-21,SKU011,Clothing,355,148.94,52873.7,561,0,WH-A,2022,8,33,3,332.8,0.067,0,0
2022-08-28,SKU011,Clothing,304,343.83,104524.32,446,0,WH-B,2022,8,34,3,327.8,-0.073,0,0
2022-09-04,SKU011,Clothing,261,29.71,7754.31,908,0,WH-C,2022,9,35,3,317.8,-0.179,0,0
2022-09-11,SKU011,Clothing,280,123.56,34596.8,31,0,WH-B,2022,9,36,3,300.0,-0.067,1,0
2022-09-18,SKU011,Clothing,243,425.48,103391.64,299,0,WH-B,2022,9,37,3,272.0,-0.107,0,0
2022-09-25,SKU011,Clothing,259,110.23,28549.57,160,0,WH-C,2022,9,38,3,260.8,-0.007,0,0
2022-10-02,SKU011,Clothing,233,383.2,89285.6,845,0,WH-C,2022,10,39,4,253.8,-0.082,0,0
2022-10-09,SKU011,Clothing,256,404.35,103513.6,934,0,WH-A,2022,10,40,4,247.8,0.033,0,0
2022-10-16,SKU011,Clothing,194,291.65,56580.1,812,1,WH-A,2022,10,41,4,235.5,-0.176,0,194
2022-10-23,SKU011,Clothing,337,22.12,7454.44,326,0,WH-B,2022,10,42,4,255.0,0.322,0,0
2022-10-30,SKU011,Clothing,143,237.59,33975.37,100,0,WH-A,2022,10,43,4,232.5,-0.385,0,0
2022-11-06,SKU011,Clothing,191,240.5,45935.5,984,0,WH-B,2022,11,44,4,216.2,-0.117,0,0
2022-11-13,SKU011,Clothing,197,159.78,31476.66,556,0,WH-B,2022,11,45,4,217.0,-0.092,0,0
2022-11-20,SKU011,Clothing,188,234.88,44157.44,282,0,WH-C,2022,11,46,4,179.8,0.046,0,0
2022-11-27,SKU011,Clothing,202,369.37,74612.74,537,0,WH-C,2022,11,47,4,194.5,0.039,0,0
2022-12-04,SKU011,Clothing,221,31.76,7018.96,52,0,WH-A,2022,12,48,4,202.0,0.094,0,0
2022-12-11,SKU011,Clothing,247,69.18,17087.46,387,0,WH-A,2022,12,49,4,214.5,0.152,0,0
2022-12-18,SKU011,Clothing,244,90.76,22145.44,90,0,WH-C,2022,12,50,4,228.5,0.068,0,0
2022-12-25,SKU011,Clothing,289,96.54,27900.06,578,0,WH-C,2022,12,51,4,250.2,0.155,0,0
2023-01-01,SKU011,Clothing,323,132.67,42852.41,303,0,WH-C,2023,1,52,1,275.8,0.171,0,0
2023-01-08,SKU011,Clothing,362,499.44,180797.28,570,0,WH-B,2023,1,1,1,304.5,0.189,0,0
2023-01-15,SKU011,Clothing,386,372.36,143730.96,76,0,WH-B,2023,1,2,1,340.0,0.135,0,0
2023-01-22,SKU011,Clothing,395,424.93,167847.35,744,0,WH-A,2023,1,3,1,366.5,0.078,0,0
2023-01-29,SKU011,Clothing,408,406.98,166047.84,742,1,WH-C,2023,1,4,1,387.8,0.052,0,408
2023-02-05,SKU011,Clothing,496,177.79,88183.84,32,0,WH-A,2023,2,5,1,421.2,0.178,1,0
2023-02-12,SKU011,Clothing,486,340.86,165657.96,410,0,WH-A,2023,2,6,1,446.2,0.089,0,0
2023-02-19,SKU011,Clothing,508,284.31,144429.48,232,0,WH-A,2023,2,7,1,474.5,0.071,0,0
2023-02-26,SKU011,Clothing,473,214.67,101538.91,208,0,WH-B,2023,2,8,1,490.8,-0.036,0,0
2023-03-05,SKU011,Clothing,497,306.72,152439.84,634,0,WH-C,2023,3,9,1,491.0,0.012,0,0
2023-03-12,SKU011,Clothing,492,474.21,233311.32,953,0,WH-B,2023,3,10,1,492.5,-0.001,0,0
2023-03-19,SKU011,Clothing,438,172.12,75388.56,489,1,WH-B,2023,3,11,1,475.0,-0.078,0,438
2023-03-26,SKU011,Clothing,455,31.07,14136.85,95,0,WH-A,2023,3,12,1,470.5,-0.033,0,0
2023-04-02,SKU011,Clothing,428,376.6,161184.8,630,0,WH-A,2023,4,13,2,453.2,-0.056,0,0
2023-04-09,SKU011,Clothing,419,97.11,40689.09,232,0,WH-B,2023,4,14,2,435.0,-0.037,0,0
2023-04-16,SKU011,Clothing,377,150.43,56712.11,43,0,WH-A,2023,4,15,2,419.8,-0.102,1,0
2023-04-23,SKU011,Clothing,372,119.33,44390.76,601,0,WH-C,2023,4,16,2,399.0,-0.068,0,0
2023-04-30,SKU011,Clothing,337,71.02,23933.74,220,0,WH-C,2023,4,17,2,376.2,-0.104,0,0
2023-05-07,SKU011,Clothing,353,403.01,142262.53,13,0,WH-B,2023,5,18,2,359.8,-0.019,1,0
2023-05-14,SKU011,Clothing,354,98.53,34879.62,813,0,WH-B,2023,5,19,2,354.0,0.0,0,0
2023-05-21,SKU011,Clothing,364,377.84,137533.76,1,0,WH-B,2023,5,20,2,352.0,0.034,1,0
2023-05-28,SKU011,Clothing,345,390.66,134777.7,207,0,WH-A,2023,5,21,2,354.0,-0.025,0,0
2023-06-04,SKU011,Clothing,311,499.03,155198.33,165,1,WH-A,2023,6,22,2,343.5,-0.095,0,311
2023-06-11,SKU011,Clothing,338,295.6,99912.8,88,0,WH-A,2023,6,23,2,339.5,-0.004,0,0
2023-06-18,SKU011,Clothing,325,399.59,129866.75,817,0,WH-A,2023,6,24,2,329.8,-0.015,0,0
2023-06-25,SKU011,Clothing,343,83.3,28571.9,173,0,WH-B,2023,6,25,2,329.2,0.042,0,0
2023-07-02,SKU011,Clothing,358,154.95,55472.1,251,0,WH-C,2023,7,26,3,341.0,0.05,0,0
2023-07-09,SKU011,Clothing,313,241.01,75436.13,839,0,WH-A,2023,7,27,3,334.8,-0.065,0,0
2023-07-16,SKU011,Clothing,325,397.21,129093.25,568,0,WH-B,2023,7,28,3,334.8,-0.029,0,0
2023-07-23,SKU011,Clothing,357,479.25,171092.25,910,0,WH-A,2023,7,29,3,338.2,0.056,0,0
2023-07-30,SKU011,Clothing,343,390.51,133944.93,8,0,WH-C,2023,7,30,3,334.5,0.025,1,0
2023-08-06,SKU011,Clothing,325,248.46,80749.5,287,0,WH-C,2023,8,31,3,337.5,-0.037,0,0
2023-08-13,SKU011,Clothing,358,198.26,70977.08,597,0,WH-C,2023,8,32,3,345.8,0.035,0,0
2023-08-20,SKU011,Clothing,376,227.34,85479.84,219,0,WH-C,2023,8,33,3,350.5,0.073,0,0
2023-08-27,SKU011,Clothing,341,394.61,134562.01,703,0,WH-A,2023,8,34,3,350.0,-0.026,0,0
2023-09-03,SKU011,Clothing,289,484.2,139933.8,390,1,WH-B,2023,9,35,3,341.0,-0.152,0,289
2023-09-10,SKU011,Clothing,276,173.25,47817.0,838,1,WH-C,2023,9,36,3,320.5,-0.139,0,276
2023-09-17,SKU011,Clothing,310,232.59,72102.9,841,0,WH-B,2023,9,37,3,304.0,0.02,0,0
2023-09-24,SKU011,Clothing,337,403.77,136070.49,378,0,WH-A,2023,9,38,3,303.0,0.112,0,0
2023-10-01,SKU011,Clothing,218,200.93,43802.74,752,1,WH-A,2023,10,39,4,285.2,-0.236,0,218
2023-10-08,SKU011,Clothing,260,39.86,10363.6,110,0,WH-A,2023,10,40,4,281.2,-0.075,0,0
2023-10-15,SKU011,Clothing,210,104.35,21913.5,638,0,WH-A,2023,10,41,4,256.2,-0.18,0,0
2023-10-22,SKU011,Clothing,186,72.04,13399.44,639,0,WH-B,2023,10,42,4,218.5,-0.149,0,0
2023-10-29,SKU011,Clothing,337,294.58,99273.46,374,0,WH-C,2023,10,43,4,248.2,0.358,0,0
2023-11-05,SKU011,Clothing,186,126.54,23536.44,604,0,WH-A,2023,11,44,4,229.8,-0.191,0,0
2023-11-12,SKU011,Clothing,205,241.01,49407.05,419,0,WH-A,2023,11,45,4,228.5,-0.103,0,0
2023-11-19,SKU011,Clothing,234,394.45,92301.3,246,1,WH-B,2023,11,46,4,240.5,-0.027,0,234
2023-11-26,SKU011,Clothing,227,272.57,61873.39,936,0,WH-B,2023,11,47,4,213.0,0.066,0,0
2023-12-03,SKU011,Clothing,236,241.01,56878.36,276,0,WH-B,2023,12,48,4,225.5,0.047,0,0
2023-12-10,SKU011,Clothing,236,414.53,97829.08,977,0,WH-C,2023,12,49,4,233.2,0.012,0,0
2023-12-17,SKU011,Clothing,285,138.78,39552.3,171,0,WH-A,2023,12,50,4,246.0,0.159,0,0
2023-12-24,SKU011,Clothing,315,240.98,75908.7,613,0,WH-C,2023,12,51,4,268.0,0.175,0,0
2023-12-31,SKU011,Clothing,359,123.87,44469.33,559,0,WH-A,2023,12,52,4,298.8,0.201,0,0
2024-01-07,SKU011,Clothing,363,195.89,71108.07,788,0,WH-B,2024,1,1,1,330.5,0.098,0,0
2024-01-14,SKU011,Clothing,412,368.27,151727.24,643,0,WH-A,2024,1,2,1,362.2,0.137,0,0
2024-01-21,SKU011,Clothing,409,471.17,192708.53,518,1,WH-C,2024,1,3,1,385.8,0.06,0,409
2024-01-28,SKU011,Clothing,480,298.44,143251.2,348,0,WH-C,2024,1,4,1,416.0,0.154,0,0
2024-02-04,SKU011,Clothing,337,276.45,93163.65,418,1,WH-A,2024,2,5,1,409.5,-0.177,0,337
2024-02-11,SKU011,Clothing,524,93.81,49156.44,93,0,WH-C,2024,2,6,1,437.5,0.198,0,0
2024-02-18,SKU011,Clothing,500,18.52,9260.0,578,0,WH-A,2024,2,7,1,460.2,0.086,0,0
2024-02-25,SKU011,Clothing,499,217.46,108512.54,61,0,WH-B,2024,2,8,1,465.0,0.073,0,0
2024-03-03,SKU011,Clothing,472,52.03,24558.16,746,0,WH-B,2024,3,9,1,498.8,-0.054,0,0
2024-03-10,SKU011,Clothing,527,35.44,18676.88,460,0,WH-A,2024,3,10,1,499.5,0.055,0,0
2024-03-17,SKU011,Clothing,514,69.01,35471.14,344,0,WH-C,2024,3,11,1,503.0,0.022,0,0
2024-03-24,SKU011,Clothing,484,54.12,26194.08,593,0,WH-B,2024,3,12,1,499.2,-0.03,0,0
2024-03-31,SKU011,Clothing,461,473.08,218089.88,314,0,WH-C,2024,3,13,1,496.5,-0.072,0,0
2024-04-07,SKU011,Clothing,450,84.26,37917.0,377,0,WH-B,2024,4,14,2,477.2,-0.057,0,0
2024-04-14,SKU011,Clothing,337,371.41,125165.17,415,1,WH-C,2024,4,15,2,433.0,-0.222,0,337
2024-04-21,SKU011,Clothing,393,144.93,56957.49,933,0,WH-A,2024,4,16,2,410.2,-0.042,0,0
2024-04-28,SKU011,Clothing,406,166.59,67635.54,850,0,WH-B,2024,4,17,2,396.5,0.024,0,0
2024-05-05,SKU011,Clothing,391,424.75,166077.25,871,0,WH-C,2024,5,18,2,381.8,0.024,0,0
2024-05-12,SKU011,Clothing,361,36.32,13111.52,326,0,WH-B,2024,5,19,2,387.8,-0.069,0,0
2024-05-19,SKU011,Clothing,332,319.28,106000.96,940,0,WH-C,2024,5,20,2,372.5,-0.109,0,0
2024-05-26,SKU011,Clothing,373,356.23,132873.79,694,0,WH-C,2024,5,21,2,364.2,0.024,0,0
2024-06-02,SKU011,Clothing,322,287.71,92642.62,220,0,WH-A,2024,6,22,2,347.0,-0.072,0,0
2024-06-09,SKU011,Clothing,355,90.95,32287.25,895,0,WH-B,2024,6,23,2,345.5,0.027,0,0
2024-06-16,SKU011,Clothing,293,391.16,114609.88,617,0,WH-B,2024,6,24,2,335.8,-0.127,0,0
2024-06-23,SKU011,Clothing,336,39.83,13382.88,286,0,WH-C,2024,6,25,2,326.5,0.029,0,0
2024-06-30,SKU011,Clothing,332,430.31,142862.92,220,0,WH-C,2024,6,26,2,329.0,0.009,0,0
2024-07-07,SKU011,Clothing,367,333.25,122302.75,870,0,WH-B,2024,7,27,3,332.0,0.105,0,0
2024-07-14,SKU011,Clothing,360,234.88,84556.8,891,0,WH-C,2024,7,28,3,348.8,0.032,0,0
2024-07-21,SKU011,Clothing,390,253.73,98954.7,266,0,WH-C,2024,7,29,3,362.2,0.077,0,0
2024-07-28,SKU011,Clothing,392,79.85,31301.2,0,0,WH-C,2024,7,30,3,377.2,0.039,1,0
2024-08-04,SKU011,Clothing,331,165.35,54730.85,757,0,WH-C,2024,8,31,3,368.2,-0.101,0,0
2024-08-11,SKU011,Clothing,340,235.52,80076.8,942,0,WH-A,2024,8,32,3,363.2,-0.064,0,0
2024-08-18,SKU011,Clothing,337,446.7,150537.9,300,0,WH-B,2024,8,33,3,350.0,-0.037,0,0
2024-08-25,SKU011,Clothing,359,327.69,117640.71,643,0,WH-A,2024,8,34,3,341.8,0.05,0,0
2024-09-01,SKU011,Clothing,295,79.85,23555.75,626,0,WH-C,2024,9,35,3,332.8,-0.114,0,0
2024-09-08,SKU011,Clothing,308,473.32,145782.56,602,0,WH-C,2024,9,36,3,324.8,-0.052,0,0
2024-09-15,SKU011,Clothing,232,335.9,77928.8,513,0,WH-C,2024,9,37,3,298.5,-0.223,0,0
2024-09-22,SKU011,Clothing,248,224.11,55579.28,905,0,WH-C,2024,9,38,3,270.8,-0.084,0,0
2024-09-29,SKU011,Clothing,237,375.52,88998.24,574,0,WH-B,2024,9,39,3,256.2,-0.075,0,0
2024-10-06,SKU011,Clothing,224,68.91,15435.84,525,0,WH-C,2024,10,40,4,235.2,-0.048,0,0
2024-10-13,SKU011,Clothing,237,29.8,7062.6,604,0,WH-A,2024,10,41,4,236.5,0.002,0,0
2024-10-20,SKU011,Clothing,211,483.23,101961.53,859,0,WH-C,2024,10,42,4,227.2,-0.071,0,0
2024-10-27,SKU011,Clothing,226,166.28,37579.28,514,0,WH-B,2024,10,43,4,224.5,0.007,0,0
2024-11-03,SKU011,Clothing,223,164.57,36699.11,623,0,WH-C,2024,11,44,4,224.2,-0.005,0,0
2024-11-10,SKU011,Clothing,236,231.51,54636.36,246,0,WH-B,2024,11,45,4,224.0,0.054,0,0
2024-11-17,SKU011,Clothing,194,252.65,49014.1,38,0,WH-A,2024,11,46,4,219.8,-0.117,1,0
2024-11-24,SKU011,Clothing,224,384.89,86215.36,137,0,WH-B,2024,11,47,4,219.2,0.022,0,0
2024-12-01,SKU011,Clothing,259,428.01,110854.59,218,0,WH-A,2024,12,48,4,228.2,0.135,0,0
2024-12-08,SKU011,Clothing,272,368.29,100174.88,559,0,WH-C,2024,12,49,4,237.2,0.147,0,0
2024-12-15,SKU011,Clothing,308,63.24,19477.92,136,0,WH-B,2024,12,50,4,265.8,0.159,0,0
2024-12-22,SKU011,Clothing,309,226.32,69932.88,198,1,WH-C,2024,12,51,4,287.0,0.077,0,309
2024-12-29,SKU011,Clothing,335,430.56,144237.6,430,0,WH-B,2024,12,52,4,306.0,0.095,0,0
2022-01-02,SKU012,Clothing,285,489.15,139407.75,904,0,WH-B,2022,1,52,1,285.0,0.0,0,0
2022-01-09,SKU012,Clothing,331,109.58,36270.98,58,1,WH-A,2022,1,1,1,308.0,0.075,0,331
2022-01-16,SKU012,Clothing,332,214.89,71343.48,501,1,WH-C,2022,1,2,1,316.0,0.051,0,332
2022-01-23,SKU012,Clothing,390,86.3,33657.0,523,0,WH-B,2022,1,3,1,334.5,0.166,0,0
2022-01-30,SKU012,Clothing,415,329.74,136842.1,455,1,WH-C,2022,1,4,1,367.0,0.131,0,415
2022-02-06,SKU012,Clothing,398,354.17,140959.66,409,0,WH-C,2022,2,5,1,383.8,0.037,0,0
2022-02-13,SKU012,Clothing,396,283.19,112143.24,959,1,WH-A,2022,2,6,1,399.8,-0.01,0,396
2022-02-20,SKU012,Clothing,450,257.38,115821.0,407,0,WH-C,2022,2,7,1,414.8,0.085,0,0
2022-02-27,SKU012,Clothing,451,204.08,92040.08,277,0,WH-C,2022,2,8,1,423.8,0.064,0,0
2022-03-06,SKU012,Clothing,437,279.17,121997.29,185,1,WH-B,2022,3,9,1,433.5,0.008,0,437
2022-03-13,SKU012,Clothing,482,62.68,30211.76,233,0,WH-A,2022,3,10,1,455.0,0.059,0,0
2022-03-20,SKU012,Clothing,412,266.07,109620.84,340,0,WH-A,2022,3,11,1,445.5,-0.075,0,0
2022-03-27,SKU012,Clothing,430,189.63,81540.9,298,0,WH-C,2022,3,12,1,440.2,-0.023,0,0
2022-04-03,SKU012,Clothing,413,188.64,77908.32,732,0,WH-A,2022,4,13,2,434.2,-0.049,0,0
2022-04-10,SKU012,Clothing,351,33.19,11649.69,772,0,WH-A,2022,4,14,2,401.5,-0.126,0,0
2022-04-17,SKU012,Clothing,387,483.35,187056.45,171,1,WH-B,2022,4,15,2,395.2,-0.021,0,387
2022-04-24,SKU012,Clothing,342,425.49,145517.58,809,0,WH-A,2022,4,16,2,373.2,-0.084,0,0
2022-05-01,SKU012,Clothing,342,301.8,103215.6,883,0,WH-B,2022,5,17,2,355.5,-0.038,0,0
2022-05-08,SKU012,Clothing,278,151.14,42016.92,45,1,WH-B,2022,5,18,2,337.2,-0.176,1,278
2022-05-15,SKU012,Clothing,313,289.68,90669.84,862,1,WH-A,2022,5,19,2,318.8,-0.018,0,313
2022-05-22,SKU012,Clothing,280,68.07,19059.6,702,0,WH-B,2022,5,20,2,303.2,-0.077,0,0
2022-05-29,SKU012,Clothing,340,182.61,62087.4,0,0,WH-C,2022,5,21,2,302.8,0.123,1,0
2022-06-05,SKU012,Clothing,357,157.29,56152.53,733,0,WH-C,2022,6,22,2,322.5,0.107,0,0
2022-06-12,SKU012,Clothing,296,114.21,33806.16,95,1,WH-B,2022,6,23,2,318.2,-0.07,0,296
2022-06-19,SKU012,Clothing,278,477.02,132611.56,365,0,WH-B,2022,6,24,2,317.8,-0.125,0,0
2022-06-26,SKU012,Clothing,334,492.82,164601.88,389,0,WH-C,2022,6,25,2,316.2,0.056,0,0
2022-07-03,SKU012,Clothing,278,128.16,35628.48,86,0,WH-B,2022,7,26,3,296.5,-0.062,0,0
2022-07-10,SKU012,Clothing,306,258.11,78981.66,823,0,WH-B,2022,7,27,3,299.0,0.023,0,0
2022-07-17,SKU012,Clothing,305,176.57,53853.85,744,1,WH-C,2022,7,28,3,305.8,-0.003,0,305
2022-07-24,SKU012,Clothing,317,295.19,93575.23,626,0,WH-B,2022,7,29,3,301.5,0.051,0,0
2022-07-31,SKU012,Clothing,325,265.07,86147.75,263,0,WH-B,2022,7,30,3,313.2,0.038,0,0
2022-08-07,SKU012,Clothing,311,464.48,144453.28,345,0,WH-B,2022,8,31,3,314.5,-0.011,0,0
2022-08-14,SKU012,Clothing,294,190.36,55965.84,119,0,WH-A,2022,8,32,3,311.8,-0.057,0,0
2022-08-21,SKU012,Clothing,261,31.72,8278.92,909,0,WH-B,2022,8,33,3,297.8,-0.124,0,0
2022-08-28,SKU012,Clothing,314,54.2,17018.8,129,1,WH-B,2022,8,34,3,295.0,0.064,0,314
2022-09-04,SKU012,Clothing,238,359.07,85458.66,810,1,WH-C,2022,9,35,3,276.8,-0.14,0,238
2022-09-11,SKU012,Clothing,215,69.41,14923.15,175,0,WH-C,2022,9,36,3,257.0,-0.163,0,0
2022-09-18,SKU012,Clothing,239,321.64,76871.96,850,0,WH-C,2022,9,37,3,251.5,-0.05,0,0
2022-09-25,SKU012,Clothing,209,458.83,95895.47,502,1,WH-B,2022,9,38,3,225.2,-0.072,0,209
2022-10-02,SKU012,Clothing,226,460.99,104183.74,24,0,WH-A,2022,10,39,4,222.2,0.017,1,0
2022-10-09,SKU012,Clothing,149,433.36,64570.64,711,0,WH-C,2022,10,40,4,205.8,-0.276,0,0
2022-10-16,SKU012,Clothing,166,388.1,64424.6,297,0,WH-B,2022,10,41,4,187.5,-0.115,0,0
2022-10-23,SKU012,Clothing,197,402.56,79304.32,99,0,WH-C,2022,10,42,4,184.5,0.068,0,0
2022-10-30,SKU012,Clothing,195,22.43,4373.85,808,1,WH-A,2022,10,43,4,176.8,0.103,0,195
2022-11-06,SKU012,Clothing,161,340.93,54889.73,779,0,WH-A,2022,11,44,4,179.8,-0.105,0,0
2022-11-13,SKU012,Clothing,190,94.88,18027.2,437,1,WH-B,2022,11,45,4,185.8,0.023,0,190
2022-11-20,SKU012,Clothing,172,256.9,44186.8,278,0,WH-B,2022,11,46,4,179.5,-0.042,0,0
2022-11-27,SKU012,Clothing,171,392.81,67170.51,867,0,WH-A,2022,11,47,4,173.5,-0.014,0,0
2022-12-04,SKU012,Clothing,217,419.8,91096.6,654,0,WH-A,2022,12,48,4,187.5,0.157,0,0
2022-12-11,SKU012,Clothing,259,122.04,31608.36,581,0,WH-C,2022,12,49,4,204.8,0.265,0,0
2022-12-18,SKU012,Clothing,249,128.88,32091.12,336,0,WH-C,2022,12,50,4,224.0,0.112,0,0
2022-12-25,SKU012,Clothing,222,377.76,83862.72,619,0,WH-B,2022,12,51,4,236.8,-0.063,0,0
2023-01-01,SKU012,Clothing,276,147.36,40671.36,32,0,WH-A,2023,1,52,1,251.5,0.097,1,0
2023-01-08,SKU012,Clothing,332,428.17,142152.44,23,0,WH-A,2023,1,1,1,269.8,0.231,1,0
2023-01-15,SKU012,Clothing,343,449.79,154277.97,105,0,WH-C,2023,1,2,1,293.2,0.17,0,0
2023-01-22,SKU012,Clothing,355,89.49,31768.95,548,0,WH-B,2023,1,3,1,326.5,0.087,0,0
2023-01-29,SKU012,Clothing,392,346.13,135682.96,189,0,WH-C,2023,1,4,1,355.5,0.103,0,0
2023-02-05,SKU012,Clothing,371,323.33,119955.43,5,0,WH-A,2023,2,5,1,365.2,0.016,1,0
2023-02-12,SKU012,Clothing,408,442.34,180474.72,104,0,WH-C,2023,2,6,1,381.5,0.069,0,0
2023-02-19,SKU012,Clothing,427,44.98,19206.46,661,0,WH-C,2023,2,7,1,399.5,0.069,0,0
2023-02-26,SKU012,Clothing,439,422.85,185631.15,446,0,WH-A,2023,2,8,1,411.2,0.068,0,0
2023-03-05,SKU012,Clothing,399,234.83,93697.17,864,1,WH-A,2023,3,9,1,418.2,-0.046,0,399
2023-03-12,SKU012,Clothing,441,307.84,135757.44,250,0,WH-B,2023,3,10,1,426.5,0.034,0,0
2023-03-19,SKU012,Clothing,382,311.6,119031.2,784,0,WH-A,2023,3,11,1,415.2,-0.08,0,0
2023-03-26,SKU012,Clothing,399,107.42,42860.58,645,0,WH-A,2023,3,12,1,405.2,-0.015,0,0
2023-04-02,SKU012,Clothing,400,222.0,88800.0,911,0,WH-A,2023,4,13,2,405.5,-0.014,0,0
2023-04-09,SKU012,Clothing,378,209.34,79130.52,512,0,WH-C,2023,4,14,2,389.8,-0.03,0,0
2023-04-16,SKU012,Clothing,339,484.43,164221.77,517,0,WH-B,2023,4,15,2,379.0,-0.106,0,0
2023-04-23,SKU012,Clothing,319,435.64,138969.16,425,0,WH-B,2023,4,16,2,359.0,-0.111,0,0
2023-04-30,SKU012,Clothing,319,478.9,152769.1,728,0,WH-B,2023,4,17,2,338.8,-0.058,0,0
2023-05-07,SKU012,Clothing,336,83.87,28180.32,344,0,WH-C,2023,5,18,2,328.2,0.024,0,0
2023-05-14,SKU012,Clothing,267,218.95,58459.65,485,0,WH-A,2023,5,19,2,310.2,-0.139,0,0
2023-05-21,SKU012,Clothing,262,100.78,26404.36,317,0,WH-C,2023,5,20,2,296.0,-0.115,0,0
2023-05-28,SKU012,Clothing,284,47.86,13592.24,633,0,WH-A,2023,5,21,2,287.2,-0.011,0,0
2023-06-04,SKU012,Clothing,288,263.79,75971.52,971,0,WH-C,2023,6,22,2,275.2,0.047,0,0
2023-06-11,SKU012,Clothing,302,433.79,131004.58,295,0,WH-A,2023,6,23,2,284.0,0.063,0,0
2023-06-18,SKU012,Clothing,274,469.08,128527.92,919,0,WH-A,2023,6,24,2,287.0,-0.045,0,0
2023-06-25,SKU012,Clothing,305,84.38,25735.9,707,0,WH-A,2023,6,25,2,292.2,0.044,0,0
2023-07-02,SKU012,Clothing,317,297.65,94355.05,683,0,WH-C,2023,7,26,3,299.5,0.058,0,0
2023-07-09,SKU012,Clothing,252,15.5,3906.0,157,0,WH-B,2023,7,27,3,287.0,-0.122,0,0
2023-07-16,SKU012,Clothing,293,298.48,87454.64,584,0,WH-B,2023,7,28,3,291.8,0.004,0,0
2023-07-23,SKU012,Clothing,330,81.6,26928.0,668,0,WH-C,2023,7,29,3,298.0,0.107,0,0
2023-07-30,SKU012,Clothing,300,57.34,17202.0,447,0,WH-B,2023,7,30,3,293.8,0.021,0,0
2023-08-06,SKU012,Clothing,315,117.22,36924.3,222,0,WH-A,2023,8,31,3,309.5,0.018,0,0
2023-08-13,SKU012,Clothing,300,319.57,95871.0,880,0,WH-C,2023,8,32,3,311.2,-0.036,0,0
2023-08-20,SKU012,Clothing,286,423.23,121043.78,79,0,WH-C,2023,8,33,3,300.2,-0.047,0,0
2023-08-27,SKU012,Clothing,290,115.14,33390.6,294,0,WH-B,2023,8,34,3,297.8,-0.026,0,0
2023-09-03,SKU012,Clothing,272,267.61,72789.92,863,1,WH-B,2023,9,35,3,287.0,-0.052,0,272
2023-09-10,SKU012,Clothing,247,399.99,98797.53,142,0,WH-A,2023,9,36,3,273.8,-0.098,0,0
2023-09-17,SKU012,Clothing,256,56.67,14507.52,20,0,WH-B,2023,9,37,3,266.2,-0.038,1,0
2023-09-24,SKU012,Clothing,222,43.94,9754.68,61,0,WH-C,2023,9,38,3,249.2,-0.109,0,0
2023-10-01,SKU012,Clothing,212,360.83,76495.96,671,0,WH-B,2023,10,39,4,234.2,-0.095,0,0
2023-10-08,SKU012,Clothing,189,14.69,2776.41,807,0,WH-A,2023,10,40,4,219.8,-0.14,0,0
2023-10-15,SKU012,Clothing,186,54.83,10198.38,481,0,WH-B,2023,10,41,4,202.2,-0.08,0,0
2023-10-22,SKU012,Clothing,165,476.26,78582.9,88,0,WH-B,2023,10,42,4,188.0,-0.122,0,0
2023-10-29,SKU012,Clothing,159,197.38,31383.42,168,0,WH-B,2023,10,43,4,174.8,-0.09,0,0
2023-11-05,SKU012,Clothing,181,127.44,23066.64,271,0,WH-C,2023,11,44,4,172.8,0.047,0,0
2023-11-12,SKU012,Clothing,168,112.72,18936.96,509,0,WH-B,2023,11,45,4,168.2,-0.001,0,0
2023-11-19,SKU012,Clothing,188,370.76,69702.88,552,0,WH-A,2023,11,46,4,174.0,0.08,0,0
2023-11-26,SKU012,Clothing,200,225.67,45134.0,239,0,WH-B,2023,11,47,4,184.2,0.086,0,0
2023-12-03,SKU012,Clothing,186,41.01,7627.86,144,0,WH-A,2023,12,48,4,185.5,0.003,0,0
2023-12-10,SKU012,Clothing,200,249.42,49884.0,89,0,WH-C,2023,12,49,4,193.5,0.034,0,0
2023-12-17,SKU012,Clothing,246,462.82,113853.72,549,0,WH-B,2023,12,50,4,208.0,0.183,0,0
2023-12-24,SKU012,Clothing,282,154.84,43664.88,595,0,WH-B,2023,12,51,4,228.5,0.234,0,0
2023-12-31,SKU012,Clothing,271,331.32,89787.72,518,0,WH-B,2023,12,52,4,249.8,0.085,0,0
2024-01-07,SKU012,Clothing,325,259.73,84412.25,121,0,WH-A,2024,1,1,1,281.0,0.157,0,0
2024-01-14,SKU012,Clothing,360,86.27,31057.2,827,0,WH-A,2024,1,2,1,309.5,0.163,0,0
2024-01-21,SKU012,Clothing,368,249.06,91654.08,1,0,WH-C,2024,1,3,1,331.0,0.112,1,0
2024-01-28,SKU012,Clothing,379,194.45,73696.55,295,0,WH-C,2024,1,4,1,358.0,0.059,0,0
2024-02-04,SKU012,Clothing,296,432.68,128073.28,768,0,WH-C,2024,2,5,1,350.8,-0.156,0,0
2024-02-11,SKU012,Clothing,385,416.41,160317.85,834,0,WH-B,2024,2,6,1,357.0,0.078,0,0
2024-02-18,SKU012,Clothing,429,38.49,16512.21,88,0,WH-A,2024,2,7,1,372.2,0.153,0,0
2024-02-25,SKU012,Clothing,416,75.86,31557.76,462,0,WH-A,2024,2,8,1,381.5,0.09,0,0
2024-03-03,SKU012,Clothing,396,324.72,128589.12,594,0,WH-A,2024,3,9,1,406.5,-0.026,0,0
2024-03-10,SKU012,Clothing,380,45.8,17404.0,945,0,WH-A,2024,3,10,1,405.2,-0.062,0,0
2024-03-17,SKU012,Clothing,410,369.58,151527.8,309,0,WH-C,2024,3,11,1,400.5,0.024,0,0
2024-03-24,SKU012,Clothing,411,304.96,125338.56,743,0,WH-C,2024,3,12,1,399.2,0.03,0,0
2024-03-31,SKU012,Clothing,382,86.74,33134.68,122,0,WH-A,2024,3,13,1,395.8,-0.035,0,0
2024-04-07,SKU012,Clothing,359,284.68,102200.12,890,0,WH-A,2024,4,14,2,390.5,-0.081,0,0
2024-04-14,SKU012,Clothing,325,36.79,11956.75,205,0,WH-A,2024,4,15,2,369.2,-0.12,0,0
2024-04-21,SKU012,Clothing,405,126.95,51414.75,339,0,WH-A,2024,4,16,2,367.8,0.101,0,0
2024-04-28,SKU012,Clothing,325,471.66,153289.5,574,0,WH-A,2024,4,17,2,353.5,-0.081,0,0
2024-05-05,SKU012,Clothing,300,129.99,38997.0,179,0,WH-A,2024,5,18,2,338.8,-0.115,0,0
2024-05-12,SKU012,Clothing,302,346.31,104585.62,728,1,WH-C,2024,5,19,2,333.0,-0.093,0,302
2024-05-19,SKU012,Clothing,312,189.69,59183.28,255,0,WH-C,2024,5,20,2,309.8,0.007,0,0
2024-05-26,SKU012,Clothing,262,247.01,64716.62,418,0,WH-B,2024,5,21,2,294.0,-0.109,0,0
2024-06-02,SKU012,Clothing,296,457.1,135301.6,378,0,WH-B,2024,6,22,2,293.0,0.01,0,0
2024-06-09,SKU012,Clothing,278,276.34,76822.52,720,0,WH-B,2024,6,23,2,287.0,-0.031,0,0
2024-06-16,SKU012,Clothing,309,425.34,131430.06,377,0,WH-C,2024,6,24,2,286.2,0.08,0,0
2024-06-23,SKU012,Clothing,296,268.4,79446.4,161,0,WH-B,2024,6,25,2,294.8,0.004,0,0
2024-06-30,SKU012,Clothing,296,476.55,141058.8,775,0,WH-A,2024,6,26,2,294.8,0.004,0,0
2024-07-07,SKU012,Clothing,269,265.78,71494.82,224,0,WH-B,2024,7,27,3,292.5,-0.08,0,0
2024-07-14,SKU012,Clothing,279,277.71,77481.09,152,1,WH-B,2024,7,28,3,285.0,-0.021,0,279
2024-07-21,SKU012,Clothing,299,403.53,120655.47,610,1,WH-B,2024,7,29,3,285.8,0.046,0,299
2024-07-28,SKU012,Clothing,314,204.78,64300.92,194,0,WH-C,2024,7,30,3,290.2,0.082,0,0
2024-08-04,SKU012,Clothing,303,32.82,9944.46,379,1,WH-C,2024,8,31,3,298.8,0.014,0,303
2024-08-11,SKU012,Clothing,280,311.96,87348.8,591,0,WH-C,2024,8,32,3,299.0,-0.064,0,0
2024-08-18,SKU012,Clothing,265,187.24,49618.6,260,0,WH-C,2024,8,33,3,290.5,-0.088,0,0
2024-08-25,SKU012,Clothing,295,204.38,60292.1,883,0,WH-C,2024,8,34,3,285.8,0.032,0,0
2024-09-01,SKU012,Clothing,255,217.03,55342.65,14,1,WH-B,2024,9,35,3,273.8,-0.069,1,255
2024-09-08,SKU012,Clothing,222,40.27,8939.94,445,1,WH-C,2024,9,36,3,259.2,-0.144,0,222
2024-09-15,SKU012,Clothing,198,237.3,46985.4,511,1,WH-B,2024,9,37,3,242.5,-0.184,0,198
2024-09-22,SKU012,Clothing,217,108.92,23635.64,701,0,WH-B,2024,9,38,3,223.0,-0.027,0,0
2024-09-29,SKU012,Clothing,238,457.0,108766.0,796,0,WH-B,2024,9,39,3,218.8,0.088,0,0
2024-10-06,SKU012,Clothing,180,108.09,19456.2,415,0,WH-C,2024,10,40,4,208.2,-0.135,0,0
2024-10-13,SKU012,Clothing,296,327.37,96901.52,434,0,WH-C,2024,10,41,4,232.8,0.271,0,0
2024-10-20,SKU012,Clothing,151,217.91,32904.41,837,0,WH-A,2024,10,42,4,216.2,-0.302,0,0
2024-10-27,SKU012,Clothing,165,272.2,44913.0,133,0,WH-B,2024,10,43,4,198.0,-0.167,0,0
2024-11-03,SKU012,Clothing,170,462.23,78579.1,771,0,WH-B,2024,11,44,4,195.5,-0.13,0,0
2024-11-10,SKU012,Clothing,167,135.47,22623.49,529,0,WH-C,2024,11,45,4,163.2,0.023,0,0
2024-11-17,SKU012,Clothing,181,93.76,16970.56,417,0,WH-A,2024,11,46,4,170.8,0.06,0,0
2024-11-24,SKU012,Clothing,197,262.05,51623.85,251,0,WH-C,2024,11,47,4,178.8,0.102,0,0
2024-12-01,SKU012,Clothing,176,188.85,33237.6,966,0,WH-C,2024,12,48,4,180.2,-0.023,0,0
2024-12-08,SKU012,Clothing,191,311.99,59590.09,994,0,WH-A,2024,12,49,4,186.2,0.026,0,0
2024-12-15,SKU012,Clothing,207,485.8,100560.6,341,0,WH-B,2024,12,50,4,192.8,0.074,0,0
2024-12-22,SKU012,Clothing,280,10.57,2959.6,680,1,WH-B,2024,12,51,4,213.5,0.311,0,280
2024-12-29,SKU012,Clothing,275,92.67,25484.25,7,0,WH-A,2024,12,52,4,238.2,0.154,1,0
2022-01-02,SKU013,Clothing,78,115.2,8985.6,275,0,WH-B,2022,1,52,1,78.0,0.0,0,0
2022-01-09,SKU013,Clothing,117,12.91,1510.47,415,0,WH-C,2022,1,1,1,97.5,0.2,0,0
2022-01-16,SKU013,Clothing,71,85.47,6068.37,907,0,WH-A,2022,1,2,1,88.7,-0.2,0,0
2022-01-23,SKU013,Clothing,105,251.62,26420.1,818,0,WH-B,2022,1,3,1,92.8,0.131,0,0
2022-01-30,SKU013,Clothing,102,421.27,42969.54,205,0,WH-A,2022,1,4,1,98.8,0.032,0,0
2022-02-06,SKU013,Clothing,133,463.88,61696.04,220,0,WH-A,2022,2,5,1,102.8,0.294,0,0
2022-02-13,SKU013,Clothing,151,362.53,54742.03,336,0,WH-A,2022,2,6,1,122.8,0.23,0,0
2022-02-20,SKU013,Clothing,118,233.53,27556.54,643,0,WH-B,2022,2,7,1,126.0,-0.063,0,0
2022-02-27,SKU013,Clothing,99,42.79,4236.21,98,0,WH-C,2022,2,8,1,125.2,-0.209,0,0
2022-03-06,SKU013,Clothing,147,394.3,57962.1,355,0,WH-A,2022,3,9,1,128.8,0.141,0,0
2022-03-13,SKU013,Clothing,138,417.48,57612.24,520,1,WH-B,2022,3,10,1,125.5,0.1,0,138
2022-03-20,SKU013,Clothing,103,342.83,35311.49,589,0,WH-A,2022,3,11,1,121.8,-0.154,0,0
2022-03-27,SKU013,Clothing,128,492.19,63000.32,89,0,WH-A,2022,3,12,1,129.0,-0.008,0,0
2022-04-03,SKU013,Clothing,74,24.3,1798.2,234,0,WH-A,2022,4,13,2,110.8,-0.332,0,0
2022-04-10,SKU013,Clothing,151,415.39,62723.89,78,0,WH-A,2022,4,14,2,114.0,0.325,0,0
2022-04-17,SKU013,Clothing,97,51.91,5035.27,377,0,WH-B,2022,4,15,2,112.5,-0.138,0,0
2022-04-24,SKU013,Clothing,136,82.58,11230.88,322,0,WH-C,2022,4,16,2,114.5,0.188,0,0
2022-05-01,SKU013,Clothing,93,295.14,27448.02,484,0,WH-C,2022,5,17,2,119.2,-0.22,0,0
2022-05-08,SKU013,Clothing,64,450.39,28824.96,888,0,WH-A,2022,5,18,2,97.5,-0.344,0,0
2022-05-15,SKU013,Clothing,102,318.18,32454.36,853,0,WH-A,2022,5,19,2,98.8,0.032,0,0
2022-05-22,SKU013,Clothing,110,279.74,30771.4,612,0,WH-B,2022,5,20,2,92.2,0.193,0,0
2022-05-29,SKU013,Clothing,131,274.58,35969.98,102,1,WH-A,2022,5,21,2,101.8,0.287,0,131
2022-06-05,SKU013,Clothing,106,123.75,13117.5,14,0,WH-A,2022,6,22,2,112.2,-0.055,1,0
2022-06-12,SKU013,Clothing,92,474.71,43673.32,63,0,WH-A,2022,6,23,2,109.8,-0.162,0,0
2022-06-19,SKU013,Clothing,82,391.31,32087.42,516,0,WH-C,2022,6,24,2,102.8,-0.202,0,0
2022-06-26,SKU013,Clothing,58,98.52,5714.16,455,0,WH-B,2022,6,25,2,84.5,-0.314,0,0
2022-07-03,SKU013,Clothing,78,351.07,27383.46,821,0,WH-B,2022,7,26,3,77.5,0.006,0,0
2022-07-10,SKU013,Clothing,75,215.66,16174.5,743,0,WH-C,2022,7,27,3,73.2,0.025,0,0
2022-07-17,SKU013,Clothing,76,33.56,2550.56,366,1,WH-B,2022,7,28,3,71.8,0.058,0,76
2022-07-24,SKU013,Clothing,109,317.21,34575.89,144,0,WH-A,2022,7,29,3,84.5,0.29,0,0
2022-07-31,SKU013,Clothing,81,471.38,38181.78,776,1,WH-C,2022,7,30,3,85.2,-0.049,0,81
2022-08-07,SKU013,Clothing,77,295.5,22753.5,953,1,WH-A,2022,8,31,3,85.8,-0.103,0,77
2022-08-14,SKU013,Clothing,77,255.05,19638.85,261,0,WH-A,2022,8,32,3,86.0,-0.105,0,0
2022-08-21,SKU013,Clothing,137,105.56,14461.72,79,0,WH-A,2022,8,33,3,93.0,0.473,0,0
2022-08-28,SKU013,Clothing,89,199.16,17725.24,570,0,WH-A,2022,8,34,3,95.0,-0.063,0,0
2022-09-04,SKU013,Clothing,40,59.54,2381.6,345,1,WH-C,2022,9,35,3,85.8,-0.534,0,40
2022-09-11,SKU013,Clothing,121,464.7,56228.7,111,0,WH-A,2022,9,36,3,96.8,0.25,0,0
2022-09-18,SKU013,Clothing,74,59.34,4391.16,960,1,WH-A,2022,9,37,3,81.0,-0.086,0,74
2022-09-25,SKU013,Clothing,41,494.26,20264.66,974,0,WH-B,2022,9,38,3,69.0,-0.406,0,0
2022-10-02,SKU013,Clothing,81,140.61,11389.41,579,0,WH-C,2022,10,39,4,79.2,0.023,0,0
2022-10-09,SKU013,Clothing,66,425.87,28107.42,40,1,WH-C,2022,10,40,4,65.5,0.008,1,66
2022-10-16,SKU013,Clothing,49,227.06,11125.94,654,0,WH-C,2022,10,41,4,59.2,-0.172,0,0
2022-10-23,SKU013,Clothing,11,241.17,2652.87,297,1,WH-A,2022,10,42,4,51.8,-0.788,0,11
2022-10-30,SKU013,Clothing,46,316.11,14541.06,500,0,WH-B,2022,10,43,4,43.0,0.07,0,0
2022-11-06,SKU013,Clothing,43,291.22,12522.46,305,0,WH-C,2022,11,44,4,37.2,0.156,0,0
2022-11-13,SKU013,Clothing,56,283.12,15854.72,145,0,WH-A,2022,11,45,4,39.0,0.436,0,0
2022-11-20,SKU013,Clothing,37,449.46,16630.02,918,0,WH-B,2022,11,46,4,45.5,-0.187,0,0
2022-11-27,SKU013,Clothing,24,179.9,4317.6,268,0,WH-B,2022,11,47,4,40.0,-0.4,0,0
2022-12-04,SKU013,Clothing,75,107.81,8085.75,256,1,WH-B,2022,12,48,4,48.0,0.562,0,75
2022-12-11,SKU013,Clothing,33,271.2,8949.6,281,0,WH-C,2022,12,49,4,42.2,-0.218,0,0
2022-12-18,SKU013,Clothing,77,425.63,32773.51,488,1,WH-B,2022,12,50,4,52.2,0.475,0,77
2022-12-25,SKU013,Clothing,63,159.49,10047.87,759,0,WH-A,2022,12,51,4,62.0,0.016,0,0
2023-01-01,SKU013,Clothing,77,214.04,16481.08,562,0,WH-C,2023,1,52,1,62.5,0.232,0,0
2023-01-08,SKU013,Clothing,73,374.0,27302.0,129,1,WH-A,2023,1,1,1,72.5,0.007,0,73
2023-01-15,SKU013,Clothing,113,410.27,46360.51,36,0,WH-A,2023,1,2,1,81.5,0.387,1,0
2023-01-22,SKU013,Clothing,98,246.91,24197.18,296,0,WH-B,2023,1,3,1,90.2,0.086,0,0
2023-01-29,SKU013,Clothing,113,259.0,29267.0,200,0,WH-C,2023,1,4,1,99.2,0.139,0,0
2023-02-05,SKU013,Clothing,100,364.9,36490.0,222,0,WH-C,2023,2,5,1,106.0,-0.057,0,0
2023-02-12,SKU013,Clothing,132,488.19,64441.08,173,0,WH-C,2023,2,6,1,110.8,0.191,0,0
2023-02-19,SKU013,Clothing,126,499.55,62943.3,362,0,WH-C,2023,2,7,1,117.8,0.07,0,0
2023-02-26,SKU013,Clothing,123,406.22,49965.06,182,1,WH-C,2023,2,8,1,120.2,0.023,0,123
2023-03-05,SKU013,Clothing,145,155.04,22480.8,277,0,WH-C,2023,3,9,1,131.5,0.103,0,0
2023-03-12,SKU013,Clothing,119,122.14,14534.66,699,1,WH-C,2023,3,10,1,128.2,-0.072,0,119
2023-03-19,SKU013,Clothing,121,196.94,23829.74,34,0,WH-B,2023,3,11,1,127.0,-0.047,1,0
2023-03-26,SKU013,Clothing,146,101.23,14779.58,962,1,WH-A,2023,3,12,1,132.8,0.099,0,146
2023-04-02,SKU013,Clothing,128,493.46,63162.88,396,1,WH-C,2023,4,13,2,128.5,-0.004,0,128
2023-04-09,SKU013,Clothing,159,208.61,33168.99,967,1,WH-C,2023,4,14,2,138.5,0.148,0,159
2023-04-16,SKU013,Clothing,95,208.24,19782.8,470,0,WH-C,2023,4,15,2,132.0,-0.28,0,0
2023-04-23,SKU013,Clothing,61,164.3,10022.3,474,1,WH-B,2023,4,16,2,110.8,-0.449,0,61
2023-04-30,SKU013,Clothing,117,144.14,16864.38,177,0,WH-A,2023,4,17,2,108.0,0.083,0,0
2023-05-07,SKU013,Clothing,82,402.24,32983.68,450,0,WH-A,2023,5,18,2,88.8,-0.077,0,0
2023-05-14,SKU013,Clothing,71,129.05,9162.55,331,1,WH-C,2023,5,19,2,82.8,-0.143,0,71
2023-05-21,SKU013,Clothing,105,133.39,14005.95,799,0,WH-C,2023,5,20,2,93.8,0.119,0,0
2023-05-28,SKU013,Clothing,119,224.27,26688.13,299,0,WH-C,2023,5,21,2,94.2,0.263,0,0
2023-06-04,SKU013,Clothing,90,355.95,32035.5,929,0,WH-A,2023,6,22,2,96.2,-0.064,0,0
2023-06-11,SKU013,Clothing,95,490.07,46556.65,745,0,WH-C,2023,6,23,2,102.2,-0.07,0,0
2023-06-18,SKU013,Clothing,99,274.71,27196.29,579,0,WH-B,2023,6,24,2,100.8,-0.018,0,0
2023-06-25,SKU013,Clothing,69,236.57999999999998,16324.02,510,0,WH-B,2023,6,25,2,88.2,-0.218,0,0
2023-07-02,SKU013,Clothing,74,153.99,11395.26,522,1,WH-C,2023,7,26,3,84.2,-0.121,0,74
2023-07-09,SKU013,Clothing,108,130.5,14094.0,703,0,WH-B,2023,7,27,3,87.5,0.234,0,0
2023-07-16,SKU013,Clothing,74,17.56,1299.44,911,0,WH-A,2023,7,28,3,81.2,-0.089,0,0
2023-07-23,SKU013,Clothing,115,327.84,37701.6,324,0,WH-C,2023,7,29,3,92.8,0.239,0,0
2023-07-30,SKU013,Clothing,86,398.23,34247.78,454,0,WH-B,2023,7,30,3,95.8,-0.102,0,0
2023-08-06,SKU013,Clothing,68,208.93,14207.24,350,0,WH-B,2023,8,31,3,85.8,-0.207,0,0
2023-08-13,SKU013,Clothing,67,269.74,18072.58,459,0,WH-B,2023,8,32,3,84.0,-0.202,0,0
2023-08-20,SKU013,Clothing,91,333.55,30353.05,227,0,WH-B,2023,8,33,3,78.0,0.167,0,0
2023-08-27,SKU013,Clothing,99,467.55,46287.45,316,1,WH-A,2023,8,34,3,81.2,0.219,0,99
2023-09-03,SKU013,Clothing,68,114.26,7769.68,159,0,WH-A,2023,9,35,3,81.2,-0.163,0,0
2023-09-10,SKU013,Clothing,93,197.01,18321.93,711,0,WH-A,2023,9,36,3,87.8,0.059,0,0
2023-09-17,SKU013,Clothing,65,193.46,12574.9,71,0,WH-C,2023,9,37,3,81.2,-0.2,0,0
2023-09-24,SKU013,Clothing,119,363.64,43273.16,606,0,WH-C,2023,9,38,3,86.2,0.381,0,0
2023-10-01,SKU013,Clothing,62,153.52,9518.24,884,0,WH-A,2023,10,39,4,84.8,-0.269,0,0
2023-10-08,SKU013,Clothing,65,319.54,20770.1,891,0,WH-C,2023,10,40,4,77.8,-0.165,0,0
2023-10-15,SKU013,Clothing,79,433.15,34218.85,863,0,WH-B,2023,10,41,4,81.2,-0.027,0,0
2023-10-22,SKU013,Clothing,52,100.78,5240.56,97,0,WH-B,2023,10,42,4,64.5,-0.194,0,0
2023-10-29,SKU013,Clothing,19,108.05,2052.95,335,0,WH-A,2023,10,43,4,53.8,-0.647,0,0
2023-11-05,SKU013,Clothing,68,216.75,14739.0,857,1,WH-C,2023,11,44,4,54.5,0.248,0,68
2023-11-12,SKU013,Clothing,59,323.78,19103.02,555,0,WH-A,2023,11,45,4,49.5,0.192,0,0
2023-11-19,SKU013,Clothing,70,306.26,21438.2,509,0,WH-A,2023,11,46,4,54.0,0.296,0,0
2023-11-26,SKU013,Clothing,41,193.8,7945.8,771,0,WH-B,2023,11,47,4,59.5,-0.311,0,0
2023-12-03,SKU013,Clothing,53,405.28,21479.84,525,0,WH-B,2023,12,48,4,55.8,-0.05,0,0
2023-12-10,SKU013,Clothing,57,358.92,20458.44,110,0,WH-A,2023,12,49,4,55.2,0.033,0,0
2023-12-17,SKU013,Clothing,71,493.25,35020.75,658,1,WH-C,2023,12,50,4,55.5,0.279,0,71
2023-12-24,SKU013,Clothing,43,195.41,8402.63,923,0,WH-B,2023,12,51,4,56.0,-0.232,0,0
2023-12-31,SKU013,Clothing,81,362.74,29381.94,200,1,WH-C,2023,12,52,4,63.0,0.286,0,81
2024-01-07,SKU013,Clothing,67,72.92,4885.64,712,0,WH-C,2024,1,1,1,65.5,0.023,0,0
2024-01-14,SKU013,Clothing,109,306.25,33381.25,192,0,WH-A,2024,1,2,1,75.0,0.453,0,0
2024-01-21,SKU013,Clothing,120,481.97,57836.4,376,0,WH-A,2024,1,3,1,94.2,0.274,0,0
2024-01-28,SKU013,Clothing,111,150.83,16742.13,304,0,WH-C,2024,1,4,1,101.8,0.09,0,0
2024-02-04,SKU013,Clothing,118,42.91,5063.38,626,0,WH-A,2024,2,5,1,114.5,0.031,0,0
2024-02-11,SKU013,Clothing,111,363.36,40332.96,340,1,WH-C,2024,2,6,1,115.0,-0.035,0,111
2024-02-18,SKU013,Clothing,139,272.17,37831.63,631,1,WH-A,2024,2,7,1,119.8,0.16,0,139
2024-02-25,SKU013,Clothing,107,234.93,25137.51,293,0,WH-C,2024,2,8,1,118.8,-0.099,0,0
2024-03-03,SKU013,Clothing,89,427.14,38015.46,311,0,WH-C,2024,3,9,1,111.5,-0.202,0,0
2024-03-10,SKU013,Clothing,133,106.04,14103.32,915,0,WH-C,2024,3,10,1,117.0,0.137,0,0
2024-03-17,SKU013,Clothing,134,13.43,1799.62,974,0,WH-A,2024,3,11,1,115.8,0.157,0,0
2024-03-24,SKU013,Clothing,82,145.2,11906.4,967,0,WH-C,2024,3,12,1,109.5,-0.251,0,0
2024-03-31,SKU013,Clothing,133,87.49,11636.17,729,0,WH-B,2024,3,13,1,120.5,0.104,0,0
2024-04-07,SKU013,Clothing,130,35.04,4555.2,713,0,WH-C,2024,4,14,2,119.8,0.085,0,0
2024-04-14,SKU013,Clothing,70,118.28,8279.6,651,0,WH-B,2024,4,15,2,103.8,-0.326,0,0
2024-04-21,SKU013,Clothing,93,265.33,24675.69,909,0,WH-B,2024,4,16,2,106.5,-0.127,0,0
2024-04-28,SKU013,Clothing,115,25.89,2977.35,8,0,WH-C,2024,4,17,2,102.0,0.127,1,0
2024-05-05,SKU013,Clothing,76,215.33,16365.08,141,0,WH-C,2024,5,18,2,88.5,-0.141,0,0
2024-05-12,SKU013,Clothing,46,179.2,8243.2,505,1,WH-B,2024,5,19,2,82.5,-0.442,0,46
2024-05-19,SKU013,Clothing,93,281.54,26183.22,163,0,WH-A,2024,5,20,2,82.5,0.127,0,0
2024-05-26,SKU013,Clothing,60,190.4,11424.0,672,0,WH-B,2024,5,21,2,68.8,-0.128,0,0
2024-06-02,SKU013,Clothing,76,288.35,21914.6,134,0,WH-B,2024,6,22,2,68.8,0.105,0,0
2024-06-09,SKU013,Clothing,86,238.23,20487.78,357,0,WH-B,2024,6,23,2,78.8,0.091,0,0
2024-06-16,SKU013,Clothing,83,292.45,24273.35,979,0,WH-B,2024,6,24,2,76.2,0.089,0,0
2024-06-23,SKU013,Clothing,63,354.36,22324.68,646,0,WH-A,2024,6,25,2,77.0,-0.182,0,0
2024-06-30,SKU013,Clothing,54,214.46,11580.84,641,0,WH-A,2024,6,26,2,71.5,-0.245,0,0
2024-07-07,SKU013,Clothing,85,375.1,31883.5,52,0,WH-A,2024,7,27,3,71.2,0.194,0,0
2024-07-14,SKU013,Clothing,107,371.59,39760.13,332,0,WH-B,2024,7,28,3,77.2,0.386,0,0
2024-07-21,SKU013,Clothing,92,265.11,24390.12,838,0,WH-C,2024,7,29,3,84.5,0.089,0,0
2024-07-28,SKU013,Clothing,77,427.72,32934.44,786,0,WH-B,2024,7,30,3,90.2,-0.146,0,0
2024-08-04,SKU013,Clothing,95,95.11,9035.45,811,0,WH-C,2024,8,31,3,92.8,0.024,0,0
2024-08-11,SKU013,Clothing,94,220.87,20761.78,111,0,WH-A,2024,8,32,3,89.5,0.05,0,0
2024-08-18,SKU013,Clothing,55,478.38,26310.9,213,0,WH-B,2024,8,33,3,80.2,-0.314,0,0
2024-08-25,SKU013,Clothing,80,83.93,6714.4,315,0,WH-C,2024,8,34,3,81.0,-0.012,0,0
2024-09-01,SKU013,Clothing,109,49.23,5366.07,604,0,WH-C,2024,9,35,3,84.5,0.29,0,0
2024-09-08,SKU013,Clothing,90,371.36,33422.4,344,0,WH-C,2024,9,36,3,83.5,0.078,0,0
2024-09-15,SKU013,Clothing,74,215.95,15980.3,569,0,WH-C,2024,9,37,3,88.2,-0.161,0,0
2024-09-22,SKU013,Clothing,50,157.8,7890.0,39,0,WH-A,2024,9,38,3,80.8,-0.381,1,0
2024-09-29,SKU013,Clothing,51,242.31,12357.81,195,0,WH-A,2024,9,39,3,66.2,-0.23,0,0
2024-10-06,SKU013,Clothing,45,154.16,6937.2,454,0,WH-B,2024,10,40,4,55.0,-0.182,0,0
2024-10-13,SKU013,Clothing,55,184.02,10121.1,884,1,WH-B,2024,10,41,4,50.2,0.096,0,55
2024-10-20,SKU013,Clothing,44,354.75,15609.0,13,0,WH-B,2024,10,42,4,48.8,-0.098,1,0
2024-10-27,SKU013,Clothing,49,310.02,15190.98,861,0,WH-C,2024,10,43,4,48.2,0.017,0,0
2024-11-03,SKU013,Clothing,42,26.04,1093.68,445,0,WH-A,2024,11,44,4,47.5,-0.116,0,0
2024-11-10,SKU013,Clothing,24,71.17,1708.08,870,1,WH-C,2024,11,45,4,39.8,-0.397,0,24
2024-11-17,SKU013,Clothing,24,13.56,325.44,845,0,WH-C,2024,11,46,4,34.8,-0.31,0,0
2024-11-24,SKU013,Clothing,51,216.99,11066.49,142,0,WH-C,2024,11,47,4,35.2,0.449,0,0
2024-12-01,SKU013,Clothing,48,98.13,4710.24,592,0,WH-A,2024,12,48,4,36.8,0.304,0,0
2024-12-08,SKU013,Clothing,57,83.18,4741.26,522,1,WH-C,2024,12,49,4,45.0,0.267,0,57
2024-12-15,SKU013,Clothing,40,172.84,6913.6,219,0,WH-B,2024,12,50,4,49.0,-0.184,0,0
2024-12-22,SKU013,Clothing,76,88.17,6700.92,981,0,WH-A,2024,12,51,4,55.2,0.377,0,0
2024-12-29,SKU013,Clothing,103,153.76,15837.28,238,0,WH-A,2024,12,52,4,69.0,0.493,0,0
2022-01-02,SKU014,Clothing,356,475.46,169263.76,242,0,WH-B,2022,1,52,1,356.0,0.0,0,0
2022-01-09,SKU014,Clothing,391,447.99,175164.09,874,0,WH-C,2022,1,1,1,373.5,0.047,0,0
2022-01-16,SKU014,Clothing,455,225.76,102720.8,624,0,WH-B,2022,1,2,1,400.7,0.136,0,0
2022-01-23,SKU014,Clothing,485,32.53,15777.05,926,0,WH-A,2022,1,3,1,421.8,0.15,0,0
2022-01-30,SKU014,Clothing,533,390.58,208179.14,690,0,WH-A,2022,1,4,1,466.0,0.144,0,0
2022-02-06,SKU014,Clothing,512,472.22,241776.64,681,0,WH-C,2022,2,5,1,496.2,0.032,0,0
2022-02-13,SKU014,Clothing,554,381.17,211168.18,962,0,WH-A,2022,2,6,1,521.0,0.063,0,0
2022-02-20,SKU014,Clothing,539,195.26,105245.14,690,1,WH-C,2022,2,7,1,534.5,0.008,0,539
2022-02-27,SKU014,Clothing,591,42.52,25129.32,240,0,WH-B,2022,2,8,1,549.0,0.077,0,0
2022-03-06,SKU014,Clothing,545,438.83,239162.35,671,0,WH-C,2022,3,9,1,557.2,-0.022,0,0
2022-03-13,SKU014,Clothing,534,190.9,101940.6,525,1,WH-A,2022,3,10,1,552.2,-0.033,0,534
2022-03-20,SKU014,Clothing,492,379.52,186723.84,800,0,WH-B,2022,3,11,1,540.5,-0.09,0,0
2022-03-27,SKU014,Clothing,533,71.72,38226.76,198,0,WH-B,2022,3,12,1,526.0,0.013,0,0
2022-04-03,SKU014,Clothing,510,152.34,77693.4,308,0,WH-C,2022,4,13,2,517.2,-0.014,0,0
2022-04-10,SKU014,Clothing,449,463.27,208008.23,299,0,WH-C,2022,4,14,2,496.0,-0.095,0,0
2022-04-17,SKU014,Clothing,474,357.27,169345.98,669,0,WH-C,2022,4,15,2,491.5,-0.036,0,0
2022-04-24,SKU014,Clothing,448,286.26,128244.48,710,0,WH-C,2022,4,16,2,470.2,-0.047,0,0
2022-05-01,SKU014,Clothing,399,424.8,169495.2,553,0,WH-C,2022,5,17,2,442.5,-0.098,0,0
2022-05-08,SKU014,Clothing,369,245.04,90419.76,613,0,WH-A,2022,5,18,2,422.5,-0.127,0,0
2022-05-15,SKU014,Clothing,374,29.78,11137.72,106,1,WH-B,2022,5,19,2,397.5,-0.059,0,374
2022-05-22,SKU014,Clothing,376,389.51,146455.76,789,0,WH-C,2022,5,20,2,379.5,-0.009,0,0
2022-05-29,SKU014,Clothing,354,344.72,122030.88,903,0,WH-A,2022,5,21,2,368.2,-0.039,0,0
2022-06-05,SKU014,Clothing,375,395.34,148252.5,804,0,WH-A,2022,6,22,2,369.8,0.014,0,0
2022-06-12,SKU014,Clothing,374,115.92,43354.08,403,0,WH-A,2022,6,23,2,369.8,0.011,0,0
2022-06-19,SKU014,Clothing,349,168.61,58844.89,752,1,WH-B,2022,6,24,2,363.0,-0.039,0,349
2022-06-26,SKU014,Clothing,378,166.4,62899.2,146,1,WH-B,2022,6,25,2,369.0,0.024,0,378
2022-07-03,SKU014,Clothing,404,374.97,151487.88,739,0,WH-B,2022,7,26,3,376.2,0.074,0,0
2022-07-10,SKU014,Clothing,372,403.15,149971.8,141,0,WH-A,2022,7,27,3,375.8,-0.01,0,0
2022-07-17,SKU014,Clothing,397,102.99,40887.03,710,0,WH-B,2022,7,28,3,387.8,0.024,0,0
2022-07-24,SKU014,Clothing,368,88.47,32556.96,946,0,WH-B,2022,7,29,3,385.2,-0.045,0,0
2022-07-31,SKU014,Clothing,358,386.6,138402.8,393,0,WH-C,2022,7,30,3,373.8,-0.042,0,0
2022-08-07,SKU014,Clothing,390,386.74,150828.6,109,0,WH-B,2022,8,31,3,378.2,0.031,0,0
2022-08-14,SKU014,Clothing,369,68.57,25302.33,843,0,WH-C,2022,8,32,3,371.2,-0.006,0,0
2022-08-21,SKU014,Clothing,367,493.31,181044.77,576,0,WH-B,2022,8,33,3,371.0,-0.011,0,0
2022-08-28,SKU014,Clothing,362,55.46,20076.52,282,1,WH-B,2022,8,34,3,372.0,-0.027,0,362
2022-09-04,SKU014,Clothing,336,426.26,143223.36,427,0,WH-A,2022,9,35,3,358.5,-0.063,0,0
2022-09-11,SKU014,Clothing,358,272.31,97486.98,344,0,WH-A,2022,9,36,3,355.8,0.006,0,0
2022-09-18,SKU014,Clothing,329,340.18,111919.22,739,0,WH-C,2022,9,37,3,346.2,-0.05,0,0
2022-09-25,SKU014,Clothing,262,448.4,117480.8,961,0,WH-B,2022,9,38,3,321.2,-0.184,0,0
2022-10-02,SKU014,Clothing,299,82.95,24802.05,969,0,WH-C,2022,10,39,4,312.0,-0.042,0,0
2022-10-09,SKU014,Clothing,260,72.36,18813.6,317,0,WH-C,2022,10,40,4,287.5,-0.096,0,0
2022-10-16,SKU014,Clothing,221,492.92,108935.32,845,0,WH-A,2022,10,41,4,260.5,-0.152,0,0
2022-10-23,SKU014,Clothing,223,195.74,43650.02,931,0,WH-C,2022,10,42,4,250.8,-0.111,0,0
2022-10-30,SKU014,Clothing,376,270.92,101865.92,447,0,WH-C,2022,10,43,4,270.0,0.393,0,0
2022-11-06,SKU014,Clothing,214,315.97,67617.58,71,0,WH-B,2022,11,44,4,258.5,-0.172,0,0
2022-11-13,SKU014,Clothing,209,86.14,18003.26,167,1,WH-A,2022,11,45,4,255.5,-0.182,0,209
2022-11-20,SKU014,Clothing,218,283.3,61759.4,902,0,WH-C,2022,11,46,4,254.2,-0.142,0,0
2022-11-27,SKU014,Clothing,210,496.0,104160.0,325,0,WH-A,2022,11,47,4,212.8,-0.013,0,0
2022-12-04,SKU014,Clothing,247,371.65,91797.55,617,0,WH-C,2022,12,48,4,221.0,0.118,0,0
2022-12-11,SKU014,Clothing,262,144.46,37848.52,607,0,WH-C,2022,12,49,4,234.2,0.119,0,0
2022-12-18,SKU014,Clothing,307,82.82,25425.74,921,0,WH-A,2022,12,50,4,256.5,0.197,0,0
2022-12-25,SKU014,Clothing,344,253.13,87076.72,707,0,WH-B,2022,12,51,4,290.0,0.186,0,0
2023-01-01,SKU014,Clothing,390,328.44,128091.6,458,0,WH-B,2023,1,52,1,325.8,0.197,0,0
2023-01-08,SKU014,Clothing,408,104.1,42472.8,509,0,WH-C,2023,1,1,1,362.2,0.126,0,0
2023-01-15,SKU014,Clothing,424,236.29,100186.96,710,1,WH-C,2023,1,2,1,391.5,0.083,0,424
2023-01-22,SKU014,Clothing,521,148.69,77467.49,989,0,WH-C,2023,1,3,1,435.8,0.196,0,0
2023-01-29,SKU014,Clothing,487,264.91,129011.17,413,0,WH-B,2023,1,4,1,460.0,0.059,0,0
2023-02-05,SKU014,Clothing,544,487.01,264933.44,42,0,WH-C,2023,2,5,1,494.0,0.101,1,0
2023-02-12,SKU014,Clothing,532,497.64,264744.48,207,0,WH-C,2023,2,6,1,521.0,0.021,0,0
2023-02-19,SKU014,Clothing,543,337.15,183072.45,922,0,WH-A,2023,2,7,1,526.5,0.031,0,0
2023-02-26,SKU014,Clothing,549,378.2,207631.8,637,0,WH-A,2023,2,8,1,542.0,0.013,0,0
2023-03-05,SKU014,Clothing,530,395.51,209620.3,878,0,WH-A,2023,3,9,1,538.5,-0.016,0,0
2023-03-12,SKU014,Clothing,496,451.24,223815.04,974,0,WH-B,2023,3,10,1,529.5,-0.063,0,0
2023-03-19,SKU014,Clothing,544,112.71,61314.24,225,0,WH-B,2023,3,11,1,529.8,0.027,0,0
2023-03-26,SKU014,Clothing,494,21.77,10754.38,891,0,WH-C,2023,3,12,1,516.0,-0.043,0,0
2023-04-02,SKU014,Clothing,513,70.42,36125.46,400,1,WH-C,2023,4,13,2,511.8,0.002,0,513
2023-04-09,SKU014,Clothing,465,175.48,81598.2,823,0,WH-A,2023,4,14,2,504.0,-0.077,0,0
2023-04-16,SKU014,Clothing,432,372.39,160872.48,476,1,WH-A,2023,4,15,2,476.0,-0.092,0,432
2023-04-23,SKU014,Clothing,459,22.69,10414.71,666,0,WH-A,2023,4,16,2,467.2,-0.018,0,0
2023-04-30,SKU014,Clothing,383,362.64,138891.12,13,0,WH-B,2023,4,17,2,434.8,-0.119,1,0
2023-05-07,SKU014,Clothing,424,403.09,170910.16,589,0,WH-C,2023,5,18,2,424.5,-0.001,0,0
2023-05-14,SKU014,Clothing,415,150.51,62461.65,116,0,WH-C,2023,5,19,2,420.2,-0.012,0,0
2023-05-21,SKU014,Clothing,403,256.82,103498.46,427,0,WH-A,2023,5,20,2,406.2,-0.008,0,0
2023-05-28,SKU014,Clothing,377,406.38,153205.26,37,0,WH-B,2023,5,21,2,404.8,-0.069,1,0
2023-06-04,SKU014,Clothing,344,277.53,95470.32,672,0,WH-A,2023,6,22,2,384.8,-0.106,0,0
2023-06-11,SKU014,Clothing,366,145.29,53176.14,171,0,WH-A,2023,6,23,2,372.5,-0.017,0,0
2023-06-18,SKU014,Clothing,378,54.89,20748.42,651,0,WH-B,2023,6,24,2,366.2,0.032,0,0
2023-06-25,SKU014,Clothing,376,200.73,75474.48,51,0,WH-C,2023,6,25,2,366.0,0.027,0,0
2023-07-02,SKU014,Clothing,383,483.29,185100.07,613,1,WH-B,2023,7,26,3,375.8,0.019,0,383
2023-07-09,SKU014,Clothing,368,238.96,87937.28,344,1,WH-B,2023,7,27,3,376.2,-0.022,0,368
2023-07-16,SKU014,Clothing,359,352.81,126658.79,870,0,WH-B,2023,7,28,3,371.5,-0.034,0,0
2023-07-23,SKU014,Clothing,414,283.25,117265.5,545,0,WH-C,2023,7,29,3,381.0,0.087,0,0
2023-07-30,SKU014,Clothing,404,213.48,86245.92,526,0,WH-B,2023,7,30,3,386.2,0.046,0,0
2023-08-06,SKU014,Clothing,377,413.61,155930.97,523,0,WH-C,2023,8,31,3,388.5,-0.03,0,0
2023-08-13,SKU014,Clothing,366,55.5,20313.0,832,1,WH-A,2023,8,32,3,390.2,-0.062,0,366
2023-08-20,SKU014,Clothing,354,254.61,90131.94,939,0,WH-A,2023,8,33,3,375.2,-0.057,0,0
2023-08-27,SKU014,Clothing,358,336.17,120348.86,686,0,WH-A,2023,8,34,3,363.8,-0.016,0,0
2023-09-03,SKU014,Clothing,335,82.47,27627.45,249,0,WH-A,2023,9,35,3,353.2,-0.052,0,0
2023-09-10,SKU014,Clothing,326,116.28,37907.28,18,0,WH-A,2023,9,36,3,343.2,-0.05,1,0
2023-09-17,SKU014,Clothing,316,392.17,123925.72,868,0,WH-A,2023,9,37,3,333.8,-0.053,0,0
2023-09-24,SKU014,Clothing,274,204.16,55939.84,783,0,WH-A,2023,9,38,3,312.8,-0.124,0,0
2023-10-01,SKU014,Clothing,376,497.96,187232.96,164,0,WH-C,2023,10,39,4,323.0,0.164,0,0
2023-10-08,SKU014,Clothing,222,314.29,69772.38,859,1,WH-A,2023,10,40,4,297.0,-0.253,0,222
2023-10-15,SKU014,Clothing,233,202.85,47264.05,279,0,WH-A,2023,10,41,4,276.2,-0.156,0,0
2023-10-22,SKU014,Clothing,217,480.23,104209.91,750,0,WH-A,2023,10,42,4,262.0,-0.172,0,0
2023-10-29,SKU014,Clothing,190,305.61,58065.9,21,0,WH-C,2023,10,43,4,215.5,-0.118,1,0
2023-11-05,SKU014,Clothing,219,192.84,42231.96,314,0,WH-C,2023,11,44,4,214.8,0.02,0,0
2023-11-12,SKU014,Clothing,222,294.4,65356.8,933,0,WH-A,2023,11,45,4,212.0,0.047,0,0
2023-11-19,SKU014,Clothing,236,192.2,45359.2,742,1,WH-B,2023,11,46,4,216.8,0.089,0,236
2023-11-26,SKU014,Clothing,213,114.82,24456.66,619,0,WH-B,2023,11,47,4,222.5,-0.043,0,0
2023-12-03,SKU014,Clothing,243,234.03,56869.29,112,0,WH-B,2023,12,48,4,228.5,0.063,0,0
2023-12-10,SKU014,Clothing,288,318.45,91713.6,779,0,WH-B,2023,12,49,4,245.0,0.176,0,0
2023-12-17,SKU014,Clothing,331,72.65,24047.15,260,0,WH-B,2023,12,50,4,268.8,0.231,0,0
2023-12-24,SKU014,Clothing,346,340.76,117902.96,915,0,WH-B,2023,12,51,4,302.0,0.146,0,0
2023-12-31,SKU014,Clothing,388,305.4,118495.2,739,0,WH-C,2023,12,52,4,338.2,0.147,0,0
2024-01-07,SKU014,Clothing,398,331.74,132032.52,505,0,WH-C,2024,1,1,1,365.8,0.088,0,0
2024-01-14,SKU014,Clothing,450,136.42,61389.0,358,0,WH-B,2024,1,2,1,395.5,0.138,0,0
2024-01-21,SKU014,Clothing,485,73.95,35865.75,718,0,WH-B,2024,1,3,1,430.2,0.127,0,0
2024-01-28,SKU014,Clothing,485,277.53,134602.05,94,1,WH-C,2024,1,4,1,454.5,0.067,0,485
2024-02-04,SKU014,Clothing,507,270.58,137184.06,346,0,WH-C,2024,2,5,1,481.8,0.052,0,0
2024-02-11,SKU014,Clothing,520,311.01,161725.2,214,1,WH-B,2024,2,6,1,499.2,0.042,0,520
2024-02-18,SKU014,Clothing,546,155.13,84700.98,431,0,WH-A,2024,2,7,1,514.5,0.061,0,0
2024-02-25,SKU014,Clothing,540,400.15,216081.0,990,0,WH-A,2024,2,8,1,528.2,0.022,0,0
2024-03-03,SKU014,Clothing,482,140.5,67721.0,749,0,WH-B,2024,3,9,1,522.0,-0.077,0,0
2024-03-10,SKU014,Clothing,535,494.11,264348.85,842,0,WH-C,2024,3,10,1,525.8,0.017,0,0
2024-03-17,SKU014,Clothing,522,33.24,17351.28,659,0,WH-B,2024,3,11,1,519.8,0.004,0,0
2024-03-24,SKU014,Clothing,505,353.6,178568.0,87,0,WH-A,2024,3,12,1,511.0,-0.012,0,0
2024-03-31,SKU014,Clothing,488,120.81,58955.28,895,0,WH-A,2024,3,13,1,512.5,-0.048,0,0
2024-04-07,SKU014,Clothing,476,95.53,45472.28,564,0,WH-A,2024,4,14,2,497.8,-0.044,0,0
2024-04-14,SKU014,Clothing,468,106.25,49725.0,281,0,WH-A,2024,4,15,2,484.2,-0.033,0,0
2024-04-21,SKU014,Clothing,418,292.22,122147.96,623,0,WH-B,2024,4,16,2,462.5,-0.096,0,0
2024-04-28,SKU014,Clothing,428,303.96,130094.88,322,0,WH-C,2024,4,17,2,447.5,-0.044,0,0
2024-05-05,SKU014,Clothing,383,277.53,106293.99,354,0,WH-B,2024,5,18,2,424.2,-0.097,0,0
2024-05-12,SKU014,Clothing,388,459.1,178130.8,732,0,WH-A,2024,5,19,2,404.2,-0.04,0,0
2024-05-19,SKU014,Clothing,376,375.9,141338.4,271,0,WH-B,2024,5,20,2,393.8,-0.045,0,0
2024-05-26,SKU014,Clothing,379,302.19,114530.01,424,0,WH-C,2024,5,21,2,381.5,-0.007,0,0
2024-06-02,SKU014,Clothing,354,288.8,102235.2,803,0,WH-A,2024,6,22,2,374.2,-0.054,0,0
2024-06-09,SKU014,Clothing,394,69.95,27560.3,879,0,WH-C,2024,6,23,2,375.8,0.048,0,0
2024-06-16,SKU014,Clothing,357,293.39,104740.23,569,0,WH-B,2024,6,24,2,371.0,-0.038,0,0
2024-06-23,SKU014,Clothing,363,80.57,29246.91,969,0,WH-C,2024,6,25,2,367.0,-0.011,0,0
2024-06-30,SKU014,Clothing,382,494.06,188730.92,377,0,WH-A,2024,6,26,2,374.0,0.021,0,0
2024-07-07,SKU014,Clothing,374,358.7,134153.8,216,1,WH-C,2024,7,27,3,369.0,0.014,0,374
2024-07-14,SKU014,Clothing,372,406.77,151318.44,239,1,WH-C,2024,7,28,3,372.8,-0.002,0,372
2024-07-21,SKU014,Clothing,435,156.28,67981.8,133,1,WH-B,2024,7,29,3,390.8,0.113,0,435
2024-07-28,SKU014,Clothing,412,278.44,114717.28,607,1,WH-C,2024,7,30,3,398.2,0.035,0,412
2024-08-04,SKU014,Clothing,385,476.65,183510.25,469,0,WH-C,2024,8,31,3,401.0,-0.04,0,0
2024-08-11,SKU014,Clothing,386,130.53,50384.58,558,0,WH-A,2024,8,32,3,404.5,-0.046,0,0
2024-08-18,SKU014,Clothing,361,62.74,22649.14,475,0,WH-B,2024,8,33,3,386.0,-0.065,0,0
2024-08-25,SKU014,Clothing,392,293.81,115173.52,243,0,WH-C,2024,8,34,3,381.0,0.029,0,0
2024-09-01,SKU014,Clothing,365,358.77,130951.05,912,0,WH-B,2024,9,35,3,376.0,-0.029,0,0
2024-09-08,SKU014,Clothing,311,345.03,107304.33,917,0,WH-A,2024,9,36,3,357.2,-0.129,0,0
2024-09-15,SKU014,Clothing,307,100.06,30718.42,823,0,WH-C,2024,9,37,3,343.8,-0.107,0,0
2024-09-22,SKU014,Clothing,288,431.74,124341.12,486,0,WH-A,2024,9,38,3,317.8,-0.094,0,0
2024-09-29,SKU014,Clothing,286,450.8,128928.8,369,0,WH-A,2024,9,39,3,298.0,-0.04,0,0
2024-10-06,SKU014,Clothing,235,37.59,8833.65,402,0,WH-A,2024,10,40,4,279.0,-0.158,0,0
2024-10-13,SKU014,Clothing,231,58.0,13398.0,32,0,WH-B,2024,10,41,4,260.0,-0.112,1,0
2024-10-20,SKU014,Clothing,232,235.83,54712.56,292,0,WH-A,2024,10,42,4,246.0,-0.057,0,0
2024-10-27,SKU014,Clothing,214,207.09,44317.26,769,0,WH-A,2024,10,43,4,228.0,-0.061,0,0
2024-11-03,SKU014,Clothing,179,282.16,50506.64,832,0,WH-C,2024,11,44,4,214.0,-0.164,0,0
2024-11-10,SKU014,Clothing,242,353.53,85554.26,589,0,WH-A,2024,11,45,4,216.8,0.116,0,0
2024-11-17,SKU014,Clothing,195,26.63,5192.85,169,0,WH-C,2024,11,46,4,207.5,-0.06,0,0
2024-11-24,SKU014,Clothing,243,365.04,88704.72,56,0,WH-A,2024,11,47,4,214.8,0.131,0,0
2024-12-01,SKU014,Clothing,248,78.32,19423.36,53,0,WH-C,2024,12,48,4,232.0,0.069,0,0
2024-12-08,SKU014,Clothing,376,124.75,46906.0,673,1,WH-A,2024,12,49,4,265.5,0.416,0,376
2024-12-15,SKU014,Clothing,299,247.27,73933.73,413,0,WH-A,2024,12,50,4,291.5,0.026,0,0
2024-12-22,SKU014,Clothing,316,18.72,5915.52,816,0,WH-C,2024,12,51,4,309.8,0.02,0,0
2024-12-29,SKU014,Clothing,374,237.45,88806.3,110,0,WH-B,2024,12,52,4,341.2,0.096,0,0
2022-01-02,SKU015,Clothing,429,283.14,121467.06,907,0,WH-A,2022,1,52,1,429.0,0.0,0,0
2022-01-09,SKU015,Clothing,482,487.73,235085.86,740,0,WH-A,2022,1,1,1,455.5,0.058,0,0
2022-01-16,SKU015,Clothing,548,119.52,65496.96,349,0,WH-B,2022,1,2,1,486.3,0.127,0,0
2022-01-23,SKU015,Clothing,578,395.35,228512.3,882,0,WH-C,2022,1,3,1,509.2,0.135,0,0
2022-01-30,SKU015,Clothing,593,414.85,246006.05,876,0,WH-B,2022,1,4,1,550.2,0.078,0,0
2022-02-06,SKU015,Clothing,590,124.45,73425.5,701,0,WH-A,2022,2,5,1,577.2,0.022,0,0
2022-02-13,SKU015,Clothing,631,102.64,64765.84,462,0,WH-C,2022,2,6,1,598.0,0.055,0,0
2022-02-20,SKU015,Clothing,615,413.65,254394.75,258,0,WH-A,2022,2,7,1,607.2,0.013,0,0
2022-02-27,SKU015,Clothing,655,318.4,208552.0,275,1,WH-A,2022,2,8,1,622.8,0.052,0,655
2022-03-06,SKU015,Clothing,652,338.06,220415.12,470,0,WH-C,2022,3,9,1,638.2,0.022,0,0
2022-03-13,SKU015,Clothing,613,180.83,110848.79,368,0,WH-B,2022,3,10,1,633.8,-0.033,0,0
2022-03-20,SKU015,Clothing,568,34.83,19783.44,906,0,WH-C,2022,3,11,1,622.0,-0.087,0,0
2022-03-27,SKU015,Clothing,594,222.93,132420.42,50,0,WH-B,2022,3,12,1,606.8,-0.021,0,0
2022-04-03,SKU015,Clothing,598,288.51,172528.98,892,0,WH-C,2022,4,13,2,593.2,0.008,0,0
2022-04-10,SKU015,Clothing,591,292.15,172660.65,223,0,WH-C,2022,4,14,2,587.8,0.005,0,0
2022-04-17,SKU015,Clothing,513,364.38,186926.94,786,0,WH-C,2022,4,15,2,574.0,-0.106,0,0
2022-04-24,SKU015,Clothing,546,47.79,26093.34,818,0,WH-B,2022,4,16,2,562.0,-0.028,0,0
2022-05-01,SKU015,Clothing,555,469.6,260628.0,561,0,WH-B,2022,5,17,2,551.2,0.007,0,0
2022-05-08,SKU015,Clothing,527,311.42,164118.34,165,0,WH-C,2022,5,18,2,535.2,-0.015,0,0
2022-05-15,SKU015,Clothing,464,436.56,202563.84,237,0,WH-B,2022,5,19,2,523.0,-0.113,0,0
2022-05-22,SKU015,Clothing,480,446.85,214488.0,78,0,WH-C,2022,5,20,2,506.5,-0.052,0,0
2022-05-29,SKU015,Clothing,453,46.29,20969.37,294,0,WH-A,2022,5,21,2,481.0,-0.058,0,0
2022-06-05,SKU015,Clothing,440,152.95,67298.0,9,0,WH-C,2022,6,22,2,459.2,-0.042,1,0
2022-06-12,SKU015,Clothing,421,413.05,173894.05,742,0,WH-C,2022,6,23,2,448.5,-0.061,0,0
2022-06-19,SKU015,Clothing,452,316.32,142976.64,458,0,WH-A,2022,6,24,2,441.5,0.024,0,0
2022-06-26,SKU015,Clothing,446,396.46,176821.16,921,0,WH-A,2022,6,25,2,439.8,0.014,0,0
2022-07-03,SKU015,Clothing,445,327.91,145919.95,97,0,WH-A,2022,7,26,3,441.0,0.009,0,0
2022-07-10,SKU015,Clothing,465,181.1,84211.5,648,1,WH-A,2022,7,27,3,452.0,0.029,0,465
2022-07-17,SKU015,Clothing,484,440.37,213139.08,269,0,WH-B,2022,7,28,3,460.0,0.052,0,0
2022-07-24,SKU015,Clothing,480,446.12,214137.6,360,0,WH-B,2022,7,29,3,468.5,0.025,0,0
2022-07-31,SKU015,Clothing,469,47.32,22193.08,549,0,WH-A,2022,7,30,3,474.5,-0.012,0,0
2022-08-07,SKU015,Clothing,478,216.33,103405.74,498,0,WH-B,2022,8,31,3,477.8,0.0,0,0
2022-08-14,SKU015,Clothing,466,76.42,35611.72,552,1,WH-C,2022,8,32,3,473.2,-0.015,0,466
2022-08-21,SKU015,Clothing,476,64.16,30540.16,661,0,WH-B,2022,8,33,3,472.2,0.008,0,0
2022-08-28,SKU015,Clothing,459,380.57,174681.63,342,0,WH-B,2022,8,34,3,469.8,-0.023,0,0
2022-09-04,SKU015,Clothing,378,475.8,179852.4,845,0,WH-C,2022,9,35,3,444.8,-0.15,0,0
2022-09-11,SKU015,Clothing,358,401.0,143558.0,303,0,WH-B,2022,9,36,3,417.8,-0.143,0,0
2022-09-18,SKU015,Clothing,368,144.85,53304.8,870,0,WH-B,2022,9,37,3,390.8,-0.058,0,0
2022-09-25,SKU015,Clothing,356,163.34,58149.04,106,0,WH-A,2022,9,38,3,365.0,-0.025,0,0
2022-10-02,SKU015,Clothing,322,67.01,21577.22,807,1,WH-B,2022,10,39,4,351.0,-0.083,0,322
2022-10-09,SKU015,Clothing,480,183.65,88152.0,480,0,WH-A,2022,10,40,4,381.5,0.258,0,0
2022-10-16,SKU015,Clothing,285,203.82,58088.7,669,1,WH-B,2022,10,41,4,360.8,-0.21,0,285
2022-10-23,SKU015,Clothing,256,170.76,43714.56,770,0,WH-A,2022,10,42,4,335.8,-0.238,0,0
2022-10-30,SKU015,Clothing,273,398.73,108853.29,754,0,WH-C,2022,10,43,4,323.5,-0.156,0,0
2022-11-06,SKU015,Clothing,236,351.49,82951.64,697,0,WH-A,2022,11,44,4,262.5,-0.101,0,0
2022-11-13,SKU015,Clothing,261,11.92,3111.12,18,0,WH-B,2022,11,45,4,256.5,0.018,1,0
2022-11-20,SKU015,Clothing,296,167.64,49621.44,826,0,WH-B,2022,11,46,4,266.5,0.111,0,0
2022-11-27,SKU015,Clothing,319,101.5,32378.5,853,0,WH-B,2022,11,47,4,278.0,0.147,0,0
2022-12-04,SKU015,Clothing,329,118.12,38861.48,797,0,WH-A,2022,12,48,4,301.2,0.092,0,0
2022-12-11,SKU015,Clothing,356,421.5,150054.0,902,0,WH-A,2022,12,49,4,325.0,0.095,0,0
2022-12-18,SKU015,Clothing,395,482.39,190544.05,723,0,WH-B,2022,12,50,4,349.8,0.129,0,0
2022-12-25,SKU015,Clothing,430,303.54,130522.2,261,0,WH-C,2022,12,51,4,377.5,0.139,0,0
2023-01-01,SKU015,Clothing,511,341.5,174506.5,1,0,WH-C,2023,1,52,1,423.0,0.208,1,0
2023-01-08,SKU015,Clothing,537,124.88,67060.56,14,0,WH-B,2023,1,1,1,468.2,0.147,1,0
2023-01-15,SKU015,Clothing,552,273.68,151071.36,949,0,WH-B,2023,1,2,1,507.5,0.088,0,0
2023-01-22,SKU015,Clothing,577,465.01,268310.77,432,0,WH-B,2023,1,3,1,544.2,0.06,0,0
2023-01-29,SKU015,Clothing,612,72.52,44382.24,531,0,WH-C,2023,1,4,1,569.5,0.075,0,0
2023-02-05,SKU015,Clothing,654,443.81,290251.74,525,0,WH-B,2023,2,5,1,598.8,0.092,0,0
2023-02-12,SKU015,Clothing,645,469.27,302679.15,632,0,WH-A,2023,2,6,1,622.0,0.037,0,0
2023-02-19,SKU015,Clothing,682,488.3,333020.6,569,0,WH-B,2023,2,7,1,648.2,0.052,0,0
2023-02-26,SKU015,Clothing,685,180.14,123395.9,78,0,WH-A,2023,2,8,1,666.5,0.028,0,0
2023-03-05,SKU015,Clothing,697,322.18,224559.46,246,0,WH-A,2023,3,9,1,677.2,0.029,0,0
2023-03-12,SKU015,Clothing,642,44.05,28280.1,118,0,WH-B,2023,3,10,1,676.5,-0.051,0,0
2023-03-19,SKU015,Clothing,639,473.89,302815.71,519,0,WH-C,2023,3,11,1,665.8,-0.04,0,0
2023-03-26,SKU015,Clothing,615,271.89,167212.35,661,0,WH-B,2023,3,12,1,648.2,-0.051,0,0
2023-04-02,SKU015,Clothing,633,364.02,230424.66,23,0,WH-A,2023,4,13,2,632.2,0.001,1,0
2023-04-09,SKU015,Clothing,626,243.23,152261.98,492,0,WH-C,2023,4,14,2,628.2,-0.004,0,0
2023-04-16,SKU015,Clothing,572,192.81,110287.32,781,1,WH-A,2023,4,15,2,611.5,-0.065,0,572
2023-04-23,SKU015,Clothing,556,342.49,190424.44,141,1,WH-B,2023,4,16,2,596.8,-0.068,0,556
2023-04-30,SKU015,Clothing,513,495.32,254099.16,117,0,WH-C,2023,4,17,2,566.8,-0.095,0,0
2023-05-07,SKU015,Clothing,517,290.57,150224.69,684,0,WH-C,2023,5,18,2,539.5,-0.042,0,0
2023-05-14,SKU015,Clothing,488,412.53,201314.64,16,0,WH-A,2023,5,19,2,518.5,-0.059,1,0
2023-05-21,SKU015,Clothing,478,482.47,230620.66,792,1,WH-C,2023,5,20,2,499.0,-0.042,0,478
2023-05-28,SKU015,Clothing,481,333.27,160302.87,72,0,WH-B,2023,5,21,2,491.0,-0.02,0,0
2023-06-04,SKU015,Clothing,465,403.92,187822.8,318,0,WH-C,2023,6,22,2,478.0,-0.027,0,0
2023-06-11,SKU015,Clothing,498,85.55,42603.9,821,1,WH-C,2023,6,23,2,480.5,0.036,0,498
2023-06-18,SKU015,Clothing,461,273.68,126166.48,973,0,WH-B,2023,6,24,2,476.2,-0.032,0,0
2023-06-25,SKU015,Clothing,474,467.22,221462.28,743,0,WH-A,2023,6,25,2,474.5,-0.001,0,0
2023-07-02,SKU015,Clothing,472,351.65,165978.8,886,0,WH-C,2023,7,26,3,476.2,-0.009,0,0
2023-07-09,SKU015,Clothing,480,451.93,216926.4,170,0,WH-C,2023,7,27,3,471.8,0.017,0,0
2023-07-16,SKU015,Clothing,480,298.49,143275.2,236,0,WH-A,2023,7,28,3,476.5,0.007,0,0
2023-07-23,SKU015,Clothing,483,397.22,191857.26,687,0,WH-B,2023,7,29,3,478.8,0.009,0,0
2023-07-30,SKU015,Clothing,505,415.87,210014.35,141,0,WH-A,2023,7,30,3,487.0,0.037,0,0
2023-08-06,SKU015,Clothing,457,133.58,61046.06,203,0,WH-A,2023,8,31,3,481.2,-0.05,0,0
2023-08-13,SKU015,Clothing,476,181.26,86279.76,481,0,WH-A,2023,8,32,3,480.2,-0.009,0,0
2023-08-20,SKU015,Clothing,451,234.7,105849.7,38,0,WH-B,2023,8,33,3,472.2,-0.045,1,0
2023-08-27,SKU015,Clothing,453,163.22,73938.66,607,0,WH-A,2023,8,34,3,459.2,-0.014,0,0
2023-09-03,SKU015,Clothing,450,339.93,152968.5,781,0,WH-A,2023,9,35,3,457.5,-0.016,0,0
2023-09-10,SKU015,Clothing,409,331.1,135419.9,926,1,WH-A,2023,9,36,3,440.8,-0.072,0,409
2023-09-17,SKU015,Clothing,386,18.59,7175.74,654,0,WH-A,2023,9,37,3,424.5,-0.091,0,0
2023-09-24,SKU015,Clothing,331,141.96,46988.76,719,1,WH-C,2023,9,38,3,394.0,-0.16,0,331
2023-10-01,SKU015,Clothing,341,85.49,29152.09,297,0,WH-B,2023,10,39,4,366.8,-0.07,0,0
2023-10-08,SKU015,Clothing,355,464.37,164851.35,642,0,WH-B,2023,10,40,4,353.2,0.005,0,0
2023-10-15,SKU015,Clothing,334,110.91,37043.94,352,0,WH-C,2023,10,41,4,340.2,-0.018,0,0
2023-10-22,SKU015,Clothing,265,340.39,90203.35,121,0,WH-B,2023,10,42,4,323.8,-0.182,0,0
2023-10-29,SKU015,Clothing,301,351.78,105885.78,118,0,WH-C,2023,10,43,4,313.8,-0.041,0,0
2023-11-05,SKU015,Clothing,294,141.29,41539.26,423,0,WH-B,2023,11,44,4,298.5,-0.015,0,0
2023-11-12,SKU015,Clothing,271,33.38,9045.98,691,0,WH-B,2023,11,45,4,282.8,-0.042,0,0
2023-11-19,SKU015,Clothing,288,77.38,22285.44,721,0,WH-C,2023,11,46,4,288.5,-0.002,0,0
2023-11-26,SKU015,Clothing,326,116.98,38135.48,647,1,WH-C,2023,11,47,4,294.8,0.106,0,326
2023-12-03,SKU015,Clothing,346,115.09,39821.14,67,0,WH-B,2023,12,48,4,307.8,0.124,0,0
2023-12-10,SKU015,Clothing,392,55.3,21677.6,157,0,WH-A,2023,12,49,4,338.0,0.16,0,0
2023-12-17,SKU015,Clothing,387,285.81,110608.47,985,0,WH-B,2023,12,50,4,362.8,0.067,0,0
2023-12-24,SKU015,Clothing,465,453.6,210924.0,638,0,WH-C,2023,12,51,4,397.5,0.17,0,0
2023-12-31,SKU015,Clothing,471,168.54,79382.34,420,0,WH-A,2023,12,52,4,428.8,0.098,0,0
2024-01-07,SKU015,Clothing,514,491.01,252379.14,831,0,WH-B,2024,1,1,1,459.2,0.119,0,0
2024-01-14,SKU015,Clothing,556,399.23,221971.88,686,0,WH-C,2024,1,2,1,501.5,0.109,0,0
2024-01-21,SKU015,Clothing,589,117.23,69048.47,319,1,WH-B,2024,1,3,1,532.5,0.106,0,589
2024-01-28,SKU015,Clothing,642,170.28,109319.76,652,0,WH-A,2024,1,4,1,575.2,0.116,0,0
2024-02-04,SKU015,Clothing,672,273.68,183912.96,161,0,WH-C,2024,2,5,1,614.8,0.093,0,0
2024-02-11,SKU015,Clothing,700,257.06,179942.0,183,1,WH-C,2024,2,6,1,650.8,0.076,0,700
2024-02-18,SKU015,Clothing,700,93.23,65261.0,969,0,WH-A,2024,2,7,1,678.5,0.032,0,0
2024-02-25,SKU015,Clothing,701,358.25,251133.25,92,0,WH-A,2024,2,8,1,693.2,0.011,0,0
2024-03-03,SKU015,Clothing,715,202.02,144444.3,821,0,WH-A,2024,3,9,1,704.0,0.016,0,0
2024-03-10,SKU015,Clothing,701,53.7,37643.7,525,0,WH-A,2024,3,10,1,704.2,-0.005,0,0
2024-03-17,SKU015,Clothing,710,188.45,133799.5,114,0,WH-A,2024,3,11,1,706.8,0.005,0,0
2024-03-24,SKU015,Clothing,665,57.01,37911.65,748,0,WH-C,2024,3,12,1,697.8,-0.047,0,0
2024-03-31,SKU015,Clothing,633,320.5,202876.5,921,0,WH-A,2024,3,13,1,677.2,-0.065,0,0
2024-04-07,SKU015,Clothing,627,499.61,313255.47,810,0,WH-B,2024,4,14,2,658.8,-0.048,0,0
2024-04-14,SKU015,Clothing,572,164.09,93859.48,375,0,WH-A,2024,4,15,2,624.2,-0.084,0,0
2024-04-21,SKU015,Clothing,589,158.07,93103.23,286,0,WH-B,2024,4,16,2,605.2,-0.027,0,0
2024-04-28,SKU015,Clothing,538,119.39,64231.82,835,0,WH-A,2024,4,17,2,581.5,-0.075,0,0
2024-05-05,SKU015,Clothing,503,50.41,25356.23,201,1,WH-A,2024,5,18,2,550.5,-0.086,0,503
2024-05-12,SKU015,Clothing,506,123.58,62531.48,987,0,WH-A,2024,5,19,2,534.0,-0.052,0,0
2024-05-19,SKU015,Clothing,503,235.07,118240.21,120,0,WH-B,2024,5,20,2,512.5,-0.019,0,0
2024-05-26,SKU015,Clothing,471,62.18,29286.78,381,0,WH-A,2024,5,21,2,495.8,-0.05,0,0
2024-06-02,SKU015,Clothing,493,360.58,177765.94,815,0,WH-A,2024,6,22,2,493.2,-0.0,0,0
2024-06-09,SKU015,Clothing,479,493.33,236305.07,949,0,WH-C,2024,6,23,2,486.5,-0.015,0,0
2024-06-16,SKU015,Clothing,469,40.43,18961.67,692,0,WH-B,2024,6,24,2,478.0,-0.019,0,0
2024-06-23,SKU015,Clothing,487,417.36,203254.32,69,0,WH-B,2024,6,25,2,482.0,0.01,0,0
2024-06-30,SKU015,Clothing,530,450.92,238987.6,800,0,WH-A,2024,6,26,2,491.2,0.079,0,0
2024-07-07,SKU015,Clothing,531,165.04,87636.24,776,0,WH-B,2024,7,27,3,504.2,0.053,0,0
2024-07-14,SKU015,Clothing,524,325.28,170446.72,956,0,WH-A,2024,7,28,3,518.0,0.012,0,0
2024-07-21,SKU015,Clothing,546,282.18,154070.28,481,0,WH-C,2024,7,29,3,532.8,0.025,0,0
2024-07-28,SKU015,Clothing,497,303.66,150919.02,344,0,WH-B,2024,7,30,3,524.5,-0.052,0,0
2024-08-04,SKU015,Clothing,510,304.44,155264.4,385,0,WH-A,2024,8,31,3,519.2,-0.018,0,0
2024-08-11,SKU015,Clothing,497,180.33,89624.01,292,0,WH-B,2024,8,32,3,512.5,-0.03,0,0
2024-08-18,SKU015,Clothing,501,224.99,112719.99,575,1,WH-A,2024,8,33,3,501.2,-0.0,0,501
2024-08-25,SKU015,Clothing,490,337.03,165144.7,396,1,WH-B,2024,8,34,3,499.5,-0.019,0,490
2024-09-01,SKU015,Clothing,432,143.38,61940.16,460,0,WH-B,2024,9,35,3,480.0,-0.1,0,0
2024-09-08,SKU015,Clothing,455,69.44,31595.2,668,0,WH-B,2024,9,36,3,469.5,-0.031,0,0
2024-09-15,SKU015,Clothing,379,313.28,118733.12,367,0,WH-B,2024,9,37,3,439.0,-0.137,0,0
2024-09-22,SKU015,Clothing,403,153.57,61888.71,826,0,WH-A,2024,9,38,3,417.2,-0.034,0,0
2024-09-29,SKU015,Clothing,374,158.18,59159.32,441,0,WH-B,2024,9,39,3,402.8,-0.071,0,0
2024-10-06,SKU015,Clothing,323,275.47,88976.81,430,0,WH-B,2024,10,40,4,369.8,-0.127,0,0
2024-10-13,SKU015,Clothing,313,111.66,34949.58,252,0,WH-B,2024,10,41,4,353.2,-0.114,0,0
2024-10-20,SKU015,Clothing,329,371.23,122134.67,414,0,WH-C,2024,10,42,4,334.8,-0.017,0,0
2024-10-27,SKU015,Clothing,256,445.97,114168.32,185,1,WH-C,2024,10,43,4,305.2,-0.161,0,256
2024-11-03,SKU015,Clothing,294,124.03,36464.82,857,1,WH-A,2024,11,44,4,298.0,-0.013,0,294
2024-11-10,SKU015,Clothing,277,309.07,85612.39,39,0,WH-B,2024,11,45,4,289.0,-0.042,1,0
2024-11-17,SKU015,Clothing,296,269.87,79881.52,284,0,WH-B,2024,11,46,4,280.8,0.054,0,0
2024-11-24,SKU015,Clothing,283,211.77,59930.91,227,1,WH-A,2024,11,47,4,287.5,-0.016,0,283
2024-12-01,SKU015,Clothing,356,306.09,108968.04,784,0,WH-A,2024,12,48,4,303.0,0.175,0,0
2024-12-08,SKU015,Clothing,371,185.0,68635.0,567,0,WH-C,2024,12,49,4,326.5,0.136,0,0
2024-12-15,SKU015,Clothing,440,382.73,168401.2,357,0,WH-B,2024,12,50,4,362.5,0.214,0,0
2024-12-22,SKU015,Clothing,489,235.61,115213.29,400,0,WH-C,2024,12,51,4,414.0,0.181,0,0
2024-12-29,SKU015,Clothing,490,133.28,65307.2,876,0,WH-B,2024,12,52,4,447.5,0.095,0,0
2022-01-02,SKU016,Clothing,374,374.06,139898.44,392,0,WH-A,2022,1,52,1,374.0,0.0,0,0
2022-01-09,SKU016,Clothing,423,187.82,79447.86,599,0,WH-A,2022,1,1,1,398.5,0.061,0,0
2022-01-16,SKU016,Clothing,471,157.42,74144.82,23,1,WH-B,2022,1,2,1,422.7,0.114,1,471
2022-01-23,SKU016,Clothing,496,110.16,54639.36,38,1,WH-A,2022,1,3,1,441.0,0.125,1,496
2022-01-30,SKU016,Clothing,469,250.48,117475.12,6,0,WH-A,2022,1,4,1,464.8,0.009,1,0
2022-02-06,SKU016,Clothing,573,258.3,148005.9,265,0,WH-B,2022,2,5,1,502.2,0.141,0,0
2022-02-13,SKU016,Clothing,537,54.29,29153.73,599,0,WH-B,2022,2,6,1,518.8,0.035,0,0
2022-02-20,SKU016,Clothing,539,111.8,60260.2,139,0,WH-A,2022,2,7,1,529.5,0.018,0,0
2022-02-27,SKU016,Clothing,570,431.07,245709.9,478,1,WH-B,2022,2,8,1,554.8,0.027,0,570
2022-03-06,SKU016,Clothing,535,234.15,125270.25,211,0,WH-C,2022,3,9,1,545.2,-0.019,0,0
2022-03-13,SKU016,Clothing,557,290.18,161630.26,476,0,WH-A,2022,3,10,1,550.2,0.012,0,0
2022-03-20,SKU016,Clothing,531,426.72,226588.32,657,1,WH-C,2022,3,11,1,548.2,-0.031,0,531
2022-03-27,SKU016,Clothing,531,261.63,138925.53,713,0,WH-C,2022,3,12,1,538.5,-0.014,0,0
2022-04-03,SKU016,Clothing,534,305.7,163243.8,688,0,WH-A,2022,4,13,2,538.2,-0.008,0,0
2022-04-10,SKU016,Clothing,461,320.21,147616.81,478,1,WH-C,2022,4,14,2,514.2,-0.103,0,461
2022-04-17,SKU016,Clothing,473,283.11,133911.03,8,0,WH-C,2022,4,15,2,499.8,-0.054,1,0
2022-04-24,SKU016,Clothing,447,305.35,136491.45,721,1,WH-C,2022,4,16,2,478.8,-0.066,0,447
2022-05-01,SKU016,Clothing,455,204.42,93011.1,148,0,WH-A,2022,5,17,2,459.0,-0.009,0,0
2022-05-08,SKU016,Clothing,426,68.6,29223.6,799,0,WH-C,2022,5,18,2,450.2,-0.054,0,0
2022-05-15,SKU016,Clothing,418,463.58,193776.44,930,0,WH-B,2022,5,19,2,436.5,-0.042,0,0
2022-05-22,SKU016,Clothing,362,497.33,180033.46,990,0,WH-A,2022,5,20,2,415.2,-0.128,0,0
2022-05-29,SKU016,Clothing,409,154.72,63280.48,359,0,WH-A,2022,5,21,2,403.8,0.013,0,0
2022-06-05,SKU016,Clothing,442,441.49,195138.58,278,0,WH-C,2022,6,22,2,407.8,0.084,0,0
2022-06-12,SKU016,Clothing,400,363.85,145540.0,679,0,WH-B,2022,6,23,2,403.2,-0.008,0,0
2022-06-19,SKU016,Clothing,400,301.45,120580.0,491,0,WH-B,2022,6,24,2,412.8,-0.031,0,0
2022-06-26,SKU016,Clothing,386,480.54,185488.44,152,1,WH-A,2022,6,25,2,407.0,-0.052,0,386
2022-07-03,SKU016,Clothing,394,363.46,143203.24,532,0,WH-B,2022,7,26,3,395.0,-0.003,0,0
2022-07-10,SKU016,Clothing,386,169.96,65604.56,697,0,WH-B,2022,7,27,3,391.5,-0.014,0,0
2022-07-17,SKU016,Clothing,388,485.51,188377.88,628,0,WH-C,2022,7,28,3,388.5,-0.001,0,0
2022-07-24,SKU016,Clothing,410,328.65,134746.5,345,0,WH-A,2022,7,29,3,394.5,0.039,0,0
2022-07-31,SKU016,Clothing,386,357.92,138157.12,622,0,WH-C,2022,7,30,3,392.5,-0.017,0,0
2022-08-07,SKU016,Clothing,411,227.34,93436.74,810,0,WH-C,2022,8,31,3,398.8,0.031,0,0
2022-08-14,SKU016,Clothing,373,452.43,168756.39,961,0,WH-A,2022,8,32,3,395.0,-0.056,0,0
2022-08-21,SKU016,Clothing,382,109.34,41767.88,121,0,WH-C,2022,8,33,3,388.0,-0.015,0,0
2022-08-28,SKU016,Clothing,396,11.94,4728.24,634,0,WH-A,2022,8,34,3,390.5,0.014,0,0
2022-09-04,SKU016,Clothing,350,385.49,134921.5,103,0,WH-A,2022,9,35,3,375.2,-0.067,0,0
2022-09-11,SKU016,Clothing,319,315.2,100548.8,265,0,WH-C,2022,9,36,3,361.8,-0.118,0,0
2022-09-18,SKU016,Clothing,309,309.78,95722.02,518,0,WH-A,2022,9,37,3,343.5,-0.1,0,0
2022-09-25,SKU016,Clothing,339,332.71,112788.69,430,0,WH-B,2022,9,38,3,329.2,0.03,0,0
2022-10-02,SKU016,Clothing,258,58.09,14987.22,369,0,WH-C,2022,10,39,4,306.2,-0.157,0,0
2022-10-09,SKU016,Clothing,256,461.86,118236.16,278,0,WH-C,2022,10,40,4,290.5,-0.119,0,0
2022-10-16,SKU016,Clothing,384,222.98,85624.32,813,1,WH-C,2022,10,41,4,309.2,0.242,0,384
2022-10-23,SKU016,Clothing,221,10.8,2386.8,811,0,WH-C,2022,10,42,4,279.8,-0.21,0,0
2022-10-30,SKU016,Clothing,204,24.64,5026.56,119,0,WH-A,2022,10,43,4,266.2,-0.234,0,0
2022-11-06,SKU016,Clothing,230,166.16,38216.8,766,0,WH-A,2022,11,44,4,259.8,-0.115,0,0
2022-11-13,SKU016,Clothing,254,271.23,68892.42,926,0,WH-B,2022,11,45,4,227.2,0.118,0,0
2022-11-20,SKU016,Clothing,231,338.89,78283.59,153,0,WH-C,2022,11,46,4,229.8,0.005,0,0
2022-11-27,SKU016,Clothing,229,137.98,31597.42,167,0,WH-B,2022,11,47,4,236.0,-0.03,0,0
2022-12-04,SKU016,Clothing,287,223.12,64035.44,402,1,WH-A,2022,12,48,4,250.2,0.147,0,287
2022-12-11,SKU016,Clothing,305,28.91,8817.55,983,0,WH-C,2022,12,49,4,263.0,0.16,0,0
2022-12-18,SKU016,Clothing,345,316.21,109092.45,705,0,WH-C,2022,12,50,4,291.5,0.184,0,0
2022-12-25,SKU016,Clothing,335,393.48,131815.8,650,1,WH-B,2022,12,51,4,318.0,0.053,0,335
2023-01-01,SKU016,Clothing,401,354.16,142018.16,974,1,WH-A,2023,1,52,1,346.5,0.157,0,401
2023-01-08,SKU016,Clothing,455,74.83,34047.65,470,0,WH-A,2023,1,1,1,384.0,0.185,0,0
2023-01-15,SKU016,Clothing,462,10.15,4689.3,643,0,WH-A,2023,1,2,1,413.2,0.118,0,0
2023-01-22,SKU016,Clothing,504,35.24,17760.96,485,0,WH-B,2023,1,3,1,455.5,0.106,0,0
2023-01-29,SKU016,Clothing,481,483.42,232525.02,695,0,WH-B,2023,1,4,1,475.5,0.012,0,0
2023-02-05,SKU016,Clothing,517,179.76,92935.92,958,0,WH-A,2023,2,5,1,491.0,0.053,0,0
2023-02-12,SKU016,Clothing,558,40.1,22375.8,139,0,WH-C,2023,2,6,1,515.0,0.083,0,0
2023-02-19,SKU016,Clothing,554,213.73,118406.42,350,0,WH-B,2023,2,7,1,527.5,0.05,0,0
2023-02-26,SKU016,Clothing,605,137.77,83350.85,663,0,WH-A,2023,2,8,1,558.5,0.083,0,0
2023-03-05,SKU016,Clothing,551,458.23,252484.73,386,1,WH-B,2023,3,9,1,567.0,-0.028,0,551
2023-03-12,SKU016,Clothing,561,417.4,234161.4,603,0,WH-B,2023,3,10,1,567.8,-0.012,0,0
2023-03-19,SKU016,Clothing,549,437.13,239984.37,692,0,WH-C,2023,3,11,1,566.5,-0.031,0,0
2023-03-26,SKU016,Clothing,513,367.39,188471.07,38,0,WH-C,2023,3,12,1,543.5,-0.056,1,0
2023-04-02,SKU016,Clothing,519,128.84,66867.96,954,0,WH-B,2023,4,13,2,535.5,-0.031,0,0
2023-04-09,SKU016,Clothing,471,265.96,125267.16,651,0,WH-A,2023,4,14,2,513.0,-0.082,0,0
2023-04-16,SKU016,Clothing,454,38.39,17429.06,58,0,WH-C,2023,4,15,2,489.2,-0.072,0,0
2023-04-23,SKU016,Clothing,430,108.68,46732.4,808,0,WH-B,2023,4,16,2,468.5,-0.082,0,0
2023-04-30,SKU016,Clothing,425,356.27,151414.75,469,0,WH-C,2023,4,17,2,445.0,-0.045,0,0
2023-05-07,SKU016,Clothing,410,340.94,139785.4,899,0,WH-C,2023,5,18,2,429.8,-0.046,0,0
2023-05-14,SKU016,Clothing,424,470.52,199500.48,397,0,WH-B,2023,5,19,2,422.2,0.004,0,0
2023-05-21,SKU016,Clothing,422,253.19,106846.18,739,0,WH-B,2023,5,20,2,420.2,0.004,0,0
2023-05-28,SKU016,Clothing,377,11.59,4369.43,211,0,WH-C,2023,5,21,2,408.2,-0.076,0,0
2023-06-04,SKU016,Clothing,377,414.96,156439.92,826,0,WH-B,2023,6,22,2,400.0,-0.058,0,0
2023-06-11,SKU016,Clothing,363,197.44,71670.72,379,0,WH-B,2023,6,23,2,384.8,-0.057,0,0
2023-06-18,SKU016,Clothing,364,154.05,56074.2,613,0,WH-B,2023,6,24,2,370.2,-0.017,0,0
2023-06-25,SKU016,Clothing,401,455.97,182843.97,735,0,WH-B,2023,6,25,2,376.2,0.066,0,0
2023-07-02,SKU016,Clothing,385,167.11,64337.35,757,0,WH-C,2023,7,26,3,378.2,0.018,0,0
2023-07-09,SKU016,Clothing,372,394.71,146832.12,911,0,WH-C,2023,7,27,3,380.5,-0.022,0,0
2023-07-16,SKU016,Clothing,374,365.69,136768.06,185,0,WH-C,2023,7,28,3,383.0,-0.023,0,0
2023-07-23,SKU016,Clothing,408,259.92,106047.36,680,1,WH-C,2023,7,29,3,384.8,0.06,0,408
2023-07-30,SKU016,Clothing,382,182.23,69611.86,934,0,WH-A,2023,7,30,3,384.0,-0.005,0,0
2023-08-06,SKU016,Clothing,358,233.64,83643.12,244,0,WH-B,2023,8,31,3,380.5,-0.059,0,0
2023-08-13,SKU016,Clothing,333,475.9,158474.7,902,0,WH-B,2023,8,32,3,370.2,-0.1,0,0
2023-08-20,SKU016,Clothing,384,173.91,66781.44,903,0,WH-B,2023,8,33,3,364.2,0.054,0,0
2023-08-27,SKU016,Clothing,360,141.42,50911.2,775,0,WH-C,2023,8,34,3,358.8,0.003,0,0
2023-09-03,SKU016,Clothing,313,171.44,53660.72,945,0,WH-C,2023,9,35,3,347.5,-0.099,0,0
2023-09-10,SKU016,Clothing,326,290.88,94826.88,657,0,WH-B,2023,9,36,3,345.8,-0.057,0,0
2023-09-17,SKU016,Clothing,310,194.77,60378.7,550,0,WH-B,2023,9,37,3,327.2,-0.053,0,0
2023-09-24,SKU016,Clothing,293,274.36,80387.48,828,1,WH-A,2023,9,38,3,310.5,-0.056,0,293
2023-10-01,SKU016,Clothing,260,20.63,5363.8,165,0,WH-C,2023,10,39,4,297.2,-0.125,0,0
2023-10-08,SKU016,Clothing,259,391.05,101281.95,547,0,WH-A,2023,10,40,4,280.5,-0.077,0,0
2023-10-15,SKU016,Clothing,230,493.1,113413.0,759,1,WH-A,2023,10,41,4,260.5,-0.117,0,230
2023-10-22,SKU016,Clothing,229,482.88,110579.52,393,0,WH-B,2023,10,42,4,244.5,-0.063,0,0
2023-10-29,SKU016,Clothing,237,73.06,17315.22,763,0,WH-B,2023,10,43,4,238.8,-0.008,0,0
2023-11-05,SKU016,Clothing,171,135.79,23220.09,699,1,WH-A,2023,11,44,4,216.8,-0.211,0,171
2023-11-12,SKU016,Clothing,203,230.91,46874.73,228,0,WH-A,2023,11,45,4,210.0,-0.033,0,0
2023-11-19,SKU016,Clothing,234,32.09,7509.06,12,0,WH-C,2023,11,46,4,211.2,0.108,1,0
2023-11-26,SKU016,Clothing,242,17.17,4155.14,773,0,WH-A,2023,11,47,4,212.5,0.139,0,0
2023-12-03,SKU016,Clothing,273,495.53,135279.69,567,0,WH-C,2023,12,48,4,238.0,0.147,0,0
2023-12-10,SKU016,Clothing,290,315.36,91454.4,932,0,WH-C,2023,12,49,4,259.8,0.116,0,0
2023-12-17,SKU016,Clothing,306,416.56,127467.36,326,0,WH-C,2023,12,50,4,277.8,0.102,0,0
2023-12-24,SKU016,Clothing,349,464.44,162089.56,207,0,WH-B,2023,12,51,4,304.5,0.146,0,0
2023-12-31,SKU016,Clothing,369,376.91,139079.79,704,0,WH-C,2023,12,52,4,328.5,0.123,0,0
2024-01-07,SKU016,Clothing,357,472.67,168743.19,351,0,WH-B,2024,1,1,1,345.2,0.034,0,0
2024-01-14,SKU016,Clothing,410,88.47,36272.7,220,0,WH-C,2024,1,2,1,371.2,0.105,0,0
2024-01-21,SKU016,Clothing,483,137.7,66509.1,637,1,WH-C,2024,1,3,1,404.8,0.193,0,483
2024-01-28,SKU016,Clothing,489,401.91,196533.99,121,0,WH-A,2024,1,4,1,434.8,0.125,0,0
2024-02-04,SKU016,Clothing,521,355.25,185085.25,499,0,WH-C,2024,2,5,1,475.8,0.095,0,0
2024-02-11,SKU016,Clothing,568,362.11,205678.48,58,0,WH-A,2024,2,6,1,515.2,0.102,0,0
2024-02-18,SKU016,Clothing,542,316.94,171781.48,997,0,WH-A,2024,2,7,1,530.0,0.023,0,0
2024-02-25,SKU016,Clothing,530,339.54,179956.2,954,0,WH-C,2024,2,8,1,540.2,-0.019,0,0
2024-03-03,SKU016,Clothing,549,391.26,214801.74,549,0,WH-C,2024,3,9,1,547.2,0.003,0,0
2024-03-10,SKU016,Clothing,516,488.0,251808.0,458,0,WH-B,2024,3,10,1,534.2,-0.034,0,0
2024-03-17,SKU016,Clothing,493,188.73,93043.89,442,0,WH-A,2024,3,11,1,522.0,-0.056,0,0
2024-03-24,SKU016,Clothing,552,239.18,132027.36,130,0,WH-C,2024,3,12,1,527.5,0.046,0,0
2024-03-31,SKU016,Clothing,477,91.1,43454.7,714,1,WH-B,2024,3,13,1,509.5,-0.064,0,477
2024-04-07,SKU016,Clothing,384,80.71,30992.64,857,1,WH-A,2024,4,14,2,476.5,-0.194,0,384
2024-04-14,SKU016,Clothing,414,322.88,133672.32,996,0,WH-C,2024,4,15,2,456.8,-0.094,0,0
2024-04-21,SKU016,Clothing,429,71.03,30471.87,862,0,WH-C,2024,4,16,2,426.0,0.007,0,0
2024-04-28,SKU016,Clothing,404,408.28,164945.12,361,1,WH-A,2024,4,17,2,407.8,-0.009,0,404
2024-05-05,SKU016,Clothing,407,227.41,92555.87,458,0,WH-A,2024,5,18,2,413.5,-0.016,0,0
2024-05-12,SKU016,Clothing,381,105.16,40065.96,753,0,WH-C,2024,5,19,2,405.2,-0.06,0,0
2024-05-19,SKU016,Clothing,361,23.47,8472.67,66,0,WH-B,2024,5,20,2,388.2,-0.07,0,0
2024-05-26,SKU016,Clothing,390,447.29,174443.1,127,0,WH-A,2024,5,21,2,384.8,0.014,0,0
2024-06-02,SKU016,Clothing,384,334.81,128567.04,44,0,WH-C,2024,6,22,2,379.0,0.013,1,0
2024-06-09,SKU016,Clothing,338,275.91,93257.58,560,0,WH-C,2024,6,23,2,368.2,-0.082,0,0
2024-06-16,SKU016,Clothing,413,135.17,55825.21,389,0,WH-B,2024,6,24,2,381.2,0.083,0,0
2024-06-23,SKU016,Clothing,377,466.98,176051.46,865,0,WH-B,2024,6,25,2,378.0,-0.003,0,0
2024-06-30,SKU016,Clothing,395,247.36,97707.2,207,0,WH-A,2024,6,26,2,380.8,0.037,0,0
2024-07-07,SKU016,Clothing,375,362.85,136068.75,242,0,WH-A,2024,7,27,3,390.0,-0.038,0,0
2024-07-14,SKU016,Clothing,367,200.49,73579.83,283,0,WH-B,2024,7,28,3,378.5,-0.03,0,0
2024-07-21,SKU016,Clothing,377,166.64,62823.28,310,0,WH-A,2024,7,29,3,378.5,-0.004,0,0
2024-07-28,SKU016,Clothing,364,441.85,160833.4,442,0,WH-C,2024,7,30,3,370.8,-0.018,0,0
2024-08-04,SKU016,Clothing,390,374.38,146008.2,987,0,WH-A,2024,8,31,3,374.5,0.041,0,0
2024-08-11,SKU016,Clothing,388,451.84,175313.92,270,1,WH-C,2024,8,32,3,379.8,0.022,0,388
2024-08-18,SKU016,Clothing,321,122.14,39206.94,547,0,WH-C,2024,8,33,3,365.8,-0.122,0,0
2024-08-25,SKU016,Clothing,340,473.17,160877.8,797,0,WH-A,2024,8,34,3,359.8,-0.055,0,0
2024-09-01,SKU016,Clothing,304,217.42,66095.68,117,0,WH-B,2024,9,35,3,338.2,-0.101,0,0
2024-09-08,SKU016,Clothing,317,29.73,9424.41,332,1,WH-B,2024,9,36,3,320.5,-0.011,0,317
2024-09-15,SKU016,Clothing,262,102.51,26857.62,69,0,WH-B,2024,9,37,3,305.8,-0.143,0,0
2024-09-22,SKU016,Clothing,276,117.67,32476.92,221,1,WH-C,2024,9,38,3,289.8,-0.048,0,276
2024-09-29,SKU016,Clothing,280,273.57,76599.6,706,0,WH-C,2024,9,39,3,283.8,-0.013,0,0
2024-10-06,SKU016,Clothing,213,199.77,42551.01,966,0,WH-A,2024,10,40,4,257.8,-0.174,0,0
2024-10-13,SKU016,Clothing,247,48.97,12095.59,145,1,WH-A,2024,10,41,4,254.0,-0.028,0,247
2024-10-20,SKU016,Clothing,195,499.53,97408.35,401,0,WH-B,2024,10,42,4,233.8,-0.166,0,0
2024-10-27,SKU016,Clothing,207,309.0,63963.0,748,0,WH-A,2024,10,43,4,215.5,-0.039,0,0
2024-11-03,SKU016,Clothing,181,212.25,38417.25,488,0,WH-C,2024,11,44,4,207.5,-0.128,0,0
2024-11-10,SKU016,Clothing,197,157.44,31015.68,734,0,WH-C,2024,11,45,4,195.0,0.01,0,0
2024-11-17,SKU016,Clothing,182,489.53,89094.46,104,0,WH-A,2024,11,46,4,191.8,-0.051,0,0
2024-11-24,SKU016,Clothing,248,498.8,123702.4,575,0,WH-A,2024,11,47,4,202.0,0.228,0,0
2024-12-01,SKU016,Clothing,270,446.91,120665.7,970,0,WH-A,2024,12,48,4,224.2,0.204,0,0
2024-12-08,SKU016,Clothing,315,32.2,10143.0,813,0,WH-B,2024,12,49,4,253.8,0.241,0,0
2024-12-15,SKU016,Clothing,322,345.25,111170.5,847,1,WH-B,2024,12,50,4,288.8,0.115,0,322
2024-12-22,SKU016,Clothing,350,117.23,41030.5,633,0,WH-B,2024,12,51,4,314.2,0.114,0,0
2024-12-29,SKU016,Clothing,394,425.6,167686.4,303,1,WH-C,2024,12,52,4,345.2,0.141,0,394
2022-01-02,SKU017,Clothing,225,102.62,23089.5,316,0,WH-A,2022,1,52,1,225.0,0.0,0,0
2022-01-09,SKU017,Clothing,256,492.03,125959.68,496,0,WH-C,2022,1,1,1,240.5,0.064,0,0
2022-01-16,SKU017,Clothing,319,305.74,97531.06,562,0,WH-C,2022,1,2,1,266.7,0.196,0,0
2022-01-23,SKU017,Clothing,312,443.21,138281.52,499,0,WH-A,2022,1,3,1,278.0,0.122,0,0
2022-01-30,SKU017,Clothing,304,250.81,76246.24,246,0,WH-A,2022,1,4,1,297.8,0.021,0,0
2022-02-06,SKU017,Clothing,302,255.91,77284.82,362,0,WH-A,2022,2,5,1,309.2,-0.023,0,0
2022-02-13,SKU017,Clothing,325,215.02,69881.5,831,0,WH-B,2022,2,6,1,310.8,0.046,0,0
2022-02-20,SKU017,Clothing,336,150.02,50406.72,516,0,WH-B,2022,2,7,1,316.8,0.061,0,0
2022-02-27,SKU017,Clothing,335,328.95,110198.25,110,0,WH-C,2022,2,8,1,324.5,0.032,0,0
2022-03-06,SKU017,Clothing,353,101.43,35804.79,74,0,WH-A,2022,3,9,1,337.2,0.047,0,0
2022-03-13,SKU017,Clothing,332,407.27,135213.64,113,0,WH-A,2022,3,10,1,339.0,-0.021,0,0
2022-03-20,SKU017,Clothing,334,309.63,103416.42,606,0,WH-B,2022,3,11,1,338.5,-0.013,0,0
2022-03-27,SKU017,Clothing,292,24.71,7215.32,305,0,WH-C,2022,3,12,1,327.8,-0.109,0,0
2022-04-03,SKU017,Clothing,285,16.85,4802.25,15,0,WH-C,2022,4,13,2,310.8,-0.083,1,0
2022-04-10,SKU017,Clothing,280,331.4,92792.0,354,0,WH-C,2022,4,14,2,297.8,-0.06,0,0
2022-04-17,SKU017,Clothing,295,313.17,92385.15,339,1,WH-A,2022,4,15,2,288.0,0.024,0,295
2022-04-24,SKU017,Clothing,278,111.33,30949.74,339,0,WH-B,2022,4,16,2,284.5,-0.023,0,0
2022-05-01,SKU017,Clothing,262,238.81,62568.22,918,0,WH-B,2022,5,17,2,278.8,-0.06,0,0
2022-05-08,SKU017,Clothing,249,305.4,76044.6,464,0,WH-C,2022,5,18,2,271.0,-0.081,0,0
2022-05-15,SKU017,Clothing,221,417.22,92205.62,931,0,WH-B,2022,5,19,2,252.5,-0.125,0,0
2022-05-22,SKU017,Clothing,243,290.84000000000003,70674.12,144,0,WH-A,2022,5,20,2,243.8,-0.003,0,0
2022-05-29,SKU017,Clothing,218,23.98,5227.64,856,0,WH-A,2022,5,21,2,232.8,-0.064,0,0
2022-06-05,SKU017,Clothing,242,280.35,67844.7,493,0,WH-A,2022,6,22,2,231.0,0.048,0,0
2022-06-12,SKU017,Clothing,205,27.19,5573.95,442,0,WH-C,2022,6,23,2,227.0,-0.097,0,0
2022-06-19,SKU017,Clothing,225,317.08,71343.0,275,0,WH-C,2022,6,24,2,222.5,0.011,0,0
2022-06-26,SKU017,Clothing,240,418.13,100351.2,332,0,WH-A,2022,6,25,2,228.0,0.053,0,0
2022-07-03,SKU017,Clothing,223,290.57,64797.11,823,0,WH-A,2022,7,26,3,223.2,-0.001,0,0
2022-07-10,SKU017,Clothing,218,103.01,22456.18,80,1,WH-C,2022,7,27,3,226.5,-0.038,0,218
2022-07-17,SKU017,Clothing,229,446.84,102326.36,118,0,WH-B,2022,7,28,3,227.5,0.007,0,0
2022-07-24,SKU017,Clothing,239,320.13,76511.07,387,1,WH-A,2022,7,29,3,227.2,0.052,0,239
2022-07-31,SKU017,Clothing,221,66.48,14692.08,10,0,WH-B,2022,7,30,3,226.8,-0.026,1,0
2022-08-07,SKU017,Clothing,223,310.39,69216.97,75,0,WH-A,2022,8,31,3,228.0,-0.022,0,0
2022-08-14,SKU017,Clothing,231,16.57,3827.67,649,0,WH-A,2022,8,32,3,228.5,0.011,0,0
2022-08-21,SKU017,Clothing,231,432.75,99965.25,844,0,WH-C,2022,8,33,3,226.5,0.02,0,0
2022-08-28,SKU017,Clothing,231,161.6,37329.6,483,0,WH-B,2022,8,34,3,229.0,0.009,0,0
2022-09-04,SKU017,Clothing,221,265.96,58777.16,302,0,WH-C,2022,9,35,3,228.5,-0.033,0,0
2022-09-11,SKU017,Clothing,208,255.66,53177.28,96,0,WH-C,2022,9,36,3,222.8,-0.066,0,0
2022-09-18,SKU017,Clothing,158,157.51,24886.58,183,0,WH-A,2022,9,37,3,204.5,-0.227,0,0
2022-09-25,SKU017,Clothing,172,373.41,64226.52,807,0,WH-C,2022,9,38,3,189.8,-0.094,0,0
2022-10-02,SKU017,Clothing,131,324.1,42457.1,995,1,WH-A,2022,10,39,4,167.2,-0.217,0,131
2022-10-09,SKU017,Clothing,196,415.33,81404.68,714,0,WH-B,2022,10,40,4,164.2,0.194,0,0
2022-10-16,SKU017,Clothing,142,10.18,1445.56,496,0,WH-C,2022,10,41,4,160.2,-0.114,0,0
2022-10-23,SKU017,Clothing,136,415.09,56452.24,92,0,WH-A,2022,10,42,4,151.2,-0.101,0,0
2022-10-30,SKU017,Clothing,120,342.49,41098.8,122,0,WH-A,2022,10,43,4,148.5,-0.192,0,0
2022-11-06,SKU017,Clothing,154,318.1,48987.4,891,0,WH-A,2022,11,44,4,138.0,0.116,0,0
2022-11-13,SKU017,Clothing,111,228.66,25381.26,760,0,WH-B,2022,11,45,4,130.2,-0.147,0,0
2022-11-20,SKU017,Clothing,135,288.71,38975.85,62,1,WH-B,2022,11,46,4,130.0,0.038,0,135
2022-11-27,SKU017,Clothing,153,128.67,19686.51,478,0,WH-A,2022,11,47,4,138.2,0.107,0,0
2022-12-04,SKU017,Clothing,223,291.11,64917.53,686,0,WH-A,2022,12,48,4,155.5,0.434,0,0
2022-12-11,SKU017,Clothing,157,472.33,74155.81,292,0,WH-A,2022,12,49,4,167.0,-0.06,0,0
2022-12-18,SKU017,Clothing,163,101.24,16502.12,24,1,WH-A,2022,12,50,4,174.0,-0.063,1,163
2022-12-25,SKU017,Clothing,184,470.06,86491.04,770,0,WH-B,2022,12,51,4,181.8,0.012,0,0
2023-01-01,SKU017,Clothing,221,93.31,20621.51,856,0,WH-B,2023,1,52,1,181.2,0.22,0,0
2023-01-08,SKU017,Clothing,268,77.26,20705.68,271,1,WH-A,2023,1,1,1,209.0,0.282,0,268
2023-01-15,SKU017,Clothing,275,308.52,84843.0,757,0,WH-C,2023,1,2,1,237.0,0.16,0,0
2023-01-22,SKU017,Clothing,314,325.27,102134.78,857,0,WH-A,2023,1,3,1,269.5,0.165,0,0
2023-01-29,SKU017,Clothing,272,42.35,11519.2,651,0,WH-A,2023,1,4,1,282.2,-0.036,0,0
2023-02-05,SKU017,Clothing,303,45.45,13771.35,551,1,WH-C,2023,2,5,1,291.0,0.041,0,303
2023-02-12,SKU017,Clothing,323,318.87,102995.01,921,0,WH-B,2023,2,6,1,303.0,0.066,0,0
2023-02-19,SKU017,Clothing,289,345.13,99742.57,864,0,WH-B,2023,2,7,1,296.8,-0.026,0,0
2023-02-26,SKU017,Clothing,321,367.81,118067.01,27,0,WH-C,2023,2,8,1,309.0,0.039,1,0
2023-03-05,SKU017,Clothing,288,369.89,106528.32,179,1,WH-A,2023,3,9,1,305.2,-0.056,0,288
2023-03-12,SKU017,Clothing,339,394.58,133762.62,280,1,WH-A,2023,3,10,1,309.2,0.096,0,339
2023-03-19,SKU017,Clothing,317,444.69,140966.73,841,0,WH-C,2023,3,11,1,316.2,0.003,0,0
2023-03-26,SKU017,Clothing,290,395.91,114813.9,106,0,WH-B,2023,3,12,1,308.5,-0.06,0,0
2023-04-02,SKU017,Clothing,277,169.51,46954.27,761,0,WH-C,2023,4,13,2,305.8,-0.094,0,0
2023-04-09,SKU017,Clothing,263,292.74,76990.62,294,0,WH-B,2023,4,14,2,286.8,-0.083,0,0
2023-04-16,SKU017,Clothing,307,490.01,150433.07,456,0,WH-B,2023,4,15,2,284.2,0.08,0,0
2023-04-23,SKU017,Clothing,300,168.23,50469.0,505,0,WH-C,2023,4,16,2,286.8,0.046,0,0
2023-04-30,SKU017,Clothing,232,323.22,74987.04,730,0,WH-B,2023,4,17,2,275.5,-0.158,0,0
2023-05-07,SKU017,Clothing,212,252.09,53443.08,515,0,WH-A,2023,5,18,2,262.8,-0.193,0,0
2023-05-14,SKU017,Clothing,214,231.68,49579.52,109,0,WH-A,2023,5,19,2,239.5,-0.106,0,0
2023-05-21,SKU017,Clothing,250,267.86,66965.0,708,0,WH-A,2023,5,20,2,227.0,0.101,0,0
2023-05-28,SKU017,Clothing,263,38.95,10243.85,560,0,WH-C,2023,5,21,2,234.8,0.12,0,0
2023-06-04,SKU017,Clothing,247,23.85,5890.95,327,0,WH-A,2023,6,22,2,243.5,0.014,0,0
2023-06-11,SKU017,Clothing,214,232.8,49819.2,452,0,WH-A,2023,6,23,2,243.5,-0.121,0,0
2023-06-18,SKU017,Clothing,213,480.35,102314.55,798,0,WH-C,2023,6,24,2,234.2,-0.091,0,0
2023-06-25,SKU017,Clothing,250,278.23,69557.5,205,0,WH-A,2023,6,25,2,231.0,0.082,0,0
2023-07-02,SKU017,Clothing,234,414.68,97035.12,556,1,WH-B,2023,7,26,3,227.8,0.027,0,234
2023-07-09,SKU017,Clothing,216,422.06,91164.96,965,1,WH-C,2023,7,27,3,228.2,-0.053,0,216
2023-07-16,SKU017,Clothing,197,394.71,77757.87,358,0,WH-C,2023,7,28,3,224.2,-0.121,0,0
2023-07-23,SKU017,Clothing,214,27.06,5790.84,720,0,WH-C,2023,7,29,3,215.2,-0.006,0,0
2023-07-30,SKU017,Clothing,222,220.29,48904.38,700,0,WH-C,2023,7,30,3,212.2,0.046,0,0
2023-08-06,SKU017,Clothing,222,455.11,101034.42,910,0,WH-B,2023,8,31,3,213.8,0.038,0,0
2023-08-13,SKU017,Clothing,237,395.39,93707.43,315,0,WH-B,2023,8,32,3,223.8,0.059,0,0
2023-08-20,SKU017,Clothing,244,351.55,85778.2,851,0,WH-C,2023,8,33,3,231.2,0.055,0,0
2023-08-27,SKU017,Clothing,193,481.62,92952.66,81,1,WH-C,2023,8,34,3,224.0,-0.138,0,193
2023-09-03,SKU017,Clothing,234,34.02,7960.68,218,0,WH-C,2023,9,35,3,227.0,0.031,0,0
2023-09-10,SKU017,Clothing,153,421.39,64472.67,471,0,WH-C,2023,9,36,3,206.0,-0.257,0,0
2023-09-17,SKU017,Clothing,152,51.55,7835.6,191,0,WH-B,2023,9,37,3,183.0,-0.169,0,0
2023-09-24,SKU017,Clothing,168,414.12,69572.16,129,0,WH-C,2023,9,38,3,176.8,-0.05,0,0
2023-10-01,SKU017,Clothing,123,478.51,58856.73,463,0,WH-B,2023,10,39,4,149.0,-0.174,0,0
2023-10-08,SKU017,Clothing,150,275.38,41307.0,877,0,WH-A,2023,10,40,4,148.2,0.012,0,0
2023-10-15,SKU017,Clothing,150,18.8,2820.0,702,0,WH-A,2023,10,41,4,147.8,0.015,0,0
2023-10-22,SKU017,Clothing,93,463.55,43110.15,295,0,WH-A,2023,10,42,4,129.0,-0.279,0,0
2023-10-29,SKU017,Clothing,131,279.84,36659.04,643,0,WH-C,2023,10,43,4,131.0,0.0,0,0
2023-11-05,SKU017,Clothing,131,264.97,34711.07,19,0,WH-A,2023,11,44,4,126.2,0.038,1,0
2023-11-12,SKU017,Clothing,111,405.47,45007.17,636,0,WH-B,2023,11,45,4,116.5,-0.047,0,0
2023-11-19,SKU017,Clothing,124,332.53,41233.72,257,0,WH-C,2023,11,46,4,124.2,-0.002,0,0
2023-11-26,SKU017,Clothing,118,216.9,25594.2,286,0,WH-A,2023,11,47,4,121.0,-0.025,0,0
2023-12-03,SKU017,Clothing,152,495.71,75347.92,617,0,WH-A,2023,12,48,4,126.2,0.204,0,0
2023-12-10,SKU017,Clothing,159,496.55,78951.45,600,0,WH-B,2023,12,49,4,138.2,0.151,0,0
2023-12-17,SKU017,Clothing,173,75.47,13056.31,990,0,WH-A,2023,12,50,4,150.5,0.15,0,0
2023-12-24,SKU017,Clothing,210,342.53,71931.3,489,0,WH-C,2023,12,51,4,173.5,0.21,0,0
2023-12-31,SKU017,Clothing,226,290.25,65596.5,599,0,WH-C,2023,12,52,4,192.0,0.177,0,0
2024-01-07,SKU017,Clothing,262,493.53,129304.86,171,1,WH-C,2024,1,1,1,217.8,0.203,0,262
2024-01-14,SKU017,Clothing,270,462.99,125007.3,85,0,WH-A,2024,1,2,1,242.0,0.116,0,0
2024-01-21,SKU017,Clothing,274,168.51,46171.74,235,0,WH-A,2024,1,3,1,258.0,0.062,0,0
2024-01-28,SKU017,Clothing,300,122.53,36759.0,483,0,WH-A,2024,1,4,1,276.5,0.085,0,0
2024-02-04,SKU017,Clothing,307,449.84,138100.88,667,0,WH-C,2024,2,5,1,287.8,0.067,0,0
2024-02-11,SKU017,Clothing,345,40.79,14072.55,964,0,WH-C,2024,2,6,1,306.5,0.126,0,0
2024-02-18,SKU017,Clothing,319,87.15,27800.85,284,0,WH-B,2024,2,7,1,317.8,0.004,0,0
2024-02-25,SKU017,Clothing,278,13.12,3647.36,445,0,WH-C,2024,2,8,1,312.2,-0.11,0,0
2024-03-03,SKU017,Clothing,300,220.71,66213.0,633,0,WH-C,2024,3,9,1,310.5,-0.034,0,0
2024-03-10,SKU017,Clothing,318,44.15,14039.7,543,0,WH-B,2024,3,10,1,303.8,0.047,0,0
2024-03-17,SKU017,Clothing,281,167.22,46988.82,560,0,WH-A,2024,3,11,1,294.2,-0.045,0,0
2024-03-24,SKU017,Clothing,305,445.51,135880.55,565,1,WH-A,2024,3,12,1,301.0,0.013,0,305
2024-03-31,SKU017,Clothing,285,269.66,76853.1,568,0,WH-B,2024,3,13,1,297.2,-0.041,0,0
2024-04-07,SKU017,Clothing,292,492.94,143938.48,273,1,WH-B,2024,4,14,2,290.8,0.004,0,292
2024-04-14,SKU017,Clothing,205,409.78,84004.9,889,0,WH-C,2024,4,15,2,271.8,-0.246,0,0
2024-04-21,SKU017,Clothing,246,148.75,36592.5,501,0,WH-C,2024,4,16,2,257.0,-0.043,0,0
2024-04-28,SKU017,Clothing,253,396.82,100395.46,594,0,WH-C,2024,4,17,2,249.0,0.016,0,0
2024-05-05,SKU017,Clothing,222,209.02,46402.44,689,0,WH-A,2024,5,18,2,231.5,-0.041,0,0
2024-05-12,SKU017,Clothing,174,445.94,77593.56,645,0,WH-A,2024,5,19,2,223.8,-0.223,0,0
2024-05-19,SKU017,Clothing,262,105.54,27651.48,259,0,WH-A,2024,5,20,2,227.8,0.15,0,0
2024-05-26,SKU017,Clothing,194,85.52,16590.88,935,1,WH-B,2024,5,21,2,213.0,-0.089,0,194
2024-06-02,SKU017,Clothing,180,455.02,81903.6,541,0,WH-A,2024,6,22,2,202.5,-0.111,0,0
2024-06-09,SKU017,Clothing,186,140.44,26121.84,176,0,WH-C,2024,6,23,2,205.5,-0.095,0,0
2024-06-16,SKU017,Clothing,225,241.96,54441.0,177,0,WH-B,2024,6,24,2,196.2,0.147,0,0
2024-06-23,SKU017,Clothing,223,154.16,34377.68,478,1,WH-B,2024,6,25,2,203.5,0.096,0,223
2024-06-30,SKU017,Clothing,211,409.45,86393.95,943,1,WH-C,2024,6,26,2,211.2,-0.001,0,211
2024-07-07,SKU017,Clothing,222,295.32,65561.04,53,0,WH-B,2024,7,27,3,220.2,0.008,0,0
2024-07-14,SKU017,Clothing,191,80.34,15344.94,792,0,WH-B,2024,7,28,3,211.8,-0.098,0,0
2024-07-21,SKU017,Clothing,167,71.05,11865.35,122,0,WH-B,2024,7,29,3,197.8,-0.156,0,0
2024-07-28,SKU017,Clothing,245,24.86,6090.7,866,0,WH-C,2024,7,30,3,206.2,0.188,0,0
2024-08-04,SKU017,Clothing,235,455.48,107037.8,618,0,WH-C,2024,8,31,3,209.5,0.122,0,0
2024-08-11,SKU017,Clothing,254,308.36,78323.44,888,1,WH-C,2024,8,32,3,225.2,0.128,0,254
2024-08-18,SKU017,Clothing,159,151.69,24118.71,426,0,WH-A,2024,8,33,3,223.2,-0.288,0,0
2024-08-25,SKU017,Clothing,182,301.76,54920.32,144,0,WH-B,2024,8,34,3,207.5,-0.123,0,0
2024-09-01,SKU017,Clothing,185,30.63,5666.55,735,0,WH-C,2024,9,35,3,195.0,-0.051,0,0
2024-09-08,SKU017,Clothing,204,268.96,54867.84,643,0,WH-B,2024,9,36,3,182.5,0.118,0,0
2024-09-15,SKU017,Clothing,131,477.16,62507.96,771,0,WH-A,2024,9,37,3,175.5,-0.254,0,0
2024-09-22,SKU017,Clothing,144,465.7,67060.8,373,0,WH-A,2024,9,38,3,166.0,-0.133,0,0
2024-09-29,SKU017,Clothing,163,29.84,4863.92,853,0,WH-B,2024,9,39,3,160.5,0.016,0,0
2024-10-06,SKU017,Clothing,156,336.25,52455.0,960,0,WH-C,2024,10,40,4,148.5,0.051,0,0
2024-10-13,SKU017,Clothing,128,447.83,57322.24,754,0,WH-C,2024,10,41,4,147.8,-0.134,0,0
2024-10-20,SKU017,Clothing,101,334.87,33821.87,546,0,WH-B,2024,10,42,4,137.0,-0.263,0,0
2024-10-27,SKU017,Clothing,157,132.39,20785.23,523,0,WH-B,2024,10,43,4,135.5,0.159,0,0
2024-11-03,SKU017,Clothing,141,39.6,5583.6,776,0,WH-C,2024,11,44,4,131.8,0.07,0,0
2024-11-10,SKU017,Clothing,119,11.04,1313.76,404,0,WH-C,2024,11,45,4,129.5,-0.081,0,0
2024-11-17,SKU017,Clothing,110,139.6,15356.0,541,0,WH-C,2024,11,46,4,131.8,-0.165,0,0
2024-11-24,SKU017,Clothing,145,320.74,46507.3,420,0,WH-C,2024,11,47,4,128.8,0.126,0,0
2024-12-01,SKU017,Clothing,140,310.04,43405.6,216,0,WH-C,2024,12,48,4,128.5,0.089,0,0
2024-12-08,SKU017,Clothing,194,499.32,96868.08,674,0,WH-B,2024,12,49,4,147.2,0.318,0,0
2024-12-15,SKU017,Clothing,195,106.0,20670.0,39,0,WH-A,2024,12,50,4,168.5,0.157,1,0
2024-12-22,SKU017,Clothing,182,350.05,63709.1,396,0,WH-C,2024,12,51,4,177.8,0.024,0,0
2024-12-29,SKU017,Clothing,223,306.24,68291.52,864,0,WH-A,2024,12,52,4,198.5,0.123,0,0
2022-01-02,SKU018,Clothing,295,280.11,82632.45,718,1,WH-B,2022,1,52,1,295.0,0.0,0,295
2022-01-09,SKU018,Clothing,362,136.9,49557.8,338,0,WH-A,2022,1,1,1,328.5,0.102,0,0
2022-01-16,SKU018,Clothing,332,154.13,51171.16,496,0,WH-B,2022,1,2,1,329.7,0.007,0,0
2022-01-23,SKU018,Clothing,366,391.56,143310.96,314,0,WH-B,2022,1,3,1,338.8,0.08,0,0
2022-01-30,SKU018,Clothing,381,91.44,34838.64,204,0,WH-C,2022,1,4,1,360.2,0.058,0,0
2022-02-06,SKU018,Clothing,448,395.17,177036.16,518,1,WH-C,2022,2,5,1,381.8,0.173,0,448
2022-02-13,SKU018,Clothing,465,481.13,223725.45,683,0,WH-C,2022,2,6,1,415.0,0.12,0,0
2022-02-20,SKU018,Clothing,479,227.97,109197.63,115,1,WH-B,2022,2,7,1,443.2,0.081,0,479
2022-02-27,SKU018,Clothing,452,292.57,132241.64,127,0,WH-A,2022,2,8,1,461.0,-0.02,0,0
2022-03-06,SKU018,Clothing,471,160.32,75510.72,345,0,WH-A,2022,3,9,1,466.8,0.009,0,0
2022-03-13,SKU018,Clothing,418,227.97,95291.46,176,0,WH-A,2022,3,10,1,455.0,-0.081,0,0
2022-03-20,SKU018,Clothing,446,423.29,188787.34,963,0,WH-B,2022,3,11,1,446.8,-0.002,0,0
2022-03-27,SKU018,Clothing,409,317.18,129726.62,186,0,WH-B,2022,3,12,1,436.0,-0.062,0,0
2022-04-03,SKU018,Clothing,419,169.34,70953.46,903,1,WH-A,2022,4,13,2,423.0,-0.009,0,419
2022-04-10,SKU018,Clothing,380,424.51,161313.8,850,0,WH-C,2022,4,14,2,413.5,-0.081,0,0
2022-04-17,SKU018,Clothing,393,499.56,196327.08,615,0,WH-B,2022,4,15,2,400.2,-0.018,0,0
2022-04-24,SKU018,Clothing,359,412.22,147986.98,516,1,WH-B,2022,4,16,2,387.8,-0.074,0,359
2022-05-01,SKU018,Clothing,377,324.99,122521.23,80,0,WH-B,2022,5,17,2,377.2,-0.001,0,0
2022-05-08,SKU018,Clothing,347,466.71,161948.37,971,0,WH-B,2022,5,18,2,369.0,-0.06,0,0
2022-05-15,SKU018,Clothing,354,398.91,141214.14,68,1,WH-A,2022,5,19,2,359.2,-0.014,0,354
2022-05-22,SKU018,Clothing,300,59.65,17895.0,861,0,WH-C,2022,5,20,2,344.5,-0.129,0,0
2022-05-29,SKU018,Clothing,317,494.81,156854.77,275,0,WH-C,2022,5,21,2,329.5,-0.038,0,0
2022-06-05,SKU018,Clothing,313,149.08,46662.04,559,0,WH-A,2022,6,22,2,321.0,-0.025,0,0
2022-06-12,SKU018,Clothing,309,375.11,115908.99,533,0,WH-B,2022,6,23,2,309.8,-0.003,0,0
2022-06-19,SKU018,Clothing,333,128.76,42877.08,40,0,WH-B,2022,6,24,2,318.0,0.047,1,0
2022-06-26,SKU018,Clothing,317,439.5,139321.5,526,1,WH-B,2022,6,25,2,318.0,-0.003,0,317
2022-07-03,SKU018,Clothing,331,195.73,64786.63,196,0,WH-C,2022,7,26,3,322.5,0.026,0,0
2022-07-10,SKU018,Clothing,323,302.59,97736.57,595,0,WH-A,2022,7,27,3,326.0,-0.009,0,0
2022-07-17,SKU018,Clothing,334,290.98,97187.32,459,0,WH-A,2022,7,28,3,326.2,0.024,0,0
2022-07-24,SKU018,Clothing,336,287.71,96670.56,801,0,WH-C,2022,7,29,3,331.0,0.015,0,0
2022-07-31,SKU018,Clothing,356,383.76,136618.56,315,0,WH-A,2022,7,30,3,337.2,0.056,0,0
2022-08-07,SKU018,Clothing,308,128.07,39445.56,498,1,WH-C,2022,8,31,3,333.5,-0.076,0,308
2022-08-14,SKU018,Clothing,272,370.37,100740.64,520,0,WH-A,2022,8,32,3,318.0,-0.145,0,0
2022-08-21,SKU018,Clothing,302,476.49,143899.98,10,0,WH-C,2022,8,33,3,309.5,-0.024,1,0
2022-08-28,SKU018,Clothing,316,152.9,48316.4,158,0,WH-C,2022,8,34,3,299.5,0.055,0,0
2022-09-04,SKU018,Clothing,306,92.9,28427.4,970,0,WH-C,2022,9,35,3,299.0,0.023,0,0
2022-09-11,SKU018,Clothing,246,35.48,8728.08,151,1,WH-A,2022,9,36,3,292.5,-0.159,0,246
2022-09-18,SKU018,Clothing,278,45.55,12662.9,155,0,WH-A,2022,9,37,3,286.5,-0.03,0,0
2022-09-25,SKU018,Clothing,247,121.33,29968.51,995,0,WH-B,2022,9,38,3,269.2,-0.082,0,0
2022-10-02,SKU018,Clothing,221,140.01,30942.21,287,1,WH-C,2022,10,39,4,248.0,-0.109,0,221
2022-10-09,SKU018,Clothing,218,88.26,19240.68,519,0,WH-C,2022,10,40,4,241.0,-0.095,0,0
2022-10-16,SKU018,Clothing,164,385.37,63200.68,398,0,WH-A,2022,10,41,4,212.5,-0.228,0,0
2022-10-23,SKU018,Clothing,161,323.76,52125.36,733,0,WH-B,2022,10,42,4,191.0,-0.157,0,0
2022-10-30,SKU018,Clothing,194,331.22,64256.68,598,0,WH-C,2022,10,43,4,184.2,0.053,0,0
2022-11-06,SKU018,Clothing,142,23.02,3268.84,66,0,WH-C,2022,11,44,4,165.2,-0.14,0,0
2022-11-13,SKU018,Clothing,182,138.88,25276.16,389,1,WH-C,2022,11,45,4,169.8,0.072,0,182
2022-11-20,SKU018,Clothing,220,446.05,98131.0,461,0,WH-A,2022,11,46,4,184.5,0.192,0,0
2022-11-27,SKU018,Clothing,194,216.85,42068.9,406,0,WH-A,2022,11,47,4,184.5,0.051,0,0
2022-12-04,SKU018,Clothing,222,181.66,40328.52,346,1,WH-B,2022,12,48,4,204.5,0.086,0,222
2022-12-11,SKU018,Clothing,250,61.97,15492.5,603,0,WH-A,2022,12,49,4,221.5,0.129,0,0
2022-12-18,SKU018,Clothing,259,499.29,129316.11,746,0,WH-C,2022,12,50,4,231.2,0.12,0,0
2022-12-25,SKU018,Clothing,293,227.97,66795.21,60,1,WH-A,2022,12,51,4,256.0,0.145,0,293
2023-01-01,SKU018,Clothing,339,292.8,99259.2,800,0,WH-C,2023,1,52,1,285.2,0.189,0,0
2023-01-08,SKU018,Clothing,399,209.53,83602.47,343,0,WH-A,2023,1,1,1,322.5,0.237,0,0
2023-01-15,SKU018,Clothing,356,215.1,76575.6,200,1,WH-C,2023,1,2,1,346.8,0.027,0,356
2023-01-22,SKU018,Clothing,395,159.26,62907.7,738,0,WH-B,2023,1,3,1,372.2,0.061,0,0
2023-01-29,SKU018,Clothing,412,413.42,170329.04,414,0,WH-B,2023,1,4,1,390.5,0.055,0,0
2023-02-05,SKU018,Clothing,428,218.13,93359.64,780,0,WH-C,2023,2,5,1,397.8,0.076,0,0
2023-02-12,SKU018,Clothing,463,226.02,104647.26,189,0,WH-B,2023,2,6,1,424.5,0.091,0,0
2023-02-19,SKU018,Clothing,474,435.98,206654.52,57,0,WH-B,2023,2,7,1,444.2,0.067,0,0
2023-02-26,SKU018,Clothing,487,378.79,184470.73,116,0,WH-C,2023,2,8,1,463.0,0.052,0,0
2023-03-05,SKU018,Clothing,469,84.98,39855.62,298,0,WH-B,2023,3,9,1,473.2,-0.009,0,0
2023-03-12,SKU018,Clothing,450,184.81,83164.5,476,0,WH-A,2023,3,10,1,470.0,-0.043,0,0
2023-03-19,SKU018,Clothing,476,373.18,177633.68,297,0,WH-A,2023,3,11,1,470.5,0.012,0,0
2023-03-26,SKU018,Clothing,461,292.57,134874.77,353,0,WH-C,2023,3,12,1,464.0,-0.006,0,0
2023-04-02,SKU018,Clothing,427,189.37,80860.99,111,0,WH-C,2023,4,13,2,453.5,-0.058,0,0
2023-04-09,SKU018,Clothing,410,101.18,41483.8,643,0,WH-B,2023,4,14,2,443.5,-0.076,0,0
2023-04-16,SKU018,Clothing,425,379.6,161330.0,457,0,WH-A,2023,4,15,2,430.8,-0.013,0,0
2023-04-23,SKU018,Clothing,353,71.72,25317.16,58,0,WH-C,2023,4,16,2,403.8,-0.126,0,0
2023-04-30,SKU018,Clothing,371,318.92,118319.32,784,0,WH-A,2023,4,17,2,389.8,-0.048,0,0
2023-05-07,SKU018,Clothing,328,430.28,141131.84,101,0,WH-B,2023,5,18,2,369.2,-0.112,0,0
2023-05-14,SKU018,Clothing,324,66.47,21536.28,293,0,WH-A,2023,5,19,2,344.0,-0.058,0,0
2023-05-21,SKU018,Clothing,334,364.25,121659.5,654,0,WH-A,2023,5,20,2,339.2,-0.015,0,0
2023-05-28,SKU018,Clothing,341,46.6,15890.6,706,0,WH-A,2023,5,21,2,331.8,0.028,0,0
2023-06-04,SKU018,Clothing,316,228.03,72057.48,672,0,WH-A,2023,6,22,2,328.8,-0.039,0,0
2023-06-11,SKU018,Clothing,322,466.57,150235.54,345,0,WH-C,2023,6,23,2,328.2,-0.019,0,0
2023-06-18,SKU018,Clothing,361,151.69,54760.09,88,0,WH-A,2023,6,24,2,335.0,0.078,0,0
2023-06-25,SKU018,Clothing,343,109.69,37623.67,378,0,WH-B,2023,6,25,2,335.5,0.022,0,0
2023-07-02,SKU018,Clothing,346,259.76,89876.96,596,0,WH-B,2023,7,26,3,343.0,0.009,0,0
2023-07-09,SKU018,Clothing,334,37.41,12494.94,204,0,WH-A,2023,7,27,3,346.0,-0.035,0,0
2023-07-16,SKU018,Clothing,304,173.74,52816.96,51,0,WH-C,2023,7,28,3,331.8,-0.084,0,0
2023-07-23,SKU018,Clothing,368,140.18,51586.24,303,0,WH-B,2023,7,29,3,338.0,0.089,0,0
2023-07-30,SKU018,Clothing,325,110.14,35795.5,687,0,WH-C,2023,7,30,3,332.8,-0.023,0,0
2023-08-06,SKU018,Clothing,321,132.23,42445.83,576,0,WH-A,2023,8,31,3,329.5,-0.026,0,0
2023-08-13,SKU018,Clothing,336,464.56,156092.16,402,0,WH-A,2023,8,32,3,337.5,-0.004,0,0
2023-08-20,SKU018,Clothing,317,126.94,40239.98,676,0,WH-B,2023,8,33,3,324.8,-0.024,0,0
2023-08-27,SKU018,Clothing,311,359.1,111680.1,784,0,WH-B,2023,8,34,3,321.2,-0.032,0,0
2023-09-03,SKU018,Clothing,307,24.0,7368.0,313,0,WH-B,2023,9,35,3,317.8,-0.034,0,0
2023-09-10,SKU018,Clothing,283,408.28,115543.24,322,0,WH-B,2023,9,36,3,304.5,-0.071,0,0
2023-09-17,SKU018,Clothing,239,66.16,15812.24,973,0,WH-A,2023,9,37,3,285.0,-0.161,0,0
2023-09-24,SKU018,Clothing,289,409.95,118475.55,812,0,WH-A,2023,9,38,3,279.5,0.034,0,0
2023-10-01,SKU018,Clothing,216,475.26,102656.16,377,0,WH-B,2023,10,39,4,256.8,-0.159,0,0
2023-10-08,SKU018,Clothing,190,405.22,76991.8,924,0,WH-C,2023,10,40,4,233.5,-0.186,0,0
2023-10-15,SKU018,Clothing,196,265.05,51949.8,805,0,WH-B,2023,10,41,4,222.8,-0.12,0,0
2023-10-22,SKU018,Clothing,200,441.25,88250.0,514,0,WH-C,2023,10,42,4,200.5,-0.002,0,0
2023-10-29,SKU018,Clothing,225,301.03,67731.75,529,0,WH-A,2023,10,43,4,202.8,0.109,0,0
2023-11-05,SKU018,Clothing,184,479.54,88235.36,188,0,WH-C,2023,11,44,4,201.2,-0.085,0,0
2023-11-12,SKU018,Clothing,187,114.8,21467.6,113,0,WH-B,2023,11,45,4,199.0,-0.06,0,0
2023-11-19,SKU018,Clothing,190,256.23,48683.7,278,0,WH-A,2023,11,46,4,196.5,-0.033,0,0
2023-11-26,SKU018,Clothing,214,338.09,72351.26,68,0,WH-B,2023,11,47,4,193.8,0.104,0,0
2023-12-03,SKU018,Clothing,234,399.03,93373.02,880,0,WH-C,2023,12,48,4,206.2,0.135,0,0
2023-12-10,SKU018,Clothing,268,134.43,36027.24,879,0,WH-A,2023,12,49,4,226.5,0.183,0,0
2023-12-17,SKU018,Clothing,280,459.73,128724.4,348,0,WH-B,2023,12,50,4,249.0,0.124,0,0
2023-12-24,SKU018,Clothing,284,147.74,41958.16,390,0,WH-A,2023,12,51,4,266.5,0.066,0,0
2023-12-31,SKU018,Clothing,333,277.11,92277.63,605,0,WH-C,2023,12,52,4,291.2,0.144,0,0
2024-01-07,SKU018,Clothing,385,13.77,5301.45,383,0,WH-B,2024,1,1,1,320.5,0.201,0,0
2024-01-14,SKU018,Clothing,385,149.47,57545.95,204,0,WH-C,2024,1,2,1,346.8,0.11,0,0
2024-01-21,SKU018,Clothing,417,109.36,45603.12,804,0,WH-A,2024,1,3,1,380.0,0.097,0,0
2024-01-28,SKU018,Clothing,462,475.97,219898.14,42,0,WH-B,2024,1,4,1,412.2,0.121,1,0
2024-02-04,SKU018,Clothing,475,69.13,32836.75,668,0,WH-B,2024,2,5,1,434.8,0.092,0,0
2024-02-11,SKU018,Clothing,479,15.99,7659.21,740,0,WH-A,2024,2,6,1,458.2,0.045,0,0
2024-02-18,SKU018,Clothing,498,376.22,187357.56,537,0,WH-C,2024,2,7,1,478.5,0.041,0,0
2024-02-25,SKU018,Clothing,498,303.34,151063.32,240,0,WH-A,2024,2,8,1,487.5,0.022,0,0
2024-03-03,SKU018,Clothing,507,25.51,12933.57,192,0,WH-C,2024,3,9,1,495.5,0.023,0,0
2024-03-10,SKU018,Clothing,501,21.68,10861.68,606,0,WH-B,2024,3,10,1,501.0,0.0,0,0
2024-03-17,SKU018,Clothing,489,359.48,175785.72,472,0,WH-A,2024,3,11,1,498.8,-0.02,0,0
2024-03-24,SKU018,Clothing,469,177.45,83224.05,899,0,WH-C,2024,3,12,1,491.5,-0.046,0,0
2024-03-31,SKU018,Clothing,483,255.07,123198.81,250,0,WH-B,2024,3,13,1,485.5,-0.005,0,0
2024-04-07,SKU018,Clothing,454,376.48,170921.92,225,1,WH-A,2024,4,14,2,473.8,-0.042,0,454
2024-04-14,SKU018,Clothing,414,85.9,35562.6,813,0,WH-B,2024,4,15,2,455.0,-0.09,0,0
2024-04-21,SKU018,Clothing,386,15.1,5828.6,410,0,WH-B,2024,4,16,2,434.2,-0.111,0,0
2024-04-28,SKU018,Clothing,372,309.54,115148.88,729,0,WH-C,2024,4,17,2,406.5,-0.085,0,0
2024-05-05,SKU018,Clothing,354,179.93,63695.22,968,0,WH-B,2024,5,18,2,381.5,-0.072,0,0
2024-05-12,SKU018,Clothing,330,266.34,87892.2,336,0,WH-C,2024,5,19,2,360.5,-0.085,0,0
2024-05-19,SKU018,Clothing,335,88.2,29547.0,271,0,WH-B,2024,5,20,2,347.8,-0.037,0,0
2024-05-26,SKU018,Clothing,342,220.29,75339.18,908,0,WH-A,2024,5,21,2,340.2,0.005,0,0
2024-06-02,SKU018,Clothing,345,59.12,20396.4,921,0,WH-B,2024,6,22,2,338.0,0.021,0,0
2024-06-09,SKU018,Clothing,302,457.49,138161.98,634,0,WH-A,2024,6,23,2,331.0,-0.088,0,0
2024-06-16,SKU018,Clothing,356,31.68,11278.08,990,0,WH-B,2024,6,24,2,336.2,0.059,0,0
2024-06-23,SKU018,Clothing,377,69.85,26333.45,561,0,WH-B,2024,6,25,2,345.0,0.093,0,0
2024-06-30,SKU018,Clothing,372,33.16,12335.52,256,0,WH-A,2024,6,26,2,351.8,0.057,0,0
2024-07-07,SKU018,Clothing,345,253.75,87543.75,703,0,WH-C,2024,7,27,3,362.5,-0.048,0,0
2024-07-14,SKU018,Clothing,334,410.86,137227.24,44,1,WH-A,2024,7,28,3,357.0,-0.064,1,334
2024-07-21,SKU018,Clothing,353,351.12,123945.36,777,0,WH-B,2024,7,29,3,351.0,0.006,0,0
2024-07-28,SKU018,Clothing,393,140.61,55259.73,929,0,WH-A,2024,7,30,3,356.2,0.103,0,0
2024-08-04,SKU018,Clothing,365,452.18,165045.7,35,0,WH-B,2024,8,31,3,361.2,0.011,1,0
2024-08-11,SKU018,Clothing,344,227.97,78421.68,694,0,WH-A,2024,8,32,3,363.8,-0.054,0,0
2024-08-18,SKU018,Clothing,356,105.56,37579.36,202,0,WH-C,2024,8,33,3,364.5,-0.023,0,0
2024-08-25,SKU018,Clothing,356,457.76,162962.56,620,0,WH-C,2024,8,34,3,355.2,0.002,0,0
2024-09-01,SKU018,Clothing,318,261.75,83236.5,940,0,WH-C,2024,9,35,3,343.5,-0.074,0,0
2024-09-08,SKU018,Clothing,313,17.9,5602.7,406,0,WH-C,2024,9,36,3,335.8,-0.068,0,0
2024-09-15,SKU018,Clothing,286,21.2,6063.2,310,0,WH-C,2024,9,37,3,318.2,-0.101,0,0
2024-09-22,SKU018,Clothing,247,69.83,17248.01,523,0,WH-C,2024,9,38,3,291.0,-0.151,0,0
2024-09-29,SKU018,Clothing,285,317.16,90390.6,265,0,WH-B,2024,9,39,3,282.8,0.008,0,0
2024-10-06,SKU018,Clothing,245,358.41,87810.45,350,0,WH-B,2024,10,40,4,265.8,-0.078,0,0
2024-10-13,SKU018,Clothing,242,367.04,88823.68,609,0,WH-A,2024,10,41,4,254.8,-0.05,0,0
2024-10-20,SKU018,Clothing,233,71.87,16745.71,529,0,WH-B,2024,10,42,4,251.2,-0.072,0,0
2024-10-27,SKU018,Clothing,270,392.54,105985.8,248,0,WH-C,2024,10,43,4,247.5,0.091,0,0
2024-11-03,SKU018,Clothing,239,174.57,41722.23,102,0,WH-C,2024,11,44,4,246.0,-0.028,0,0
2024-11-10,SKU018,Clothing,196,64.83,12706.68,402,0,WH-A,2024,11,45,4,234.5,-0.164,0,0
2024-11-17,SKU018,Clothing,225,108.93,24509.25,525,0,WH-A,2024,11,46,4,232.5,-0.032,0,0
2024-11-24,SKU018,Clothing,219,92.11,20172.09,7,0,WH-A,2024,11,47,4,219.8,-0.004,1,0
2024-12-01,SKU018,Clothing,253,264.09,66814.77,578,0,WH-A,2024,12,48,4,223.2,0.134,0,0
2024-12-08,SKU018,Clothing,268,99.56,26682.08,536,0,WH-B,2024,12,49,4,241.2,0.111,0,0
2024-12-15,SKU018,Clothing,303,481.06,145761.18,579,1,WH-A,2024,12,50,4,260.8,0.162,0,303
2024-12-22,SKU018,Clothing,345,56.39,19454.55,997,0,WH-C,2024,12,51,4,292.2,0.181,0,0
2024-12-29,SKU018,Clothing,356,227.97,81157.32,543,0,WH-B,2024,12,52,4,318.0,0.119,0,0
2022-01-02,SKU019,Clothing,290,83.85,24316.5,181,0,WH-B,2022,1,52,1,290.0,0.0,0,0
2022-01-09,SKU019,Clothing,343,130.05,44607.15,212,0,WH-C,2022,1,1,1,316.5,0.084,0,0
2022-01-16,SKU019,Clothing,388,235.43,91346.84,540,0,WH-A,2022,1,2,1,340.3,0.14,0,0
2022-01-23,SKU019,Clothing,422,31.46,13276.12,326,0,WH-C,2022,1,3,1,360.8,0.17,0,0
2022-01-30,SKU019,Clothing,413,302.96,125122.48,522,0,WH-B,2022,1,4,1,391.5,0.055,0,0
2022-02-06,SKU019,Clothing,400,261.02,104408.0,495,0,WH-B,2022,2,5,1,405.8,-0.014,0,0
2022-02-13,SKU019,Clothing,408,459.1,187312.8,180,0,WH-B,2022,2,6,1,410.8,-0.007,0,0
2022-02-20,SKU019,Clothing,458,225.01,103054.58,597,1,WH-C,2022,2,7,1,419.8,0.091,0,458
2022-02-27,SKU019,Clothing,436,50.18,21878.48,736,0,WH-C,2022,2,8,1,425.5,0.025,0,0
2022-03-06,SKU019,Clothing,463,227.5,105332.5,999,0,WH-A,2022,3,9,1,441.2,0.049,0,0
2022-03-13,SKU019,Clothing,446,200.78,89547.88,235,0,WH-A,2022,3,10,1,450.8,-0.011,0,0
2022-03-20,SKU019,Clothing,419,359.95,150819.05,268,0,WH-A,2022,3,11,1,441.0,-0.05,0,0
2022-03-27,SKU019,Clothing,448,96.91,43415.68,945,0,WH-C,2022,3,12,1,444.0,0.009,0,0
2022-04-03,SKU019,Clothing,403,151.32,60981.96,478,0,WH-B,2022,4,13,2,429.0,-0.061,0,0
2022-04-10,SKU019,Clothing,378,186.79,70606.62,627,1,WH-C,2022,4,14,2,412.0,-0.083,0,378
2022-04-17,SKU019,Clothing,377,61.06,23019.62,868,0,WH-B,2022,4,15,2,401.5,-0.061,0,0
2022-04-24,SKU019,Clothing,333,404.91,134835.03,282,0,WH-A,2022,4,16,2,372.8,-0.107,0,0
2022-05-01,SKU019,Clothing,374,478.11,178813.14,747,0,WH-C,2022,5,17,2,365.5,0.023,0,0
2022-05-08,SKU019,Clothing,331,314.84,104212.04,399,0,WH-A,2022,5,18,2,353.8,-0.064,0,0
2022-05-15,SKU019,Clothing,301,246.21,74109.21,310,0,WH-B,2022,5,19,2,334.8,-0.101,0,0
2022-05-22,SKU019,Clothing,317,462.64,146656.88,487,0,WH-C,2022,5,20,2,330.8,-0.042,0,0
2022-05-29,SKU019,Clothing,306,14.45,4421.7,637,0,WH-B,2022,5,21,2,313.8,-0.025,0,0
2022-06-05,SKU019,Clothing,266,230.315,61263.79,331,0,WH-C,2022,6,22,2,297.5,-0.106,0,0
2022-06-12,SKU019,Clothing,303,15.24,4617.72,466,0,WH-B,2022,6,23,2,298.0,0.017,0,0
2022-06-19,SKU019,Clothing,309,201.39,62229.51,82,0,WH-B,2022,6,24,2,296.0,0.044,0,0
2022-06-26,SKU019,Clothing,339,35.22,11939.58,618,0,WH-B,2022,6,25,2,304.2,0.114,0,0
2022-07-03,SKU019,Clothing,354,375.42,132898.68,612,0,WH-B,2022,7,26,3,326.2,0.085,0,0
2022-07-10,SKU019,Clothing,331,455.3,150704.3,328,0,WH-A,2022,7,27,3,333.2,-0.007,0,0
2022-07-17,SKU019,Clothing,349,140.31,48968.19,117,0,WH-B,2022,7,28,3,343.2,0.017,0,0
2022-07-24,SKU019,Clothing,363,451.6,163930.8,961,0,WH-B,2022,7,29,3,349.2,0.04,0,0
2022-07-31,SKU019,Clothing,300,227.6,68280.0,721,0,WH-B,2022,7,30,3,335.8,-0.107,0,0
2022-08-07,SKU019,Clothing,341,172.25,58737.25,889,0,WH-B,2022,8,31,3,338.2,0.008,0,0
2022-08-14,SKU019,Clothing,311,177.1,55078.1,377,0,WH-B,2022,8,32,3,328.8,-0.054,0,0
2022-08-21,SKU019,Clothing,335,384.8,128908.0,566,0,WH-A,2022,8,33,3,321.8,0.041,0,0
2022-08-28,SKU019,Clothing,319,469.89,149894.91,555,0,WH-C,2022,8,34,3,326.5,-0.023,0,0
2022-09-04,SKU019,Clothing,306,230.315,70476.39,619,0,WH-C,2022,9,35,3,317.8,-0.037,0,0
2022-09-11,SKU019,Clothing,267,17.87,4771.29,628,0,WH-C,2022,9,36,3,306.8,-0.13,0,0
2022-09-18,SKU019,Clothing,239,257.55,61554.45,728,0,WH-B,2022,9,37,3,282.8,-0.155,0,0
2022-09-25,SKU019,Clothing,240,453.71,108890.4,239,0,WH-A,2022,9,38,3,263.0,-0.087,0,0
2022-10-02,SKU019,Clothing,193,115.22,22237.46,600,0,WH-A,2022,10,39,4,234.8,-0.178,0,0
2022-10-09,SKU019,Clothing,239,172.57,41244.23,362,0,WH-B,2022,10,40,4,227.8,0.049,0,0
2022-10-16,SKU019,Clothing,205,108.8,22304.0,402,1,WH-A,2022,10,41,4,219.2,-0.065,0,205
2022-10-23,SKU019,Clothing,186,63.45,11801.7,910,0,WH-B,2022,10,42,4,205.8,-0.096,0,0
2022-10-30,SKU019,Clothing,225,15.81,3557.25,887,0,WH-C,2022,10,43,4,213.8,0.052,0,0
2022-11-06,SKU019,Clothing,164,266.53,43710.92,723,0,WH-C,2022,11,44,4,195.0,-0.159,0,0
2022-11-13,SKU019,Clothing,188,494.87,93035.56,252,0,WH-C,2022,11,45,4,190.8,-0.015,0,0
2022-11-20,SKU019,Clothing,187,360.1,67338.7,40,0,WH-A,2022,11,46,4,191.0,-0.021,1,0
2022-11-27,SKU019,Clothing,227,285.27,64756.29,465,0,WH-A,2022,11,47,4,191.5,0.185,0,0
2022-12-04,SKU019,Clothing,205,325.92,66813.6,123,1,WH-A,2022,12,48,4,201.8,0.016,0,205
2022-12-11,SKU019,Clothing,281,272.97,76704.57,166,0,WH-B,2022,12,49,4,225.0,0.249,0,0
2022-12-18,SKU019,Clothing,280,423.68,118630.4,315,0,WH-C,2022,12,50,4,248.2,0.128,0,0
2022-12-25,SKU019,Clothing,306,99.29,30382.74,384,0,WH-A,2022,12,51,4,268.0,0.142,0,0
2023-01-01,SKU019,Clothing,345,354.78,122399.1,816,0,WH-B,2023,1,52,1,303.0,0.139,0,0
2023-01-08,SKU019,Clothing,357,349.64,124821.48,43,1,WH-A,2023,1,1,1,322.0,0.109,1,357
2023-01-15,SKU019,Clothing,394,140.32,55286.08,286,0,WH-B,2023,1,2,1,350.5,0.124,0,0
2023-01-22,SKU019,Clothing,438,468.26,205097.88,370,0,WH-B,2023,1,3,1,383.5,0.142,0,0
2023-01-29,SKU019,Clothing,437,153.36,67018.32,533,0,WH-B,2023,1,4,1,406.5,0.075,0,0
2023-02-05,SKU019,Clothing,477,483.82,230782.14,189,0,WH-A,2023,2,5,1,436.5,0.093,0,0
2023-02-12,SKU019,Clothing,466,298.33,139021.78,782,1,WH-B,2023,2,6,1,454.5,0.025,0,466
2023-02-19,SKU019,Clothing,455,375.49,170847.95,696,0,WH-C,2023,2,7,1,458.8,-0.008,0,0
2023-02-26,SKU019,Clothing,494,287.38,141965.72,467,0,WH-C,2023,2,8,1,473.0,0.044,0,0
2023-03-05,SKU019,Clothing,338,390.43,131965.34,847,0,WH-A,2023,3,9,1,438.2,-0.229,0,0
2023-03-12,SKU019,Clothing,480,216.92,104121.6,781,1,WH-B,2023,3,10,1,441.8,0.086,0,480
2023-03-19,SKU019,Clothing,461,427.47,197063.67,431,0,WH-C,2023,3,11,1,443.2,0.04,0,0
2023-03-26,SKU019,Clothing,486,115.46,56113.56,500,0,WH-A,2023,3,12,1,441.2,0.102,0,0
2023-04-02,SKU019,Clothing,422,83.34,35169.48,123,0,WH-B,2023,4,13,2,462.2,-0.087,0,0
2023-04-09,SKU019,Clothing,421,457.86,192759.06,306,0,WH-B,2023,4,14,2,447.5,-0.059,0,0
2023-04-16,SKU019,Clothing,388,458.35,177839.8,743,0,WH-A,2023,4,15,2,429.2,-0.096,0,0
2023-04-23,SKU019,Clothing,390,167.75,65422.5,722,0,WH-B,2023,4,16,2,405.2,-0.038,0,0
2023-04-30,SKU019,Clothing,403,331.27,133501.81,800,0,WH-C,2023,4,17,2,400.5,0.006,0,0
2023-05-07,SKU019,Clothing,374,393.34,147109.16,241,0,WH-B,2023,5,18,2,388.8,-0.038,0,0
2023-05-14,SKU019,Clothing,322,241.15,77650.3,474,0,WH-B,2023,5,19,2,372.2,-0.135,0,0
2023-05-21,SKU019,Clothing,381,39.93,15213.33,96,0,WH-B,2023,5,20,2,370.0,0.03,0,0
2023-05-28,SKU019,Clothing,331,246.37,81548.47,822,0,WH-C,2023,5,21,2,352.0,-0.06,0,0
2023-06-04,SKU019,Clothing,318,175.62,55847.16,644,1,WH-B,2023,6,22,2,338.0,-0.059,0,318
2023-06-11,SKU019,Clothing,333,17.74,5907.42,272,0,WH-A,2023,6,23,2,340.8,-0.023,0,0
2023-06-18,SKU019,Clothing,338,276.13,93331.94,604,0,WH-C,2023,6,24,2,330.0,0.024,0,0
2023-06-25,SKU019,Clothing,329,77.78,25589.62,101,0,WH-B,2023,6,25,2,329.5,-0.002,0,0
2023-07-02,SKU019,Clothing,344,190.26,65449.44,535,0,WH-C,2023,7,26,3,336.0,0.024,0,0
2023-07-09,SKU019,Clothing,343,285.19,97820.17,171,0,WH-C,2023,7,27,3,338.5,0.013,0,0
2023-07-16,SKU019,Clothing,338,463.84,156777.92,304,1,WH-C,2023,7,28,3,338.5,-0.001,0,338
2023-07-23,SKU019,Clothing,371,284.54,105564.34,744,0,WH-C,2023,7,29,3,349.0,0.063,0,0
2023-07-30,SKU019,Clothing,314,192.89,60567.46,415,0,WH-B,2023,7,30,3,341.5,-0.081,0,0
2023-08-06,SKU019,Clothing,355,335.92,119251.6,150,0,WH-A,2023,8,31,3,344.5,0.03,0,0
2023-08-13,SKU019,Clothing,333,182.2,60672.6,994,0,WH-B,2023,8,32,3,343.2,-0.03,0,0
2023-08-20,SKU019,Clothing,333,333.62,111095.46,988,0,WH-A,2023,8,33,3,333.8,-0.002,0,0
2023-08-27,SKU019,Clothing,318,233.03,74103.54,582,0,WH-A,2023,8,34,3,334.8,-0.05,0,0
2023-09-03,SKU019,Clothing,338,365.92,123680.96,105,0,WH-C,2023,9,35,3,330.5,0.023,0,0
2023-09-10,SKU019,Clothing,284,385.71,109541.64,657,0,WH-A,2023,9,36,3,318.2,-0.107,0,0
2023-09-17,SKU019,Clothing,236,235.75,55637.0,420,0,WH-C,2023,9,37,3,294.0,-0.197,0,0
2023-09-24,SKU019,Clothing,240,426.53,102367.2,678,0,WH-B,2023,9,38,3,274.5,-0.126,0,0
2023-10-01,SKU019,Clothing,238,233.24,55511.12,643,0,WH-B,2023,10,39,4,249.5,-0.046,0,0
2023-10-08,SKU019,Clothing,208,230.315,47905.52,506,0,WH-C,2023,10,40,4,230.5,-0.098,0,0
2023-10-15,SKU019,Clothing,338,387.62,131015.56,986,0,WH-C,2023,10,41,4,256.0,0.32,0,0
2023-10-22,SKU019,Clothing,215,493.75,106156.25,484,0,WH-C,2023,10,42,4,249.8,-0.139,0,0
2023-10-29,SKU019,Clothing,200,46.08,9216.0,840,0,WH-A,2023,10,43,4,240.2,-0.167,0,0
2023-11-05,SKU019,Clothing,231,361.2,83437.2,961,1,WH-A,2023,11,44,4,246.0,-0.061,0,231
2023-11-12,SKU019,Clothing,212,17.21,3648.52,77,0,WH-C,2023,11,45,4,214.5,-0.012,0,0
2023-11-19,SKU019,Clothing,245,480.71,117773.95,397,0,WH-A,2023,11,46,4,222.0,0.104,0,0
2023-11-26,SKU019,Clothing,209,469.0,98021.0,937,1,WH-A,2023,11,47,4,224.2,-0.068,0,209
2023-12-03,SKU019,Clothing,264,186.98,49362.72,101,0,WH-C,2023,12,48,4,232.5,0.135,0,0
2023-12-10,SKU019,Clothing,282,87.71,24734.22,105,1,WH-A,2023,12,49,4,250.0,0.128,0,282
2023-12-17,SKU019,Clothing,272,420.9,114484.8,662,0,WH-C,2023,12,50,4,256.8,0.059,0,0
2023-12-24,SKU019,Clothing,298,219.2,65321.6,947,1,WH-C,2023,12,51,4,279.0,0.068,0,298
2023-12-31,SKU019,Clothing,304,465.51,141515.04,869,0,WH-A,2023,12,52,4,289.0,0.052,0,0
2024-01-07,SKU019,Clothing,398,45.52,18116.96,329,0,WH-C,2024,1,1,1,318.0,0.252,0,0
2024-01-14,SKU019,Clothing,407,428.57,174427.99,949,0,WH-C,2024,1,2,1,351.8,0.157,0,0
2024-01-21,SKU019,Clothing,398,142.71,56798.58,307,0,WH-A,2024,1,3,1,376.8,0.056,0,0
2024-01-28,SKU019,Clothing,445,182.04,81007.8,511,0,WH-B,2024,1,4,1,412.0,0.08,0,0
2024-02-04,SKU019,Clothing,464,353.75,164140.0,406,0,WH-A,2024,2,5,1,428.5,0.083,0,0
2024-02-11,SKU019,Clothing,471,224.52,105748.92,534,0,WH-C,2024,2,6,1,444.5,0.06,0,0
2024-02-18,SKU019,Clothing,482,469.01,226062.82,690,1,WH-B,2024,2,7,1,465.5,0.035,0,482
2024-02-25,SKU019,Clothing,509,415.72,211601.48,590,0,WH-A,2024,2,8,1,481.5,0.057,0,0
2024-03-03,SKU019,Clothing,506,11.95,6046.7,731,0,WH-B,2024,3,9,1,492.0,0.028,0,0
2024-03-10,SKU019,Clothing,489,48.17,23555.13,785,0,WH-C,2024,3,10,1,496.5,-0.015,0,0
2024-03-17,SKU019,Clothing,474,62.07,29421.18,865,0,WH-B,2024,3,11,1,494.5,-0.041,0,0
2024-03-24,SKU019,Clothing,458,132.41,60643.78,740,0,WH-C,2024,3,12,1,481.8,-0.049,0,0
2024-03-31,SKU019,Clothing,460,137.01,63024.6,828,0,WH-B,2024,3,13,1,470.2,-0.022,0,0
2024-04-07,SKU019,Clothing,470,363.32,170760.4,48,0,WH-A,2024,4,14,2,465.5,0.01,1,0
2024-04-14,SKU019,Clothing,427,487.38,208111.26,493,0,WH-A,2024,4,15,2,453.8,-0.059,0,0
2024-04-21,SKU019,Clothing,391,104.26,40765.66,817,1,WH-C,2024,4,16,2,437.0,-0.105,0,391
2024-04-28,SKU019,Clothing,373,482.2,179860.6,231,0,WH-C,2024,4,17,2,415.2,-0.102,0,0
2024-05-05,SKU019,Clothing,384,205.11,78762.24,32,0,WH-A,2024,5,18,2,393.8,-0.025,1,0
2024-05-12,SKU019,Clothing,340,277.12,94220.8,767,0,WH-A,2024,5,19,2,372.0,-0.086,0,0
2024-05-19,SKU019,Clothing,334,339.74,113473.16,683,0,WH-B,2024,5,20,2,357.8,-0.067,0,0
2024-05-26,SKU019,Clothing,331,211.54,70019.74,197,0,WH-B,2024,5,21,2,347.2,-0.047,0,0
2024-06-02,SKU019,Clothing,345,138.97,47944.65,743,0,WH-A,2024,6,22,2,337.5,0.022,0,0
2024-06-09,SKU019,Clothing,329,470.55,154810.95,665,0,WH-C,2024,6,23,2,334.8,-0.017,0,0
2024-06-16,SKU019,Clothing,336,211.07,70919.52,243,1,WH-B,2024,6,24,2,335.2,0.002,0,336
2024-06-23,SKU019,Clothing,331,414.51,137202.81,782,1,WH-B,2024,6,25,2,335.2,-0.013,0,331
2024-06-30,SKU019,Clothing,412,298.73,123076.76,146,0,WH-A,2024,6,26,2,352.0,0.17,0,0
2024-07-07,SKU019,Clothing,343,361.92,124138.56,681,0,WH-C,2024,7,27,3,355.5,-0.035,0,0
2024-07-14,SKU019,Clothing,389,21.67,8429.63,336,0,WH-C,2024,7,28,3,368.8,0.055,0,0
2024-07-21,SKU019,Clothing,368,50.41,18550.88,907,0,WH-B,2024,7,29,3,378.0,-0.026,0,0
2024-07-28,SKU019,Clothing,390,204.55,79774.5,270,0,WH-B,2024,7,30,3,372.5,0.047,0,0
2024-08-04,SKU019,Clothing,389,29.68,11545.52,982,0,WH-B,2024,8,31,3,384.0,0.013,0,0
2024-08-11,SKU019,Clothing,387,44.17,17093.79,250,0,WH-B,2024,8,32,3,383.5,0.009,0,0
2024-08-18,SKU019,Clothing,340,128.2,43588.0,436,0,WH-C,2024,8,33,3,376.5,-0.097,0,0
2024-08-25,SKU019,Clothing,362,479.01,173401.62,813,0,WH-A,2024,8,34,3,369.5,-0.02,0,0
2024-09-01,SKU019,Clothing,371,31.05,11519.55,613,0,WH-C,2024,9,35,3,365.0,0.016,0,0
2024-09-08,SKU019,Clothing,302,345.05,104205.1,298,0,WH-C,2024,9,36,3,343.8,-0.122,0,0
2024-09-15,SKU019,Clothing,307,70.3,21582.1,233,0,WH-A,2024,9,37,3,335.5,-0.085,0,0
2024-09-22,SKU019,Clothing,274,117.2,32112.8,684,1,WH-C,2024,9,38,3,313.5,-0.126,0,274
2024-09-29,SKU019,Clothing,239,71.78,17155.42,733,0,WH-C,2024,9,39,3,280.5,-0.148,0,0
2024-10-06,SKU019,Clothing,207,42.93,8886.51,325,0,WH-B,2024,10,40,4,256.8,-0.194,0,0
2024-10-13,SKU019,Clothing,209,72.59,15171.31,495,0,WH-A,2024,10,41,4,232.2,-0.1,0,0
2024-10-20,SKU019,Clothing,200,80.62,16124.0,249,0,WH-B,2024,10,42,4,213.8,-0.065,0,0
2024-10-27,SKU019,Clothing,198,177.94,35232.12,379,0,WH-B,2024,10,43,4,203.5,-0.027,0,0
2024-11-03,SKU019,Clothing,178,78.23,13924.94,16,0,WH-C,2024,11,44,4,196.2,-0.093,1,0
2024-11-10,SKU019,Clothing,210,356.26,74814.6,557,0,WH-A,2024,11,45,4,196.5,0.069,0,0
2024-11-17,SKU019,Clothing,245,327.22,80168.9,148,0,WH-C,2024,11,46,4,207.8,0.179,0,0
2024-11-24,SKU019,Clothing,249,169.4,42180.6,655,0,WH-A,2024,11,47,4,220.5,0.129,0,0
2024-12-01,SKU019,Clothing,252,207.71,52342.92,86,0,WH-A,2024,12,48,4,239.0,0.054,0,0
2024-12-08,SKU019,Clothing,306,138.06,42246.36,774,0,WH-C,2024,12,49,4,263.0,0.163,0,0
2024-12-15,SKU019,Clothing,295,407.04,120076.8,342,0,WH-B,2024,12,50,4,275.5,0.071,0,0
2024-12-22,SKU019,Clothing,347,144.97,50304.59,908,0,WH-B,2024,12,51,4,300.0,0.157,0,0
2024-12-29,SKU019,Clothing,386,475.56,183566.16,280,0,WH-A,2024,12,52,4,333.5,0.157,0,0
2022-01-02,SKU020,Clothing,214,135.81,29063.34,160,0,WH-B,2022,1,52,1,214.0,0.0,0,0
2022-01-09,SKU020,Clothing,201,407.62,81931.62,692,0,WH-B,2022,1,1,1,207.5,-0.031,0,0
2022-01-16,SKU020,Clothing,225,189.58,42655.5,208,0,WH-A,2022,1,2,1,213.3,0.055,0,0
2022-01-23,SKU020,Clothing,254,271.14,68869.56,687,0,WH-A,2022,1,3,1,223.5,0.136,0,0
2022-01-30,SKU020,Clothing,271,351.43,95237.53,950,1,WH-A,2022,1,4,1,237.8,0.14,0,271
2022-02-06,SKU020,Clothing,280,332.65,93142.0,882,1,WH-C,2022,2,5,1,257.5,0.087,0,280
2022-02-13,SKU020,Clothing,300,326.11,97833.0,972,0,WH-C,2022,2,6,1,276.2,0.086,0,0
2022-02-20,SKU020,Clothing,252,109.09,27490.68,770,1,WH-A,2022,2,7,1,275.8,-0.086,0,252
2022-02-27,SKU020,Clothing,284,42.49,12067.16,46,1,WH-B,2022,2,8,1,279.0,0.018,1,284
2022-03-06,SKU020,Clothing,252,349.24,88008.48,97,0,WH-C,2022,3,9,1,272.0,-0.074,0,0
2022-03-13,SKU020,Clothing,252,489.63,123386.76,503,0,WH-C,2022,3,10,1,260.0,-0.031,0,0
2022-03-20,SKU020,Clothing,264,13.7,3616.8,774,0,WH-C,2022,3,11,1,263.0,0.004,0,0
2022-03-27,SKU020,Clothing,256,197.3,50508.8,902,0,WH-B,2022,3,12,1,256.0,0.0,0,0
2022-04-03,SKU020,Clothing,229,440.75,100931.75,77,1,WH-C,2022,4,13,2,250.2,-0.085,0,229
2022-04-10,SKU020,Clothing,277,134.83,37347.91,291,0,WH-C,2022,4,14,2,256.5,0.08,0,0
2022-04-17,SKU020,Clothing,275,22.67,6234.25,82,0,WH-A,2022,4,15,2,259.2,0.061,0,0
2022-04-24,SKU020,Clothing,226,319.05,72105.3,702,1,WH-C,2022,4,16,2,251.8,-0.102,0,226
2022-05-01,SKU020,Clothing,227,57.26,12998.02,570,0,WH-B,2022,5,17,2,251.2,-0.096,0,0
2022-05-08,SKU020,Clothing,186,393.46,73183.56,582,0,WH-C,2022,5,18,2,228.5,-0.186,0,0
2022-05-15,SKU020,Clothing,213,266.86,56841.18,734,0,WH-C,2022,5,19,2,213.0,0.0,0,0
2022-05-22,SKU020,Clothing,186,179.29,33347.94,920,0,WH-A,2022,5,20,2,203.0,-0.084,0,0
2022-05-29,SKU020,Clothing,232,454.15,105362.8,505,0,WH-A,2022,5,21,2,204.2,0.136,0,0
2022-06-05,SKU020,Clothing,242,271.14,65615.88,114,0,WH-B,2022,6,22,2,218.2,0.109,0,0
2022-06-12,SKU020,Clothing,227,295.77,67139.79,602,1,WH-B,2022,6,23,2,221.8,0.023,0,227
2022-06-19,SKU020,Clothing,220,11.63,2558.6,212,0,WH-C,2022,6,24,2,230.2,-0.044,0,0
2022-06-26,SKU020,Clothing,184,239.14,44001.76,647,1,WH-B,2022,6,25,2,218.2,-0.157,0,184
2022-07-03,SKU020,Clothing,168,473.17,79492.56,100,0,WH-C,2022,7,26,3,199.8,-0.159,0,0
2022-07-10,SKU020,Clothing,204,36.78,7503.12,259,0,WH-C,2022,7,27,3,194.0,0.052,0,0
2022-07-17,SKU020,Clothing,205,159.32,32660.6,471,1,WH-C,2022,7,28,3,190.2,0.078,0,205
2022-07-24,SKU020,Clothing,213,292.56,62315.28,8,0,WH-A,2022,7,29,3,197.5,0.078,1,0
2022-07-31,SKU020,Clothing,208,139.41,28997.28,929,0,WH-A,2022,7,30,3,207.5,0.002,0,0
2022-08-07,SKU020,Clothing,169,313.38,52961.22,313,0,WH-A,2022,8,31,3,198.8,-0.15,0,0
2022-08-14,SKU020,Clothing,171,40.19,6872.49,361,0,WH-A,2022,8,32,3,190.2,-0.101,0,0
2022-08-21,SKU020,Clothing,185,214.48,39678.8,174,0,WH-B,2022,8,33,3,183.2,0.01,0,0
2022-08-28,SKU020,Clothing,192,53.64,10298.88,576,0,WH-C,2022,8,34,3,179.2,0.071,0,0
2022-09-04,SKU020,Clothing,182,92.15,16771.3,746,0,WH-A,2022,9,35,3,182.5,-0.003,0,0
2022-09-11,SKU020,Clothing,176,310.38,54626.88,105,0,WH-A,2022,9,36,3,183.8,-0.042,0,0
2022-09-18,SKU020,Clothing,148,208.44,30849.12,637,1,WH-B,2022,9,37,3,174.5,-0.152,0,148
2022-09-25,SKU020,Clothing,157,26.84,4213.88,344,0,WH-C,2022,9,38,3,165.8,-0.053,0,0
2022-10-02,SKU020,Clothing,168,305.02,51243.36,374,1,WH-C,2022,10,39,4,162.2,0.036,0,168
2022-10-09,SKU020,Clothing,160,105.95,16952.0,505,0,WH-B,2022,10,40,4,158.2,0.011,0,0
2022-10-16,SKU020,Clothing,146,494.49,72195.54,570,0,WH-A,2022,10,41,4,157.8,-0.075,0,0
2022-10-23,SKU020,Clothing,141,95.04,13400.64,749,0,WH-A,2022,10,42,4,153.8,-0.083,0,0
2022-10-30,SKU020,Clothing,82,441.42,36196.44,281,0,WH-B,2022,10,43,4,132.2,-0.38,0,0
2022-11-06,SKU020,Clothing,186,212.08,39446.88,136,0,WH-B,2022,11,44,4,138.8,0.34,0,0
2022-11-13,SKU020,Clothing,116,208.71,24210.36,471,0,WH-B,2022,11,45,4,131.2,-0.116,0,0
2022-11-20,SKU020,Clothing,80,191.82,15345.6,953,1,WH-A,2022,11,46,4,116.0,-0.31,0,80
2022-11-27,SKU020,Clothing,124,412.45,51143.8,259,0,WH-B,2022,11,47,4,126.5,-0.02,0,0
2022-12-04,SKU020,Clothing,153,299.96,45893.88,220,0,WH-C,2022,12,48,4,118.2,0.294,0,0
2022-12-11,SKU020,Clothing,115,458.05,52675.75,725,0,WH-C,2022,12,49,4,118.0,-0.025,0,0
2022-12-18,SKU020,Clothing,148,140.41,20780.68,290,0,WH-B,2022,12,50,4,135.0,0.096,0,0
2022-12-25,SKU020,Clothing,184,112.32,20666.88,824,0,WH-B,2022,12,51,4,150.0,0.227,0,0
2023-01-01,SKU020,Clothing,220,330.3,72666.0,165,0,WH-C,2023,1,52,1,166.8,0.319,0,0
2023-01-08,SKU020,Clothing,233,461.45,107517.85,611,0,WH-B,2023,1,1,1,196.2,0.188,0,0
2023-01-15,SKU020,Clothing,254,392.54,99705.16,966,1,WH-C,2023,1,2,1,222.8,0.14,0,254
2023-01-22,SKU020,Clothing,235,330.67,77707.45,253,0,WH-B,2023,1,3,1,235.5,-0.002,0,0
2023-01-29,SKU020,Clothing,250,261.79,65447.5,910,0,WH-C,2023,1,4,1,243.0,0.029,0,0
2023-02-05,SKU020,Clothing,251,353.39,88700.89,649,1,WH-B,2023,2,5,1,247.5,0.014,0,251
2023-02-12,SKU020,Clothing,279,331.68,92538.72,493,0,WH-C,2023,2,6,1,253.8,0.099,0,0
2023-02-19,SKU020,Clothing,270,270.92,73148.4,475,0,WH-C,2023,2,7,1,262.5,0.029,0,0
2023-02-26,SKU020,Clothing,329,113.15,37226.35,538,0,WH-C,2023,2,8,1,282.2,0.166,0,0
2023-03-05,SKU020,Clothing,297,479.12,142298.64,489,0,WH-B,2023,3,9,1,293.8,0.011,0,0
2023-03-12,SKU020,Clothing,278,164.23,45655.94,781,0,WH-A,2023,3,10,1,293.5,-0.053,0,0
2023-03-19,SKU020,Clothing,262,355.62,93172.44,135,0,WH-C,2023,3,11,1,291.5,-0.101,0,0
2023-03-26,SKU020,Clothing,242,24.14,5841.88,812,0,WH-C,2023,3,12,1,269.8,-0.103,0,0
2023-04-02,SKU020,Clothing,233,255.19,59459.27,591,0,WH-C,2023,4,13,2,253.8,-0.082,0,0
2023-04-09,SKU020,Clothing,186,207.65,38622.9,562,0,WH-B,2023,4,14,2,230.8,-0.194,0,0
2023-04-16,SKU020,Clothing,212,303.05,64246.6,197,0,WH-A,2023,4,15,2,218.2,-0.028,0,0
2023-04-23,SKU020,Clothing,225,289.28,65088.0,858,0,WH-B,2023,4,16,2,214.0,0.051,0,0
2023-04-30,SKU020,Clothing,170,61.5,10455.0,843,0,WH-A,2023,4,17,2,198.2,-0.142,0,0
2023-05-07,SKU020,Clothing,177,271.14,47991.78,240,0,WH-C,2023,5,18,2,196.0,-0.097,0,0
2023-05-14,SKU020,Clothing,216,143.25,30942.0,412,0,WH-B,2023,5,19,2,197.0,0.096,0,0
2023-05-21,SKU020,Clothing,182,353.45,64327.9,635,0,WH-B,2023,5,20,2,186.2,-0.023,0,0
2023-05-28,SKU020,Clothing,181,432.99,78371.19,514,0,WH-C,2023,5,21,2,189.0,-0.042,0,0
2023-06-04,SKU020,Clothing,168,413.49,69466.32,976,0,WH-A,2023,6,22,2,186.8,-0.101,0,0
2023-06-11,SKU020,Clothing,216,494.95,106909.2,961,0,WH-C,2023,6,23,2,186.8,0.156,0,0
2023-06-18,SKU020,Clothing,203,234.13,47528.39,224,0,WH-B,2023,6,24,2,192.0,0.057,0,0
2023-06-25,SKU020,Clothing,159,11.64,1850.76,137,0,WH-A,2023,6,25,2,186.5,-0.147,0,0
2023-07-02,SKU020,Clothing,185,473.97,87684.45,890,0,WH-B,2023,7,26,3,190.8,-0.03,0,0
2023-07-09,SKU020,Clothing,212,426.94,90511.28,620,1,WH-A,2023,7,27,3,189.8,0.117,0,212
2023-07-16,SKU020,Clothing,196,342.65,67159.4,910,0,WH-A,2023,7,28,3,188.0,0.043,0,0
2023-07-23,SKU020,Clothing,201,222.24,44670.24,402,1,WH-A,2023,7,29,3,198.5,0.013,0,201
2023-07-30,SKU020,Clothing,168,313.52,52671.36,839,0,WH-C,2023,7,30,3,194.2,-0.135,0,0
2023-08-06,SKU020,Clothing,197,274.24,54025.28,574,1,WH-C,2023,8,31,3,190.5,0.034,0,197
2023-08-13,SKU020,Clothing,191,37.89,7236.99,753,0,WH-B,2023,8,32,3,189.2,0.01,0,0
2023-08-20,SKU020,Clothing,220,253.22,55708.4,588,1,WH-A,2023,8,33,3,194.0,0.134,0,220
2023-08-27,SKU020,Clothing,178,257.75,45879.5,343,0,WH-C,2023,8,34,3,196.5,-0.094,0,0
2023-09-03,SKU020,Clothing,177,452.78,80142.06,395,0,WH-B,2023,9,35,3,191.5,-0.076,0,0
2023-09-10,SKU020,Clothing,178,260.62,46390.36,825,0,WH-C,2023,9,36,3,188.2,-0.054,0,0
2023-09-17,SKU020,Clothing,183,417.37,76378.71,982,0,WH-B,2023,9,37,3,179.0,0.022,0,0
2023-09-24,SKU020,Clothing,141,325.2,45853.2,876,0,WH-B,2023,9,38,3,169.8,-0.17,0,0
2023-10-01,SKU020,Clothing,125,396.44,49555.0,132,0,WH-B,2023,10,39,4,156.8,-0.203,0,0
2023-10-08,SKU020,Clothing,111,203.35,22571.85,971,0,WH-C,2023,10,40,4,140.0,-0.207,0,0
2023-10-15,SKU020,Clothing,86,287.69,24741.34,324,0,WH-A,2023,10,41,4,115.8,-0.257,0,0
2023-10-22,SKU020,Clothing,142,271.36,38533.12,600,0,WH-B,2023,10,42,4,116.0,0.224,0,0
2023-10-29,SKU020,Clothing,125,234.41,29301.25,895,0,WH-B,2023,10,43,4,116.0,0.078,0,0
2023-11-05,SKU020,Clothing,109,274.23,29891.07,119,0,WH-C,2023,11,44,4,115.5,-0.056,0,0
2023-11-12,SKU020,Clothing,152,356.15,54134.8,206,1,WH-A,2023,11,45,4,132.0,0.152,0,152
2023-11-19,SKU020,Clothing,117,403.94,47260.98,745,0,WH-C,2023,11,46,4,125.8,-0.07,0,0
2023-11-26,SKU020,Clothing,128,417.85,53484.8,163,0,WH-A,2023,11,47,4,126.5,0.012,0,0
2023-12-03,SKU020,Clothing,112,252.45,28274.4,14,0,WH-B,2023,12,48,4,127.2,-0.119,1,0
2023-12-10,SKU020,Clothing,159,374.0,59466.0,70,0,WH-C,2023,12,49,4,129.0,0.233,0,0
2023-12-17,SKU020,Clothing,134,113.77,15245.18,73,1,WH-B,2023,12,50,4,133.2,0.006,0,134
2023-12-24,SKU020,Clothing,171,375.24,64166.04,986,0,WH-C,2023,12,51,4,144.0,0.188,0,0
2023-12-31,SKU020,Clothing,186,328.79,61154.94,270,0,WH-A,2023,12,52,4,162.5,0.145,0,0
2024-01-07,SKU020,Clothing,174,322.64,56139.36,683,0,WH-C,2024,1,1,1,166.2,0.047,0,0
2024-01-14,SKU020,Clothing,188,433.42,81482.96,715,0,WH-A,2024,1,2,1,179.8,0.046,0,0
2024-01-21,SKU020,Clothing,273,472.25,128924.25,485,0,WH-A,2024,1,3,1,205.2,0.33,0,0
2024-01-28,SKU020,Clothing,229,223.46,51172.34,25,0,WH-C,2024,1,4,1,216.0,0.06,1,0
2024-02-04,SKU020,Clothing,215,389.21,83680.15,275,0,WH-A,2024,2,5,1,226.2,-0.05,0,0
2024-02-11,SKU020,Clothing,231,165.81,38302.11,270,1,WH-C,2024,2,6,1,237.0,-0.025,0,231
2024-02-18,SKU020,Clothing,288,108.21,31164.48,506,0,WH-B,2024,2,7,1,240.8,0.196,0,0
2024-02-25,SKU020,Clothing,270,499.32,134816.4,508,0,WH-B,2024,2,8,1,251.0,0.076,0,0
2024-03-03,SKU020,Clothing,255,32.2,8211.0,134,1,WH-A,2024,3,9,1,261.0,-0.023,0,255
2024-03-10,SKU020,Clothing,227,90.7,20588.9,589,0,WH-B,2024,3,10,1,260.0,-0.127,0,0
2024-03-17,SKU020,Clothing,256,352.67,90283.52,956,0,WH-C,2024,3,11,1,252.0,0.016,0,0
2024-03-24,SKU020,Clothing,215,310.25,66703.75,299,0,WH-A,2024,3,12,1,238.2,-0.097,0,0
2024-03-31,SKU020,Clothing,256,176.76,45250.56,472,0,WH-B,2024,3,13,1,238.5,0.073,0,0
2024-04-07,SKU020,Clothing,216,229.83,49643.28,176,0,WH-C,2024,4,14,2,235.8,-0.084,0,0
2024-04-14,SKU020,Clothing,261,306.33,79952.13,843,0,WH-C,2024,4,15,2,237.0,0.101,0,0
2024-04-21,SKU020,Clothing,197,38.73,7629.81,125,0,WH-B,2024,4,16,2,232.5,-0.153,0,0
2024-04-28,SKU020,Clothing,175,163.61,28631.75,458,0,WH-A,2024,4,17,2,212.2,-0.175,0,0
2024-05-05,SKU020,Clothing,223,249.09,55547.07,58,0,WH-B,2024,5,18,2,214.0,0.042,0,0
2024-05-12,SKU020,Clothing,170,449.43,76403.1,798,0,WH-B,2024,5,19,2,191.2,-0.111,0,0
2024-05-19,SKU020,Clothing,198,176.67,34980.66,902,0,WH-A,2024,5,20,2,191.5,0.034,0,0
2024-05-26,SKU020,Clothing,165,275.85,45515.25,247,0,WH-B,2024,5,21,2,189.0,-0.127,0,0
2024-06-02,SKU020,Clothing,170,457.28,77737.6,235,0,WH-C,2024,6,22,2,175.8,-0.033,0,0
2024-06-09,SKU020,Clothing,170,116.84,19862.8,911,0,WH-A,2024,6,23,2,175.8,-0.033,0,0
2024-06-16,SKU020,Clothing,179,364.86,65309.94,691,0,WH-B,2024,6,24,2,171.0,0.047,0,0
2024-06-23,SKU020,Clothing,182,466.61,84923.02,761,1,WH-C,2024,6,25,2,175.2,0.039,0,182
2024-06-30,SKU020,Clothing,186,153.66,28580.76,569,0,WH-A,2024,6,26,2,179.2,0.038,0,0
2024-07-07,SKU020,Clothing,217,475.35,103150.95,758,0,WH-C,2024,7,27,3,191.0,0.136,0,0
2024-07-14,SKU020,Clothing,183,31.69,5799.27,622,0,WH-C,2024,7,28,3,192.0,-0.047,0,0
2024-07-21,SKU020,Clothing,202,401.21,81044.42,195,0,WH-B,2024,7,29,3,197.0,0.025,0,0
2024-07-28,SKU020,Clothing,183,118.6,21703.8,505,0,WH-C,2024,7,30,3,196.2,-0.067,0,0
2024-08-04,SKU020,Clothing,173,157.13,27183.49,77,0,WH-B,2024,8,31,3,185.2,-0.066,0,0
2024-08-11,SKU020,Clothing,194,219.81,42643.14,973,1,WH-B,2024,8,32,3,188.0,0.032,0,194
2024-08-18,SKU020,Clothing,170,182.68,31055.6,519,0,WH-A,2024,8,33,3,180.0,-0.056,0,0
2024-08-25,SKU020,Clothing,193,371.66,71730.38,419,0,WH-C,2024,8,34,3,182.5,0.058,0,0
2024-09-01,SKU020,Clothing,186,332.56,61856.16,182,0,WH-C,2024,9,35,3,185.8,0.001,0,0
2024-09-08,SKU020,Clothing,173,41.87,7243.51,421,0,WH-B,2024,9,36,3,180.5,-0.042,0,0
2024-09-15,SKU020,Clothing,121,171.39,20738.19,868,0,WH-A,2024,9,37,3,168.2,-0.281,0,0
2024-09-22,SKU020,Clothing,114,493.48,56256.72,426,1,WH-B,2024,9,38,3,148.5,-0.232,0,114
2024-09-29,SKU020,Clothing,134,49.79,6671.86,243,0,WH-C,2024,9,39,3,135.5,-0.011,0,0
2024-10-06,SKU020,Clothing,84,76.62,6436.08,559,0,WH-C,2024,10,40,4,113.2,-0.258,0,0
2024-10-13,SKU020,Clothing,145,18.07,2620.15,835,1,WH-A,2024,10,41,4,119.2,0.216,0,145
2024-10-20,SKU020,Clothing,87,483.34,42050.58,643,0,WH-A,2024,10,42,4,112.5,-0.227,0,0
2024-10-27,SKU020,Clothing,93,462.51,43013.43,684,0,WH-C,2024,10,43,4,102.2,-0.09,0,0
2024-11-03,SKU020,Clothing,113,232.06,26222.78,602,0,WH-A,2024,11,44,4,109.5,0.032,0,0
2024-11-10,SKU020,Clothing,127,442.29,56170.83,513,0,WH-C,2024,11,45,4,105.0,0.21,0,0
2024-11-17,SKU020,Clothing,122,28.68,3498.96,25,1,WH-C,2024,11,46,4,113.8,0.072,1,122
2024-11-24,SKU020,Clothing,140,484.48,67827.2,197,0,WH-C,2024,11,47,4,125.5,0.116,0,0
2024-12-01,SKU020,Clothing,145,122.19,17717.55,533,0,WH-A,2024,12,48,4,133.5,0.086,0,0
2024-12-08,SKU020,Clothing,117,98.16,11484.72,215,0,WH-B,2024,12,49,4,131.0,-0.107,0,0
2024-12-15,SKU020,Clothing,176,436.82,76880.32,557,1,WH-B,2024,12,50,4,144.5,0.218,0,176
2024-12-22,SKU020,Clothing,183,147.41,26976.03,62,0,WH-A,2024,12,51,4,155.2,0.179,0,0
2024-12-29,SKU020,Clothing,214,368.44,78846.16,403,0,WH-B,2024,12,52,4,172.5,0.241,0,0
2022-01-02,SKU021,Clothing,126,310.79,39159.54,235,0,WH-B,2022,1,52,1,126.0,0.0,0,0
2022-01-09,SKU021,Clothing,132,192.72,25439.04,533,0,WH-B,2022,1,1,1,129.0,0.023,0,0
2022-01-16,SKU021,Clothing,160,71.86,11497.6,51,0,WH-C,2022,1,2,1,139.3,0.149,0,0
2022-01-23,SKU021,Clothing,166,88.3,14657.8,23,0,WH-B,2022,1,3,1,146.0,0.137,1,0
2022-01-30,SKU021,Clothing,179,237.27,42471.33,593,0,WH-A,2022,1,4,1,159.2,0.124,0,0
2022-02-06,SKU021,Clothing,163,484.97,79050.11,11,0,WH-B,2022,2,5,1,167.0,-0.024,1,0
2022-02-13,SKU021,Clothing,203,396.53,80495.59,567,0,WH-A,2022,2,6,1,177.8,0.142,0,0
2022-02-20,SKU021,Clothing,188,284.89,53559.32,791,0,WH-B,2022,2,7,1,183.2,0.026,0,0
2022-02-27,SKU021,Clothing,190,497.41,94507.9,456,0,WH-C,2022,2,8,1,186.0,0.022,0,0
2022-03-06,SKU021,Clothing,169,198.89,33612.41,279,0,WH-A,2022,3,9,1,187.5,-0.099,0,0
2022-03-13,SKU021,Clothing,181,112.34,20333.54,330,0,WH-B,2022,3,10,1,182.0,-0.005,0,0
2022-03-20,SKU021,Clothing,204,349.14,71224.56,534,0,WH-A,2022,3,11,1,186.0,0.097,0,0
2022-03-27,SKU021,Clothing,163,303.97,49547.11,533,0,WH-B,2022,3,12,1,179.2,-0.09,0,0
2022-04-03,SKU021,Clothing,162,385.9,62515.8,696,0,WH-A,2022,4,13,2,177.5,-0.087,0,0
2022-04-10,SKU021,Clothing,134,488.13,65409.42,766,0,WH-A,2022,4,14,2,165.8,-0.192,0,0
2022-04-17,SKU021,Clothing,139,270.67,37623.13,593,1,WH-A,2022,4,15,2,149.5,-0.07,0,139
2022-04-24,SKU021,Clothing,132,236.59,31229.88,333,0,WH-B,2022,4,16,2,141.8,-0.069,0,0
2022-05-01,SKU021,Clothing,143,330.65,47282.95,97,0,WH-C,2022,5,17,2,137.0,0.044,0,0
2022-05-08,SKU021,Clothing,133,264.19,35137.27,856,0,WH-B,2022,5,18,2,136.8,-0.028,0,0
2022-05-15,SKU021,Clothing,127,87.67,11134.09,833,0,WH-B,2022,5,19,2,133.8,-0.051,0,0
2022-05-22,SKU021,Clothing,140,270.67,37893.8,573,0,WH-A,2022,5,20,2,135.8,0.031,0,0
2022-05-29,SKU021,Clothing,145,307.9,44645.5,535,1,WH-B,2022,5,21,2,136.2,0.065,0,145
2022-06-05,SKU021,Clothing,94,152.19,14305.86,418,0,WH-C,2022,6,22,2,126.5,-0.257,0,0
2022-06-12,SKU021,Clothing,122,369.12,45032.64,7,1,WH-B,2022,6,23,2,125.2,-0.026,1,122
2022-06-19,SKU021,Clothing,107,169.23,18107.61,424,0,WH-B,2022,6,24,2,117.0,-0.085,0,0
2022-06-26,SKU021,Clothing,118,351.57,41485.26,160,0,WH-A,2022,6,25,2,110.2,0.071,0,0
2022-07-03,SKU021,Clothing,129,32.11,4142.19,84,0,WH-C,2022,7,26,3,119.0,0.084,0,0
2022-07-10,SKU021,Clothing,139,415.6,57768.4,668,1,WH-A,2022,7,27,3,123.2,0.128,0,139
2022-07-17,SKU021,Clothing,177,237.45,42028.65,613,0,WH-C,2022,7,28,3,140.8,0.257,0,0
2022-07-24,SKU021,Clothing,111,121.64,13502.04,353,0,WH-B,2022,7,29,3,139.0,-0.201,0,0
2022-07-31,SKU021,Clothing,126,47.33,5963.58,821,0,WH-B,2022,7,30,3,138.2,-0.088,0,0
2022-08-07,SKU021,Clothing,137,455.78,62441.86,891,0,WH-B,2022,8,31,3,137.8,-0.006,0,0
2022-08-14,SKU021,Clothing,155,137.58,21324.9,718,0,WH-B,2022,8,32,3,132.2,0.172,0,0
2022-08-21,SKU021,Clothing,118,488.51,57644.18,251,0,WH-B,2022,8,33,3,134.0,-0.119,0,0
2022-08-28,SKU021,Clothing,92,438.11,40306.12,404,0,WH-B,2022,8,34,3,125.5,-0.267,0,0
2022-09-04,SKU021,Clothing,118,270.67,31939.06,289,0,WH-C,2022,9,35,3,120.8,-0.023,0,0
2022-09-11,SKU021,Clothing,141,491.18,69256.38,565,0,WH-A,2022,9,36,3,117.2,0.203,0,0
2022-09-18,SKU021,Clothing,99,12.29,1216.71,93,0,WH-A,2022,9,37,3,112.5,-0.12,0,0
2022-09-25,SKU021,Clothing,95,357.76,33987.2,441,0,WH-B,2022,9,38,3,113.2,-0.161,0,0
2022-10-02,SKU021,Clothing,139,448.72,62372.08,356,0,WH-B,2022,10,39,4,118.5,0.173,0,0
2022-10-09,SKU021,Clothing,96,109.1,10473.6,241,1,WH-B,2022,10,40,4,107.2,-0.104,0,96
2022-10-16,SKU021,Clothing,60,17.61,1056.6,204,0,WH-A,2022,10,41,4,97.5,-0.385,0,0
2022-10-23,SKU021,Clothing,107,94.52,10113.64,686,1,WH-B,2022,10,42,4,100.5,0.065,0,107
2022-10-30,SKU021,Clothing,50,496.94,24847.0,923,0,WH-A,2022,10,43,4,78.2,-0.361,0,0
2022-11-06,SKU021,Clothing,102,92.24,9408.48,884,0,WH-A,2022,11,44,4,79.8,0.278,0,0
2022-11-13,SKU021,Clothing,84,445.66,37435.44,280,0,WH-B,2022,11,45,4,85.8,-0.021,0,0
2022-11-20,SKU021,Clothing,74,495.64,36677.36,893,1,WH-B,2022,11,46,4,77.5,-0.045,0,74
2022-11-27,SKU021,Clothing,78,281.27,21939.06,254,0,WH-C,2022,11,47,4,84.5,-0.077,0,0
2022-12-04,SKU021,Clothing,103,168.13,17317.39,462,0,WH-A,2022,12,48,4,84.8,0.215,0,0
2022-12-11,SKU021,Clothing,97,52.01,5044.97,765,0,WH-A,2022,12,49,4,88.0,0.102,0,0
2022-12-18,SKU021,Clothing,131,442.62,57983.22,693,0,WH-A,2022,12,50,4,102.2,0.282,0,0
2022-12-25,SKU021,Clothing,125,269.74,33717.5,366,0,WH-A,2022,12,51,4,114.0,0.096,0,0
2023-01-01,SKU021,Clothing,151,316.34,47767.34,56,0,WH-B,2023,1,52,1,126.0,0.198,0,0
2023-01-08,SKU021,Clothing,145,167.49,24286.05,687,1,WH-B,2023,1,1,1,138.0,0.051,0,145
2023-01-15,SKU021,Clothing,138,180.16,24862.08,803,1,WH-A,2023,1,2,1,139.8,-0.013,0,138
2023-01-22,SKU021,Clothing,208,28.16,5857.28,891,1,WH-B,2023,1,3,1,160.5,0.296,0,208
2023-01-29,SKU021,Clothing,164,389.24,63835.36,365,0,WH-C,2023,1,4,1,163.8,0.001,0,0
2023-02-05,SKU021,Clothing,188,139.8,26282.4,27,0,WH-B,2023,2,5,1,174.5,0.077,1,0
2023-02-12,SKU021,Clothing,153,334.46,51172.38,0,0,WH-B,2023,2,6,1,178.2,-0.141,1,0
2023-02-19,SKU021,Clothing,148,111.78,16543.44,19,0,WH-B,2023,2,7,1,163.2,-0.093,1,0
2023-02-26,SKU021,Clothing,194,318.66,61820.04,589,0,WH-C,2023,2,8,1,170.8,0.136,0,0
2023-03-05,SKU021,Clothing,216,446.13,96364.08,472,1,WH-C,2023,3,9,1,177.8,0.215,0,216
2023-03-12,SKU021,Clothing,190,171.33,32552.7,914,0,WH-C,2023,3,10,1,187.0,0.016,0,0
2023-03-19,SKU021,Clothing,203,403.44,81898.32,939,0,WH-A,2023,3,11,1,200.8,0.011,0,0
2023-03-26,SKU021,Clothing,194,137.12,26601.28,552,0,WH-C,2023,3,12,1,200.8,-0.034,0,0
2023-04-02,SKU021,Clothing,200,360.2,72040.0,437,0,WH-C,2023,4,13,2,196.8,0.016,0,0
2023-04-09,SKU021,Clothing,163,142.6,23243.8,956,0,WH-A,2023,4,14,2,190.0,-0.142,0,0
2023-04-16,SKU021,Clothing,173,429.9,74372.7,417,0,WH-C,2023,4,15,2,182.5,-0.052,0,0
2023-04-23,SKU021,Clothing,145,95.23,13808.35,644,0,WH-C,2023,4,16,2,170.2,-0.148,0,0
2023-04-30,SKU021,Clothing,153,16.95,2593.35,44,1,WH-C,2023,4,17,2,158.5,-0.035,1,153
2023-05-07,SKU021,Clothing,146,18.86,2753.56,454,0,WH-C,2023,5,18,2,154.2,-0.053,0,0
2023-05-14,SKU021,Clothing,139,276.33,38409.87,871,0,WH-A,2023,5,19,2,145.8,-0.047,0,0
2023-05-21,SKU021,Clothing,126,17.41,2193.66,36,0,WH-A,2023,5,20,2,141.0,-0.106,1,0
2023-05-28,SKU021,Clothing,111,217.31,24121.41,972,0,WH-A,2023,5,21,2,130.5,-0.149,0,0
2023-06-04,SKU021,Clothing,133,304.65,40518.45,155,0,WH-C,2023,6,22,2,127.2,0.046,0,0
2023-06-11,SKU021,Clothing,115,271.16,31183.4,651,1,WH-C,2023,6,23,2,121.2,-0.051,0,115
2023-06-18,SKU021,Clothing,151,485.61,73327.11,971,1,WH-B,2023,6,24,2,127.5,0.184,0,151
2023-06-25,SKU021,Clothing,139,203.61,28301.79,101,1,WH-C,2023,6,25,2,134.5,0.033,0,139
2023-07-02,SKU021,Clothing,160,274.76,43961.6,65,0,WH-C,2023,7,26,3,141.2,0.133,0,0
2023-07-09,SKU021,Clothing,160,342.17,54747.2,567,0,WH-B,2023,7,27,3,152.5,0.049,0,0
2023-07-16,SKU021,Clothing,160,61.16,9785.6,717,0,WH-C,2023,7,28,3,154.8,0.034,0,0
2023-07-23,SKU021,Clothing,127,45.19,5739.13,563,0,WH-A,2023,7,29,3,151.8,-0.163,0,0
2023-07-30,SKU021,Clothing,140,205.83,28816.2,468,0,WH-A,2023,7,30,3,146.8,-0.046,0,0
2023-08-06,SKU021,Clothing,107,324.75,34748.25,877,0,WH-C,2023,8,31,3,133.5,-0.199,0,0
2023-08-13,SKU021,Clothing,157,166.44,26131.08,342,0,WH-B,2023,8,32,3,132.8,0.182,0,0
2023-08-20,SKU021,Clothing,112,492.58,55168.96,762,0,WH-A,2023,8,33,3,129.0,-0.132,0,0
2023-08-27,SKU021,Clothing,150,494.34,74151.0,213,0,WH-C,2023,8,34,3,131.5,0.141,0,0
2023-09-03,SKU021,Clothing,141,203.97,28759.77,790,1,WH-C,2023,9,35,3,140.0,0.007,0,141
2023-09-10,SKU021,Clothing,101,109.07,11016.07,743,0,WH-B,2023,9,36,3,126.0,-0.198,0,0
2023-09-17,SKU021,Clothing,140,133.67,18713.8,0,0,WH-A,2023,9,37,3,133.0,0.053,1,0
2023-09-24,SKU021,Clothing,110,54.47,5991.7,964,0,WH-C,2023,9,38,3,123.0,-0.106,0,0
2023-10-01,SKU021,Clothing,106,330.3,35011.8,955,0,WH-C,2023,10,39,4,114.2,-0.072,0,0
2023-10-08,SKU021,Clothing,101,238.53,24091.53,695,1,WH-A,2023,10,40,4,114.2,-0.116,0,101
2023-10-15,SKU021,Clothing,94,313.57,29475.58,587,1,WH-A,2023,10,41,4,102.8,-0.086,0,94
2023-10-22,SKU021,Clothing,59,50.33,2969.47,434,0,WH-C,2023,10,42,4,90.0,-0.344,0,0
2023-10-29,SKU021,Clothing,87,219.12,19063.44,549,0,WH-A,2023,10,43,4,85.2,0.021,0,0
2023-11-05,SKU021,Clothing,76,332.03,25234.28,336,0,WH-B,2023,11,44,4,79.0,-0.038,0,0
2023-11-12,SKU021,Clothing,86,259.38,22306.68,823,0,WH-C,2023,11,45,4,77.0,0.117,0,0
2023-11-19,SKU021,Clothing,61,332.15,20261.15,912,0,WH-A,2023,11,46,4,77.5,-0.213,0,0
2023-11-26,SKU021,Clothing,72,205.72,14811.84,118,1,WH-C,2023,11,47,4,73.8,-0.024,0,72
2023-12-03,SKU021,Clothing,49,206.2,10103.8,847,0,WH-B,2023,12,48,4,67.0,-0.269,0,0
2023-12-10,SKU021,Clothing,98,346.03,33910.94,826,0,WH-B,2023,12,49,4,70.0,0.4,0,0
2023-12-17,SKU021,Clothing,147,307.35,45180.45,247,0,WH-C,2023,12,50,4,91.5,0.607,0,0
2023-12-24,SKU021,Clothing,89,497.86,44309.54,525,1,WH-C,2023,12,51,4,95.8,-0.071,0,89
2023-12-31,SKU021,Clothing,170,171.44,29144.8,24,0,WH-A,2023,12,52,4,126.0,0.349,1,0
2024-01-07,SKU021,Clothing,143,20.68,2957.24,934,0,WH-A,2024,1,1,1,137.2,0.042,0,0
2024-01-14,SKU021,Clothing,165,418.18,68999.7,699,0,WH-A,2024,1,2,1,141.8,0.164,0,0
2024-01-21,SKU021,Clothing,172,213.02,36639.44,483,1,WH-B,2024,1,3,1,162.5,0.058,0,172
2024-01-28,SKU021,Clothing,197,169.34,33359.98,133,0,WH-C,2024,1,4,1,169.2,0.164,0,0
2024-02-04,SKU021,Clothing,183,227.34,41603.22,618,0,WH-A,2024,2,5,1,179.2,0.021,0,0
2024-02-11,SKU021,Clothing,176,218.54,38463.04,600,0,WH-A,2024,2,6,1,182.0,-0.033,0,0
2024-02-18,SKU021,Clothing,187,481.65,90068.55,886,1,WH-A,2024,2,7,1,185.8,0.006,0,187
2024-02-25,SKU021,Clothing,184,61.75,11362.0,33,0,WH-B,2024,2,8,1,182.5,0.008,1,0
2024-03-03,SKU021,Clothing,179,246.61,44143.19,788,0,WH-A,2024,3,9,1,181.5,-0.014,0,0
2024-03-10,SKU021,Clothing,219,302.39,66223.41,20,0,WH-B,2024,3,10,1,192.2,0.139,1,0
2024-03-17,SKU021,Clothing,210,386.7,81207.0,2,0,WH-C,2024,3,11,1,198.0,0.061,1,0
2024-03-24,SKU021,Clothing,188,450.32,84660.16,734,1,WH-B,2024,3,12,1,199.0,-0.055,0,188
2024-03-31,SKU021,Clothing,180,493.88,88898.4,274,0,WH-C,2024,3,13,1,199.2,-0.096,0,0
2024-04-07,SKU021,Clothing,163,188.71,30759.73,558,0,WH-A,2024,4,14,2,185.2,-0.12,0,0
2024-04-14,SKU021,Clothing,201,460.57,92574.57,499,1,WH-A,2024,4,15,2,183.0,0.098,0,201
2024-04-21,SKU021,Clothing,172,486.16,83619.52,464,0,WH-C,2024,4,16,2,179.0,-0.039,0,0
2024-04-28,SKU021,Clothing,136,492.29,66951.44,200,0,WH-A,2024,4,17,2,168.0,-0.19,0,0
2024-05-05,SKU021,Clothing,185,441.22,81625.7,236,0,WH-B,2024,5,18,2,173.5,0.066,0,0
2024-05-12,SKU021,Clothing,151,382.76,57796.76,505,0,WH-B,2024,5,19,2,161.0,-0.062,0,0
2024-05-19,SKU021,Clothing,143,136.79,19560.97,338,0,WH-C,2024,5,20,2,153.8,-0.07,0,0
2024-05-26,SKU021,Clothing,152,295.32,44888.64,947,0,WH-C,2024,5,21,2,157.8,-0.037,0,0
2024-06-02,SKU021,Clothing,116,149.91,17389.56,793,0,WH-C,2024,6,22,2,140.5,-0.174,0,0
2024-06-09,SKU021,Clothing,139,412.16,57290.24,201,1,WH-B,2024,6,23,2,137.5,0.011,0,139
2024-06-16,SKU021,Clothing,122,416.31,50789.82,520,0,WH-B,2024,6,24,2,132.2,-0.077,0,0
2024-06-23,SKU021,Clothing,171,40.42,6911.82,754,1,WH-C,2024,6,25,2,137.0,0.248,0,171
2024-06-30,SKU021,Clothing,146,32.7,4774.2,262,0,WH-A,2024,6,26,2,144.5,0.01,0,0
2024-07-07,SKU021,Clothing,150,98.67,14800.5,604,0,WH-B,2024,7,27,3,147.2,0.019,0,0
2024-07-14,SKU021,Clothing,148,387.7,57379.6,230,0,WH-B,2024,7,28,3,153.8,-0.038,0,0
2024-07-21,SKU021,Clothing,144,219.98,31677.12,253,0,WH-C,2024,7,29,3,147.0,-0.02,0,0
2024-07-28,SKU021,Clothing,132,82.85,10936.2,363,0,WH-C,2024,7,30,3,143.5,-0.08,0,0
2024-08-04,SKU021,Clothing,139,229.12,31847.68,502,0,WH-B,2024,8,31,3,140.8,-0.013,0,0
2024-08-11,SKU021,Clothing,144,299.01,43057.44,633,0,WH-A,2024,8,32,3,139.8,0.03,0,0
2024-08-18,SKU021,Clothing,129,247.02,31865.58,869,0,WH-A,2024,8,33,3,136.0,-0.051,0,0
2024-08-25,SKU021,Clothing,111,495.85,55039.35,459,0,WH-B,2024,8,34,3,130.8,-0.151,0,0
2024-09-01,SKU021,Clothing,175,443.26,77570.5,79,1,WH-C,2024,9,35,3,139.8,0.252,0,175
2024-09-08,SKU021,Clothing,121,132.3,16008.3,993,0,WH-A,2024,9,36,3,134.0,-0.097,0,0
2024-09-15,SKU021,Clothing,107,280.43,30006.01,978,1,WH-C,2024,9,37,3,128.5,-0.167,0,107
2024-09-22,SKU021,Clothing,102,271.81,27724.62,69,0,WH-B,2024,9,38,3,126.2,-0.192,0,0
2024-09-29,SKU021,Clothing,114,423.42,48269.88,124,1,WH-B,2024,9,39,3,111.0,0.027,0,114
2024-10-06,SKU021,Clothing,64,289.4,18521.6,821,0,WH-B,2024,10,40,4,96.8,-0.339,0,0
2024-10-13,SKU021,Clothing,127,368.01,46737.27,536,0,WH-C,2024,10,41,4,101.8,0.248,0,0
2024-10-20,SKU021,Clothing,93,488.17,45399.81,833,0,WH-B,2024,10,42,4,99.5,-0.065,0,0
2024-10-27,SKU021,Clothing,114,303.63,34613.82,162,0,WH-C,2024,10,43,4,99.5,0.146,0,0
2024-11-03,SKU021,Clothing,97,230.7,22377.9,825,0,WH-B,2024,11,44,4,107.8,-0.1,0,0
2024-11-10,SKU021,Clothing,77,142.92,11004.84,664,0,WH-B,2024,11,45,4,95.2,-0.191,0,0
2024-11-17,SKU021,Clothing,118,269.23,31769.14,402,0,WH-B,2024,11,46,4,101.5,0.163,0,0
2024-11-24,SKU021,Clothing,85,472.72,40181.2,441,0,WH-B,2024,11,47,4,94.2,-0.098,0,0
2024-12-01,SKU021,Clothing,104,50.59,5261.36,370,0,WH-C,2024,12,48,4,96.0,0.083,0,0
2024-12-08,SKU021,Clothing,139,280.18,38945.02,255,1,WH-C,2024,12,49,4,111.5,0.247,0,139
2024-12-15,SKU021,Clothing,112,424.59,47554.08,354,0,WH-B,2024,12,50,4,110.0,0.018,0,0
2024-12-22,SKU021,Clothing,115,177.04,20359.6,93,0,WH-A,2024,12,51,4,117.5,-0.021,0,0
2024-12-29,SKU021,Clothing,160,259.88,41580.8,451,0,WH-A,2024,12,52,4,131.5,0.217,0,0
2022-01-02,SKU022,Clothing,418,420.89,175932.02,907,0,WH-B,2022,1,52,1,418.0,0.0,0,0
2022-01-09,SKU022,Clothing,459,18.34,8418.06,734,0,WH-B,2022,1,1,1,438.5,0.047,0,0
2022-01-16,SKU022,Clothing,507,93.3,47303.1,451,1,WH-A,2022,1,2,1,461.3,0.099,0,507
2022-01-23,SKU022,Clothing,515,291.7,150225.5,422,0,WH-A,2022,1,3,1,474.8,0.085,0,0
2022-01-30,SKU022,Clothing,583,50.88,29663.04,549,0,WH-B,2022,1,4,1,516.0,0.13,0,0
2022-02-06,SKU022,Clothing,569,417.46,237534.74,784,0,WH-C,2022,2,5,1,543.5,0.047,0,0
2022-02-13,SKU022,Clothing,579,338.24,195840.96,638,0,WH-A,2022,2,6,1,561.5,0.031,0,0
2022-02-20,SKU022,Clothing,434,398.89,173118.26,598,0,WH-A,2022,2,7,1,541.2,-0.198,0,0
2022-02-27,SKU022,Clothing,609,108.38,66003.42,687,0,WH-B,2022,2,8,1,547.8,0.112,0,0
2022-03-06,SKU022,Clothing,615,291.86,179493.9,408,0,WH-C,2022,3,9,1,559.2,0.1,0,0
2022-03-13,SKU022,Clothing,609,281.01,171135.09,48,1,WH-B,2022,3,10,1,566.8,0.074,1,609
2022-03-20,SKU022,Clothing,574,324.54,186285.96,65,0,WH-A,2022,3,11,1,601.8,-0.046,0,0
2022-03-27,SKU022,Clothing,590,240.66,141989.4,524,0,WH-B,2022,3,12,1,597.0,-0.012,0,0
2022-04-03,SKU022,Clothing,569,249.98,142238.62,432,0,WH-C,2022,4,13,2,585.5,-0.028,0,0
2022-04-10,SKU022,Clothing,550,169.05,92977.5,673,0,WH-B,2022,4,14,2,570.8,-0.036,0,0
2022-04-17,SKU022,Clothing,495,154.19,76324.05,981,0,WH-C,2022,4,15,2,551.0,-0.102,0,0
2022-04-24,SKU022,Clothing,492,399.81,196706.52,820,0,WH-B,2022,4,16,2,526.5,-0.066,0,0
2022-05-01,SKU022,Clothing,452,485.87,219613.24,880,0,WH-C,2022,5,17,2,497.2,-0.091,0,0
2022-05-08,SKU022,Clothing,421,192.84,81185.64,330,0,WH-A,2022,5,18,2,465.0,-0.095,0,0
2022-05-15,SKU022,Clothing,434,158.52,68797.68,82,0,WH-C,2022,5,19,2,449.8,-0.035,0,0
2022-05-22,SKU022,Clothing,410,476.61,195410.1,173,0,WH-B,2022,5,20,2,429.2,-0.045,0,0
2022-05-29,SKU022,Clothing,425,268.41,114074.25,395,0,WH-C,2022,5,21,2,422.5,0.006,0,0
2022-06-05,SKU022,Clothing,425,212.37,90257.25,233,0,WH-A,2022,6,22,2,423.5,0.004,0,0
2022-06-12,SKU022,Clothing,432,356.95,154202.4,453,1,WH-A,2022,6,23,2,423.0,0.021,0,432
2022-06-19,SKU022,Clothing,409,41.7,17055.3,568,0,WH-B,2022,6,24,2,422.8,-0.033,0,0
2022-06-26,SKU022,Clothing,421,63.65,26796.65,769,0,WH-A,2022,6,25,2,421.8,-0.002,0,0
2022-07-03,SKU022,Clothing,432,77.92,33661.44,818,0,WH-C,2022,7,26,3,423.5,0.02,0,0
2022-07-10,SKU022,Clothing,439,419.7,184248.3,77,0,WH-A,2022,7,27,3,425.2,0.032,0,0
2022-07-17,SKU022,Clothing,449,24.46,10982.54,886,0,WH-B,2022,7,28,3,435.2,0.032,0,0
2022-07-24,SKU022,Clothing,465,323.0,150195.0,695,0,WH-A,2022,7,29,3,446.2,0.042,0,0
2022-07-31,SKU022,Clothing,430,276.99,119105.7,682,0,WH-C,2022,7,30,3,445.8,-0.035,0,0
2022-08-07,SKU022,Clothing,382,357.95,136736.9,101,0,WH-C,2022,8,31,3,431.5,-0.115,0,0
2022-08-14,SKU022,Clothing,460,460.44,211802.4,560,0,WH-B,2022,8,32,3,434.2,0.059,0,0
2022-08-21,SKU022,Clothing,379,82.52,31275.08,84,0,WH-A,2022,8,33,3,412.8,-0.082,0,0
2022-08-28,SKU022,Clothing,396,248.46,98390.16,414,0,WH-C,2022,8,34,3,404.2,-0.02,0,0
2022-09-04,SKU022,Clothing,410,60.26,24706.6,212,0,WH-C,2022,9,35,3,411.2,-0.003,0,0
2022-09-11,SKU022,Clothing,366,496.26,181631.16,697,0,WH-C,2022,9,36,3,387.8,-0.056,0,0
2022-09-18,SKU022,Clothing,318,290.88,92499.84,153,0,WH-A,2022,9,37,3,372.5,-0.146,0,0
2022-09-25,SKU022,Clothing,349,98.84,34495.16,801,0,WH-C,2022,9,38,3,360.8,-0.033,0,0
2022-10-02,SKU022,Clothing,276,397.64,109748.64,269,0,WH-B,2022,10,39,4,327.2,-0.156,0,0
2022-10-09,SKU022,Clothing,274,127.44,34918.56,336,0,WH-B,2022,10,40,4,304.2,-0.099,0,0
2022-10-16,SKU022,Clothing,262,93.42,24476.04,226,0,WH-C,2022,10,41,4,290.2,-0.097,0,0
2022-10-23,SKU022,Clothing,234,97.38,22786.92,450,0,WH-A,2022,10,42,4,261.5,-0.105,0,0
2022-10-30,SKU022,Clothing,237,418.09,99087.33,70,0,WH-A,2022,10,43,4,251.8,-0.059,0,0
2022-11-06,SKU022,Clothing,244,418.74,102172.56,908,0,WH-C,2022,11,44,4,244.2,-0.001,0,0
2022-11-13,SKU022,Clothing,262,213.21,55861.02,530,0,WH-A,2022,11,45,4,244.2,0.073,0,0
2022-11-20,SKU022,Clothing,255,354.56,90412.8,205,1,WH-C,2022,11,46,4,249.5,0.022,0,255
2022-11-27,SKU022,Clothing,247,96.7,23884.9,121,0,WH-C,2022,11,47,4,252.0,-0.02,0,0
2022-12-04,SKU022,Clothing,290,107.63,31212.7,989,0,WH-B,2022,12,48,4,263.5,0.101,0,0
2022-12-11,SKU022,Clothing,333,281.31,93676.23,110,0,WH-A,2022,12,49,4,281.2,0.184,0,0
2022-12-18,SKU022,Clothing,360,136.38,49096.8,357,1,WH-C,2022,12,50,4,307.5,0.171,0,360
2022-12-25,SKU022,Clothing,373,101.89,38004.97,399,0,WH-A,2022,12,51,4,339.0,0.1,0,0
2023-01-01,SKU022,Clothing,414,177.1,73319.4,448,0,WH-A,2023,1,52,1,370.0,0.119,0,0
2023-01-08,SKU022,Clothing,456,62.39,28449.84,660,0,WH-B,2023,1,1,1,400.8,0.138,0,0
2023-01-15,SKU022,Clothing,505,193.83,97884.15,8,0,WH-B,2023,1,2,1,437.0,0.156,1,0
2023-01-22,SKU022,Clothing,525,375.88,197337.0,594,0,WH-C,2023,1,3,1,475.0,0.105,0,0
2023-01-29,SKU022,Clothing,557,263.98,147036.86,797,0,WH-B,2023,1,4,1,510.8,0.09,0,0
2023-02-05,SKU022,Clothing,603,235.49,142000.47,374,0,WH-C,2023,2,5,1,547.5,0.101,0,0
2023-02-12,SKU022,Clothing,610,66.84,40772.4,122,0,WH-A,2023,2,6,1,573.8,0.063,0,0
2023-02-19,SKU022,Clothing,590,293.88,173389.2,48,1,WH-A,2023,2,7,1,590.0,0.0,1,590
2023-02-26,SKU022,Clothing,651,377.56,245791.56,852,0,WH-A,2023,2,8,1,613.5,0.061,0,0
2023-03-05,SKU022,Clothing,606,316.71,191926.26,276,0,WH-B,2023,3,9,1,614.2,-0.013,0,0
2023-03-12,SKU022,Clothing,617,405.64,250279.88,143,0,WH-C,2023,3,10,1,616.0,0.002,0,0
2023-03-19,SKU022,Clothing,599,104.49,62589.51,513,0,WH-C,2023,3,11,1,618.2,-0.031,0,0
2023-03-26,SKU022,Clothing,587,115.39,67733.93,453,0,WH-C,2023,3,12,1,602.2,-0.025,0,0
2023-04-02,SKU022,Clothing,565,275.22,155499.3,288,1,WH-C,2023,4,13,2,592.0,-0.046,0,565
2023-04-09,SKU022,Clothing,502,256.04,128532.08,136,0,WH-A,2023,4,14,2,563.2,-0.109,0,0
2023-04-16,SKU022,Clothing,517,41.08,21238.36,163,0,WH-B,2023,4,15,2,542.8,-0.048,0,0
2023-04-23,SKU022,Clothing,460,220.42,101393.2,868,1,WH-A,2023,4,16,2,511.0,-0.1,0,460
2023-04-30,SKU022,Clothing,478,196.84,94089.52,497,0,WH-B,2023,4,17,2,489.2,-0.023,0,0
2023-05-07,SKU022,Clothing,434,145.75,63255.5,282,0,WH-C,2023,5,18,2,472.2,-0.081,0,0
2023-05-14,SKU022,Clothing,452,441.14,199395.28,789,0,WH-A,2023,5,19,2,456.0,-0.009,0,0
2023-05-21,SKU022,Clothing,423,471.32,199368.36,547,0,WH-C,2023,5,20,2,446.8,-0.053,0,0
2023-05-28,SKU022,Clothing,439,476.61,209231.79,297,0,WH-C,2023,5,21,2,437.0,0.005,0,0
2023-06-04,SKU022,Clothing,444,131.24,58270.56,593,0,WH-A,2023,6,22,2,439.5,0.01,0,0
2023-06-11,SKU022,Clothing,433,387.11,167618.63,461,0,WH-A,2023,6,23,2,434.8,-0.004,0,0
2023-06-18,SKU022,Clothing,418,85.53,35751.54,472,1,WH-B,2023,6,24,2,433.5,-0.036,0,418
2023-06-25,SKU022,Clothing,427,128.74,54971.98,52,0,WH-A,2023,6,25,2,430.5,-0.008,0,0
2023-07-02,SKU022,Clothing,438,159.83,70005.54,191,0,WH-C,2023,7,26,3,429.0,0.021,0,0
2023-07-09,SKU022,Clothing,470,234.83,110370.1,36,0,WH-C,2023,7,27,3,438.2,0.073,1,0
2023-07-16,SKU022,Clothing,445,213.02,94793.9,608,0,WH-C,2023,7,28,3,445.0,0.0,0,0
2023-07-23,SKU022,Clothing,450,214.6,96570.0,755,0,WH-A,2023,7,29,3,450.8,-0.002,0,0
2023-07-30,SKU022,Clothing,446,181.69,81033.74,203,0,WH-B,2023,7,30,3,452.8,-0.015,0,0
2023-08-06,SKU022,Clothing,449,419.95,188557.55,960,0,WH-C,2023,8,31,3,447.5,0.003,0,0
2023-08-13,SKU022,Clothing,434,286.77,124458.18,356,0,WH-A,2023,8,32,3,444.8,-0.024,0,0
2023-08-20,SKU022,Clothing,422,248.54,104883.88,382,1,WH-C,2023,8,33,3,437.8,-0.036,0,422
2023-08-27,SKU022,Clothing,428,47.56,20355.68,666,0,WH-C,2023,8,34,3,433.2,-0.012,0,0
2023-09-03,SKU022,Clothing,351,429.22,150656.22,82,0,WH-A,2023,9,35,3,408.8,-0.141,0,0
2023-09-10,SKU022,Clothing,375,439.61,164853.75,284,0,WH-A,2023,9,36,3,394.0,-0.048,0,0
2023-09-17,SKU022,Clothing,375,68.22,25582.5,814,0,WH-C,2023,9,37,3,382.2,-0.019,0,0
2023-09-24,SKU022,Clothing,336,198.76,66783.36,640,1,WH-C,2023,9,38,3,359.2,-0.065,0,336
2023-10-01,SKU022,Clothing,323,400.39,129325.97,732,1,WH-C,2023,10,39,4,352.2,-0.083,0,323
2023-10-08,SKU022,Clothing,293,496.94,145603.42,818,0,WH-C,2023,10,40,4,331.8,-0.117,0,0
2023-10-15,SKU022,Clothing,251,293.58,73688.58,554,0,WH-A,2023,10,41,4,300.8,-0.166,0,0
2023-10-22,SKU022,Clothing,246,335.2,82459.2,566,0,WH-A,2023,10,42,4,278.2,-0.116,0,0
2023-10-29,SKU022,Clothing,236,482.2,113799.2,579,0,WH-C,2023,10,43,4,256.5,-0.08,0,0
2023-11-05,SKU022,Clothing,269,12.9,3470.1,525,0,WH-A,2023,11,44,4,250.5,0.074,0,0
2023-11-12,SKU022,Clothing,248,78.26,19408.48,761,0,WH-B,2023,11,45,4,249.8,-0.007,0,0
2023-11-19,SKU022,Clothing,239,428.27,102356.53,863,0,WH-A,2023,11,46,4,248.0,-0.036,0,0
2023-11-26,SKU022,Clothing,307,386.76,118735.32,418,0,WH-C,2023,11,47,4,265.8,0.155,0,0
2023-12-03,SKU022,Clothing,312,294.51,91887.12,749,1,WH-A,2023,12,48,4,276.5,0.128,0,312
2023-12-10,SKU022,Clothing,341,395.35,134814.35,81,0,WH-B,2023,12,49,4,299.8,0.137,0,0
2023-12-17,SKU022,Clothing,391,178.69,69867.79,143,0,WH-B,2023,12,50,4,337.8,0.157,0,0
2023-12-24,SKU022,Clothing,388,368.73,143067.24,446,0,WH-A,2023,12,51,4,358.0,0.084,0,0
2023-12-31,SKU022,Clothing,446,188.07,83879.22,442,1,WH-A,2023,12,52,4,391.5,0.139,0,446
2024-01-07,SKU022,Clothing,483,53.99,26077.17,652,0,WH-A,2024,1,1,1,427.0,0.131,0,0
2024-01-14,SKU022,Clothing,529,474.68,251105.72,492,1,WH-B,2024,1,2,1,461.5,0.146,0,529
2024-01-21,SKU022,Clothing,545,251.42,137023.9,167,0,WH-C,2024,1,3,1,500.8,0.088,0,0
2024-01-28,SKU022,Clothing,586,348.74,204361.64,369,0,WH-A,2024,1,4,1,535.8,0.094,0,0
2024-02-04,SKU022,Clothing,583,134.63,78489.29,396,0,WH-A,2024,2,5,1,560.8,0.04,0,0
2024-02-11,SKU022,Clothing,615,143.63,88332.45,68,0,WH-A,2024,2,6,1,582.2,0.056,0,0
2024-02-18,SKU022,Clothing,628,315.56,198171.68,953,0,WH-A,2024,2,7,1,603.0,0.041,0,0
2024-02-25,SKU022,Clothing,659,48.82,32172.38,742,0,WH-B,2024,2,8,1,621.2,0.061,0,0
2024-03-03,SKU022,Clothing,597,314.08,187505.76,568,0,WH-B,2024,3,9,1,624.8,-0.044,0,0
2024-03-10,SKU022,Clothing,630,173.5,109305.0,710,0,WH-A,2024,3,10,1,628.5,0.002,0,0
2024-03-17,SKU022,Clothing,607,30.45,18483.15,166,1,WH-B,2024,3,11,1,623.2,-0.026,0,607
2024-03-24,SKU022,Clothing,628,87.08,54686.24,289,0,WH-B,2024,3,12,1,615.5,0.02,0,0
2024-03-31,SKU022,Clothing,581,394.34,229111.54,755,1,WH-A,2024,3,13,1,611.5,-0.05,0,581
2024-04-07,SKU022,Clothing,557,364.82,203204.74,508,0,WH-B,2024,4,14,2,593.2,-0.061,0,0
2024-04-14,SKU022,Clothing,521,380.91,198454.11,433,0,WH-A,2024,4,15,2,571.8,-0.089,0,0
2024-04-21,SKU022,Clothing,510,26.3,13413.0,609,0,WH-C,2024,4,16,2,542.2,-0.059,0,0
2024-04-28,SKU022,Clothing,467,350.98,163907.66,29,0,WH-C,2024,4,17,2,513.8,-0.091,1,0
2024-05-05,SKU022,Clothing,462,276.2,127604.4,171,0,WH-B,2024,5,18,2,490.0,-0.057,0,0
2024-05-12,SKU022,Clothing,455,304.01,138324.55,924,0,WH-C,2024,5,19,2,473.5,-0.039,0,0
2024-05-19,SKU022,Clothing,414,70.22,29071.08,440,1,WH-B,2024,5,20,2,449.5,-0.079,0,414
2024-05-26,SKU022,Clothing,436,393.82,171705.52,453,0,WH-B,2024,5,21,2,441.8,-0.013,0,0
2024-06-02,SKU022,Clothing,398,452.35,180035.3,166,0,WH-B,2024,6,22,2,425.8,-0.065,0,0
2024-06-09,SKU022,Clothing,445,422.88,188181.6,937,0,WH-C,2024,6,23,2,423.2,0.052,0,0
2024-06-16,SKU022,Clothing,409,222.78,91117.02,940,1,WH-A,2024,6,24,2,422.0,-0.031,0,409
2024-06-23,SKU022,Clothing,443,20.66,9152.38,959,0,WH-B,2024,6,25,2,423.8,0.045,0,0
2024-06-30,SKU022,Clothing,412,239.57,98702.84,1,0,WH-B,2024,6,26,2,427.2,-0.036,1,0
2024-07-07,SKU022,Clothing,472,429.54,202742.88,421,0,WH-B,2024,7,27,3,434.0,0.088,0,0
2024-07-14,SKU022,Clothing,466,372.08,173389.28,74,0,WH-C,2024,7,28,3,448.2,0.04,0,0
2024-07-21,SKU022,Clothing,461,101.51,46796.11,875,0,WH-C,2024,7,29,3,452.8,0.018,0,0
2024-07-28,SKU022,Clothing,474,489.85,232188.9,854,0,WH-A,2024,7,30,3,468.2,0.012,0,0
2024-08-04,SKU022,Clothing,424,158.34,67136.16,950,0,WH-A,2024,8,31,3,456.2,-0.071,0,0
2024-08-11,SKU022,Clothing,440,288.85,127094.0,237,0,WH-C,2024,8,32,3,449.8,-0.022,0,0
2024-08-18,SKU022,Clothing,437,361.42,157940.54,374,1,WH-C,2024,8,33,3,443.8,-0.015,0,437
2024-08-25,SKU022,Clothing,427,240.34,102625.18,214,0,WH-A,2024,8,34,3,432.0,-0.012,0,0
2024-09-01,SKU022,Clothing,427,448.59,191547.93,730,0,WH-C,2024,9,35,3,432.8,-0.013,0,0
2024-09-08,SKU022,Clothing,390,219.87,85749.3,463,0,WH-A,2024,9,36,3,420.2,-0.072,0,0
2024-09-15,SKU022,Clothing,359,394.2,141517.8,694,0,WH-C,2024,9,37,3,400.8,-0.104,0,0
2024-09-22,SKU022,Clothing,323,57.59,18601.57,325,0,WH-A,2024,9,38,3,374.8,-0.138,0,0
2024-09-29,SKU022,Clothing,344,23.91,8225.04,574,0,WH-A,2024,9,39,3,354.0,-0.028,0,0
2024-10-06,SKU022,Clothing,304,211.73,64365.92,892,0,WH-A,2024,10,40,4,332.5,-0.086,0,0
2024-10-13,SKU022,Clothing,267,204.46,54590.82,709,0,WH-B,2024,10,41,4,309.5,-0.137,0,0
2024-10-20,SKU022,Clothing,277,405.73,112387.21,37,0,WH-A,2024,10,42,4,298.0,-0.07,1,0
2024-10-27,SKU022,Clothing,283,121.12,34276.96,38,0,WH-B,2024,10,43,4,282.8,0.001,1,0
2024-11-03,SKU022,Clothing,206,51.77,10664.62,934,0,WH-A,2024,11,44,4,258.2,-0.202,0,0
2024-11-10,SKU022,Clothing,281,136.61,38387.41,146,0,WH-B,2024,11,45,4,261.8,0.073,0,0
2024-11-17,SKU022,Clothing,248,96.4,23907.2,443,0,WH-B,2024,11,46,4,254.5,-0.026,0,0
2024-11-24,SKU022,Clothing,301,356.03,107165.03,439,1,WH-A,2024,11,47,4,259.0,0.162,0,301
2024-12-01,SKU022,Clothing,307,324.56,99639.92,342,0,WH-B,2024,12,48,4,284.2,0.08,0,0
2024-12-08,SKU022,Clothing,348,272.7,94899.6,533,0,WH-C,2024,12,49,4,301.0,0.156,0,0
2024-12-15,SKU022,Clothing,371,395.03,146556.13,116,0,WH-B,2024,12,50,4,331.8,0.118,0,0
2024-12-22,SKU022,Clothing,406,125.23,50843.38,803,0,WH-C,2024,12,51,4,358.0,0.134,0,0
2024-12-29,SKU022,Clothing,450,288.33,129748.5,886,0,WH-A,2024,12,52,4,393.8,0.143,0,0
2022-01-02,SKU023,Clothing,129,67.79,8744.91,989,1,WH-B,2022,1,52,1,129.0,0.0,0,129
2022-01-09,SKU023,Clothing,225,223.29,50240.25,724,1,WH-C,2022,1,1,1,177.0,0.271,0,225
2022-01-16,SKU023,Clothing,222,389.43,86453.46,752,0,WH-C,2022,1,2,1,192.0,0.156,0,0
2022-01-23,SKU023,Clothing,278,345.49,96046.22,126,1,WH-B,2022,1,3,1,213.5,0.302,0,278
2022-01-30,SKU023,Clothing,269,25.98,6988.62,913,0,WH-A,2022,1,4,1,248.5,0.082,0,0
2022-02-06,SKU023,Clothing,242,381.77,92388.34,554,0,WH-B,2022,2,5,1,252.8,-0.043,0,0
2022-02-13,SKU023,Clothing,278,124.2,34527.6,84,0,WH-A,2022,2,6,1,266.8,0.042,0,0
2022-02-20,SKU023,Clothing,245,376.84,92325.8,8,0,WH-A,2022,2,7,1,258.5,-0.052,1,0
2022-02-27,SKU023,Clothing,246,288.45,70958.7,181,0,WH-A,2022,2,8,1,252.8,-0.027,0,0
2022-03-06,SKU023,Clothing,274,246.11,67434.14,106,0,WH-A,2022,3,9,1,260.8,0.051,0,0
2022-03-13,SKU023,Clothing,257,383.09,98454.13,422,0,WH-A,2022,3,10,1,255.5,0.006,0,0
2022-03-20,SKU023,Clothing,257,188.7,48495.9,467,0,WH-B,2022,3,11,1,258.5,-0.006,0,0
2022-03-27,SKU023,Clothing,241,453.39,109266.99,944,0,WH-A,2022,3,12,1,257.2,-0.063,0,0
2022-04-03,SKU023,Clothing,230,351.22,80780.6,566,0,WH-B,2022,4,13,2,246.2,-0.066,0,0
2022-04-10,SKU023,Clothing,228,228.55,52109.4,85,0,WH-A,2022,4,14,2,239.0,-0.046,0,0
2022-04-17,SKU023,Clothing,201,204.07,41018.07,60,1,WH-B,2022,4,15,2,225.0,-0.107,0,201
2022-04-24,SKU023,Clothing,216,243.26,52544.16,387,0,WH-C,2022,4,16,2,218.8,-0.013,0,0
2022-05-01,SKU023,Clothing,191,357.29,68242.39,995,0,WH-B,2022,5,17,2,209.0,-0.086,0,0
2022-05-08,SKU023,Clothing,233,344.42,80249.86,637,0,WH-C,2022,5,18,2,210.2,0.108,0,0
2022-05-15,SKU023,Clothing,190,371.97,70674.3,912,0,WH-C,2022,5,19,2,207.5,-0.084,0,0
2022-05-22,SKU023,Clothing,190,461.36,87658.4,493,0,WH-B,2022,5,20,2,201.0,-0.055,0,0
2022-05-29,SKU023,Clothing,202,460.81,93083.62,664,1,WH-C,2022,5,21,2,203.8,-0.009,0,202
2022-06-05,SKU023,Clothing,185,430.85,79707.25,945,1,WH-C,2022,6,22,2,191.8,-0.035,0,185
2022-06-12,SKU023,Clothing,177,121.27,21464.79,485,0,WH-B,2022,6,23,2,188.5,-0.061,0,0
2022-06-19,SKU023,Clothing,203,116.43,23635.29,255,0,WH-A,2022,6,24,2,191.8,0.058,0,0
2022-06-26,SKU023,Clothing,174,264.39,46003.86,448,0,WH-C,2022,6,25,2,184.8,-0.058,0,0
2022-07-03,SKU023,Clothing,198,203.15,40223.7,939,0,WH-C,2022,7,26,3,188.0,0.053,0,0
2022-07-10,SKU023,Clothing,179,75.2,13460.8,407,0,WH-C,2022,7,27,3,188.5,-0.05,0,0
2022-07-17,SKU023,Clothing,175,81.51,14264.25,539,0,WH-C,2022,7,28,3,181.5,-0.036,0,0
2022-07-24,SKU023,Clothing,219,70.39,15415.41,0,0,WH-C,2022,7,29,3,192.8,0.136,1,0
2022-07-31,SKU023,Clothing,187,499.73,93449.51,427,0,WH-A,2022,7,30,3,190.0,-0.016,0,0
2022-08-07,SKU023,Clothing,193,475.91,91850.63,626,0,WH-C,2022,8,31,3,193.5,-0.003,0,0
2022-08-14,SKU023,Clothing,192,187.71,36040.32,338,0,WH-B,2022,8,32,3,197.8,-0.029,0,0
2022-08-21,SKU023,Clothing,189,98.43,18603.27,305,0,WH-B,2022,8,33,3,190.2,-0.006,0,0
2022-08-28,SKU023,Clothing,207,493.31,102115.17,961,1,WH-C,2022,8,34,3,195.2,0.06,0,207
2022-09-04,SKU023,Clothing,176,264.39,46532.64,517,0,WH-A,2022,9,35,3,191.0,-0.079,0,0
2022-09-11,SKU023,Clothing,172,424.02,72931.44,531,0,WH-B,2022,9,36,3,186.0,-0.075,0,0
2022-09-18,SKU023,Clothing,160,273.74,43798.4,371,0,WH-C,2022,9,37,3,178.8,-0.105,0,0
2022-09-25,SKU023,Clothing,115,304.42,35008.3,429,0,WH-B,2022,9,38,3,155.8,-0.262,0,0
2022-10-02,SKU023,Clothing,112,159.0,17808.0,947,1,WH-B,2022,10,39,4,139.8,-0.199,0,112
2022-10-09,SKU023,Clothing,92,258.26,23759.92,640,0,WH-C,2022,10,40,4,119.8,-0.232,0,0
2022-10-16,SKU023,Clothing,93,140.67,13082.31,478,0,WH-B,2022,10,41,4,103.0,-0.097,0,0
2022-10-23,SKU023,Clothing,128,185.73,23773.44,597,0,WH-A,2022,10,42,4,106.2,0.205,0,0
2022-10-30,SKU023,Clothing,117,494.73,57883.41,282,0,WH-A,2022,10,43,4,107.5,0.088,0,0
2022-11-06,SKU023,Clothing,104,357.26,37155.04,950,0,WH-B,2022,11,44,4,110.5,-0.059,0,0
2022-11-13,SKU023,Clothing,123,81.96,10081.08,460,0,WH-B,2022,11,45,4,118.0,0.042,0,0
2022-11-20,SKU023,Clothing,124,468.13,58048.12,694,0,WH-C,2022,11,46,4,117.0,0.06,0,0
2022-11-27,SKU023,Clothing,103,325.22,33497.66,597,0,WH-B,2022,11,47,4,113.5,-0.093,0,0
2022-12-04,SKU023,Clothing,174,218.94,38095.56,31,0,WH-B,2022,12,48,4,131.0,0.328,1,0
2022-12-11,SKU023,Clothing,112,238.82,26747.84,401,0,WH-B,2022,12,49,4,128.2,-0.126,0,0
2022-12-18,SKU023,Clothing,168,420.49,70642.32,400,0,WH-B,2022,12,50,4,139.2,0.207,0,0
2022-12-25,SKU023,Clothing,187,21.56,4031.72,110,0,WH-A,2022,12,51,4,160.2,0.167,0,0
2023-01-01,SKU023,Clothing,221,385.59,85215.39,753,0,WH-B,2023,1,52,1,172.0,0.285,0,0
2023-01-08,SKU023,Clothing,208,238.6,49628.8,603,1,WH-C,2023,1,1,1,196.0,0.061,0,208
2023-01-15,SKU023,Clothing,226,218.22,49317.72,818,0,WH-B,2023,1,2,1,210.5,0.074,0,0
2023-01-22,SKU023,Clothing,243,247.01,60023.43,426,0,WH-A,2023,1,3,1,224.5,0.082,0,0
2023-01-29,SKU023,Clothing,278,477.82,132833.96,880,0,WH-B,2023,1,4,1,238.8,0.164,0,0
2023-02-05,SKU023,Clothing,260,435.98,113354.8,31,1,WH-B,2023,2,5,1,251.8,0.033,1,260
2023-02-12,SKU023,Clothing,277,335.08,92817.16,399,0,WH-A,2023,2,6,1,264.5,0.047,0,0
2023-02-19,SKU023,Clothing,234,299.63,70113.42,967,0,WH-A,2023,2,7,1,262.2,-0.108,0,0
2023-02-26,SKU023,Clothing,268,340.73,91315.64,832,1,WH-A,2023,2,8,1,259.8,0.032,0,268
2023-03-05,SKU023,Clothing,331,292.69,96880.39,645,0,WH-B,2023,3,9,1,277.5,0.193,0,0
2023-03-12,SKU023,Clothing,290,107.52,31180.8,184,1,WH-C,2023,3,10,1,280.8,0.033,0,290
2023-03-19,SKU023,Clothing,289,440.41,127278.49,693,0,WH-A,2023,3,11,1,294.5,-0.019,0,0
2023-03-26,SKU023,Clothing,246,261.67,64370.82,836,0,WH-C,2023,3,12,1,289.0,-0.149,0,0
2023-04-02,SKU023,Clothing,266,139.6,37133.6,632,0,WH-C,2023,4,13,2,272.8,-0.025,0,0
2023-04-09,SKU023,Clothing,295,362.88,107049.6,406,0,WH-B,2023,4,14,2,274.0,0.077,0,0
2023-04-16,SKU023,Clothing,247,255.26,63049.22,923,0,WH-A,2023,4,15,2,263.5,-0.063,0,0
2023-04-23,SKU023,Clothing,251,410.67,103078.17,647,1,WH-A,2023,4,16,2,264.8,-0.052,0,251
2023-04-30,SKU023,Clothing,211,67.31,14202.41,784,0,WH-A,2023,4,17,2,251.0,-0.159,0,0
2023-05-07,SKU023,Clothing,200,349.12,69824.0,501,0,WH-A,2023,5,18,2,227.2,-0.12,0,0
2023-05-14,SKU023,Clothing,212,295.02,62544.24,944,0,WH-B,2023,5,19,2,218.5,-0.03,0,0
2023-05-21,SKU023,Clothing,247,488.35,120622.45,810,1,WH-C,2023,5,20,2,217.5,0.136,0,247
2023-05-28,SKU023,Clothing,201,491.44,98779.44,730,0,WH-A,2023,5,21,2,215.0,-0.065,0,0
2023-06-04,SKU023,Clothing,220,412.9,90838.0,487,0,WH-C,2023,6,22,2,220.0,0.0,0,0
2023-06-11,SKU023,Clothing,196,346.59,67931.64,876,0,WH-C,2023,6,23,2,216.0,-0.093,0,0
2023-06-18,SKU023,Clothing,173,21.69,3752.37,42,1,WH-C,2023,6,24,2,197.5,-0.124,1,173
2023-06-25,SKU023,Clothing,196,246.57,48327.72,676,0,WH-C,2023,6,25,2,196.2,-0.001,0,0
2023-07-02,SKU023,Clothing,237,215.74,51130.38,744,0,WH-B,2023,7,26,3,200.5,0.182,0,0
2023-07-09,SKU023,Clothing,170,54.44,9254.8,421,0,WH-A,2023,7,27,3,194.0,-0.124,0,0
2023-07-16,SKU023,Clothing,190,415.76,78994.4,162,0,WH-B,2023,7,28,3,198.2,-0.041,0,0
2023-07-23,SKU023,Clothing,206,20.37,4196.22,720,1,WH-A,2023,7,29,3,200.8,0.026,0,206
2023-07-30,SKU023,Clothing,174,343.5,59769.0,13,0,WH-A,2023,7,30,3,185.0,-0.059,1,0
2023-08-06,SKU023,Clothing,219,135.66,29709.54,523,1,WH-C,2023,8,31,3,197.2,0.111,0,219
2023-08-13,SKU023,Clothing,219,323.73,70896.87,601,0,WH-B,2023,8,32,3,204.5,0.071,0,0
2023-08-20,SKU023,Clothing,181,304.82,55172.42,340,0,WH-B,2023,8,33,3,198.2,-0.087,0,0
2023-08-27,SKU023,Clothing,205,385.54,79035.7,860,0,WH-B,2023,8,34,3,206.0,-0.005,0,0
2023-09-03,SKU023,Clothing,196,100.52,19701.92,772,0,WH-A,2023,9,35,3,200.2,-0.021,0,0
2023-09-10,SKU023,Clothing,199,493.04,98114.96,167,0,WH-C,2023,9,36,3,195.2,0.019,0,0
2023-09-17,SKU023,Clothing,124,482.53,59833.72,972,1,WH-B,2023,9,37,3,181.0,-0.315,0,124
2023-09-24,SKU023,Clothing,150,113.37,17005.5,46,0,WH-C,2023,9,38,3,167.2,-0.103,1,0
2023-10-01,SKU023,Clothing,113,260.05,29385.65,846,0,WH-C,2023,10,39,4,146.5,-0.229,0,0
2023-10-08,SKU023,Clothing,123,45.81,5634.63,651,0,WH-A,2023,10,40,4,127.5,-0.035,0,0
2023-10-15,SKU023,Clothing,137,308.34,42242.58,226,0,WH-A,2023,10,41,4,130.8,0.047,0,0
2023-10-22,SKU023,Clothing,121,197.19,23859.99,190,0,WH-B,2023,10,42,4,123.5,-0.02,0,0
2023-10-29,SKU023,Clothing,95,142.22,13510.9,474,0,WH-B,2023,10,43,4,119.0,-0.202,0,0
2023-11-05,SKU023,Clothing,136,335.72,45657.92,436,0,WH-C,2023,11,44,4,122.2,0.113,0,0
2023-11-12,SKU023,Clothing,102,125.96,12847.92,720,0,WH-B,2023,11,45,4,113.5,-0.101,0,0
2023-11-19,SKU023,Clothing,111,216.16,23993.76,664,0,WH-A,2023,11,46,4,111.0,0.0,0,0
2023-11-26,SKU023,Clothing,91,404.15,36777.65,174,1,WH-A,2023,11,47,4,110.0,-0.173,0,91
2023-12-03,SKU023,Clothing,102,114.19,11647.38,296,0,WH-C,2023,12,48,4,101.5,0.005,0,0
2023-12-10,SKU023,Clothing,137,165.76,22709.12,234,0,WH-C,2023,12,49,4,110.2,0.243,0,0
2023-12-17,SKU023,Clothing,139,457.57,63602.23,245,0,WH-B,2023,12,50,4,117.2,0.186,0,0
2023-12-24,SKU023,Clothing,203,241.48,49020.44,812,0,WH-A,2023,12,51,4,145.2,0.398,0,0
2023-12-31,SKU023,Clothing,214,182.97,39155.58,4,0,WH-C,2023,12,52,4,173.2,0.236,1,0
2024-01-07,SKU023,Clothing,225,264.39,59487.75,656,0,WH-A,2024,1,1,1,195.2,0.153,0,0
2024-01-14,SKU023,Clothing,184,51.0,9384.0,107,0,WH-A,2024,1,2,1,206.5,-0.109,0,0
2024-01-21,SKU023,Clothing,271,147.89,40078.19,243,0,WH-A,2024,1,3,1,223.5,0.213,0,0
2024-01-28,SKU023,Clothing,254,82.85,21043.9,142,0,WH-C,2024,1,4,1,233.5,0.088,0,0
2024-02-04,SKU023,Clothing,266,53.62,14262.92,733,1,WH-C,2024,2,5,1,243.8,0.091,0,266
2024-02-11,SKU023,Clothing,269,487.96,131261.24,904,0,WH-A,2024,2,6,1,265.0,0.015,0,0
2024-02-18,SKU023,Clothing,284,206.89,58756.76,212,0,WH-C,2024,2,7,1,268.2,0.059,0,0
2024-02-25,SKU023,Clothing,266,370.58,98574.28,561,0,WH-C,2024,2,8,1,271.2,-0.019,0,0
2024-03-03,SKU023,Clothing,291,276.74,80531.34,612,1,WH-C,2024,3,9,1,277.5,0.049,0,291
2024-03-10,SKU023,Clothing,291,362.9,105603.9,828,0,WH-B,2024,3,10,1,283.0,0.028,0,0
2024-03-17,SKU023,Clothing,251,444.33,111526.83,766,0,WH-C,2024,3,11,1,274.8,-0.087,0,0
2024-03-24,SKU023,Clothing,251,137.85,34600.35,953,0,WH-B,2024,3,12,1,271.0,-0.074,0,0
2024-03-31,SKU023,Clothing,252,115.54,29116.08,770,0,WH-A,2024,3,13,1,261.2,-0.035,0,0
2024-04-07,SKU023,Clothing,227,380.29,86325.83,954,0,WH-C,2024,4,14,2,245.2,-0.074,0,0
2024-04-14,SKU023,Clothing,221,311.98,68947.58,977,0,WH-C,2024,4,15,2,237.8,-0.071,0,0
2024-04-21,SKU023,Clothing,239,260.83,62338.37,346,0,WH-B,2024,4,16,2,234.8,0.018,0,0
2024-04-28,SKU023,Clothing,230,320.15,73634.5,940,0,WH-C,2024,4,17,2,229.2,0.003,0,0
2024-05-05,SKU023,Clothing,233,304.13,70862.29,68,0,WH-B,2024,5,18,2,230.8,0.01,0,0
2024-05-12,SKU023,Clothing,233,54.74,12754.42,168,0,WH-B,2024,5,19,2,233.8,-0.003,0,0
2024-05-19,SKU023,Clothing,158,310.09,48994.22,407,0,WH-C,2024,5,20,2,213.5,-0.26,0,0
2024-05-26,SKU023,Clothing,188,18.39,3457.32,726,0,WH-B,2024,5,21,2,203.0,-0.074,0,0
2024-06-02,SKU023,Clothing,166,232.08,38525.28,306,0,WH-C,2024,6,22,2,186.2,-0.108,0,0
2024-06-09,SKU023,Clothing,202,59.65,12049.3,151,0,WH-C,2024,6,23,2,178.5,0.132,0,0
2024-06-16,SKU023,Clothing,182,152.74,27798.68,174,0,WH-B,2024,6,24,2,184.5,-0.014,0,0
2024-06-23,SKU023,Clothing,210,188.22,39526.2,731,0,WH-B,2024,6,25,2,190.0,0.105,0,0
2024-06-30,SKU023,Clothing,191,137.22,26209.02,739,0,WH-C,2024,6,26,2,196.2,-0.027,0,0
2024-07-07,SKU023,Clothing,183,312.17,57127.11,396,0,WH-C,2024,7,27,3,191.5,-0.044,0,0
2024-07-14,SKU023,Clothing,196,494.71,96963.16,20,0,WH-C,2024,7,28,3,195.0,0.005,1,0
2024-07-21,SKU023,Clothing,236,250.85,59200.6,332,0,WH-C,2024,7,29,3,201.5,0.171,0,0
2024-07-28,SKU023,Clothing,157,351.09,55121.13,501,0,WH-C,2024,7,30,3,193.0,-0.187,0,0
2024-08-04,SKU023,Clothing,197,270.73,53333.81,801,0,WH-A,2024,8,31,3,196.5,0.003,0,0
2024-08-11,SKU023,Clothing,222,140.41,31171.02,726,0,WH-C,2024,8,32,3,203.0,0.094,0,0
2024-08-18,SKU023,Clothing,192,247.1,47443.2,208,0,WH-A,2024,8,33,3,192.0,0.0,0,0
2024-08-25,SKU023,Clothing,210,58.96,12381.6,455,0,WH-B,2024,8,34,3,205.2,0.023,0,0
2024-09-01,SKU023,Clothing,176,407.16,71660.16,328,0,WH-B,2024,9,35,3,200.0,-0.12,0,0
2024-09-08,SKU023,Clothing,168,212.77,35745.36,200,1,WH-B,2024,9,36,3,186.5,-0.099,0,168
2024-09-15,SKU023,Clothing,173,55.35,9575.55,847,0,WH-B,2024,9,37,3,181.8,-0.048,0,0
2024-09-22,SKU023,Clothing,142,271.66,38575.72,619,1,WH-B,2024,9,38,3,164.8,-0.138,0,142
2024-09-29,SKU023,Clothing,120,205.56,24667.2,37,0,WH-B,2024,9,39,3,150.8,-0.204,1,0
2024-10-06,SKU023,Clothing,105,106.6,11193.0,90,1,WH-C,2024,10,40,4,135.0,-0.222,0,105
2024-10-13,SKU023,Clothing,128,24.19,3096.32,758,0,WH-C,2024,10,41,4,123.8,0.034,0,0
2024-10-20,SKU023,Clothing,196,376.63,73819.48,388,1,WH-C,2024,10,42,4,137.2,0.429,0,196
2024-10-27,SKU023,Clothing,88,364.62,32086.56,860,0,WH-B,2024,10,43,4,129.2,-0.319,0,0
2024-11-03,SKU023,Clothing,101,269.2,27189.2,380,0,WH-A,2024,11,44,4,128.2,-0.212,0,0
2024-11-10,SKU023,Clothing,93,379.37,35281.41,57,1,WH-C,2024,11,45,4,119.5,-0.222,0,93
2024-11-17,SKU023,Clothing,110,92.3,10153.0,857,0,WH-A,2024,11,46,4,98.0,0.122,0,0
2024-11-24,SKU023,Clothing,119,440.99,52477.81,717,0,WH-C,2024,11,47,4,105.8,0.125,0,0
2024-12-01,SKU023,Clothing,165,322.17,53158.05,702,1,WH-A,2024,12,48,4,121.8,0.355,0,165
2024-12-08,SKU023,Clothing,126,148.55,18717.3,618,0,WH-B,2024,12,49,4,130.0,-0.031,0,0
2024-12-15,SKU023,Clothing,181,414.27,74982.87,847,0,WH-B,2024,12,50,4,147.8,0.225,0,0
2024-12-22,SKU023,Clothing,169,393.08,66430.52,913,0,WH-B,2024,12,51,4,160.2,0.055,0,0
2024-12-29,SKU023,Clothing,191,358.35,68444.85,172,0,WH-C,2024,12,52,4,166.8,0.145,0,0
2022-01-02,SKU024,Clothing,279,456.74,127430.46,830,0,WH-C,2022,1,52,1,279.0,0.0,0,0
2022-01-09,SKU024,Clothing,289,159.84,46193.76,480,1,WH-C,2022,1,1,1,284.0,0.018,0,289
2022-01-16,SKU024,Clothing,277,77.35,21425.95,158,0,WH-B,2022,1,2,1,281.7,-0.017,0,0
2022-01-23,SKU024,Clothing,327,331.25,108318.75,39,0,WH-C,2022,1,3,1,293.0,0.116,1,0
2022-01-30,SKU024,Clothing,335,54.66,18311.1,660,0,WH-B,2022,1,4,1,307.0,0.091,0,0
2022-02-06,SKU024,Clothing,362,61.48,22255.76,326,0,WH-A,2022,2,5,1,325.2,0.113,0,0
2022-02-13,SKU024,Clothing,380,433.13,164589.4,953,1,WH-B,2022,2,6,1,351.0,0.083,0,380
2022-02-20,SKU024,Clothing,389,411.21,159960.69,396,0,WH-A,2022,2,7,1,366.5,0.061,0,0
2022-02-27,SKU024,Clothing,381,104.32,39745.92,924,0,WH-C,2022,2,8,1,378.0,0.008,0,0
2022-03-06,SKU024,Clothing,430,90.38,38863.4,4,0,WH-B,2022,3,9,1,395.0,0.089,1,0
2022-03-13,SKU024,Clothing,344,138.82,47754.08,65,0,WH-C,2022,3,10,1,386.0,-0.109,0,0
2022-03-20,SKU024,Clothing,344,398.56,137104.64,946,0,WH-B,2022,3,11,1,374.8,-0.082,0,0
2022-03-27,SKU024,Clothing,344,205.98,70857.12,95,0,WH-B,2022,3,12,1,365.5,-0.059,0,0
2022-04-03,SKU024,Clothing,341,250.96,85577.36,505,1,WH-C,2022,4,13,2,343.2,-0.006,0,341
2022-04-10,SKU024,Clothing,327,499.47,163326.69,852,0,WH-A,2022,4,14,2,339.0,-0.035,0,0
2022-04-17,SKU024,Clothing,348,489.29,170272.92,22,0,WH-B,2022,4,15,2,340.0,0.024,1,0
2022-04-24,SKU024,Clothing,356,248.81,88576.36,315,1,WH-C,2022,4,16,2,343.0,0.038,0,356
2022-05-01,SKU024,Clothing,267,397.3,106079.1,512,0,WH-A,2022,5,17,2,324.5,-0.177,0,0
2022-05-08,SKU024,Clothing,308,217.54,67002.32,908,1,WH-B,2022,5,18,2,319.8,-0.037,0,308
2022-05-15,SKU024,Clothing,261,167.43,43699.23,203,0,WH-A,2022,5,19,2,298.0,-0.124,0,0
2022-05-22,SKU024,Clothing,253,153.35,38797.55,798,0,WH-A,2022,5,20,2,272.2,-0.071,0,0
2022-05-29,SKU024,Clothing,236,313.15,73903.4,413,0,WH-A,2022,5,21,2,264.5,-0.108,0,0
2022-06-05,SKU024,Clothing,234,130.56,30551.04,403,0,WH-C,2022,6,22,2,246.0,-0.049,0,0
2022-06-12,SKU024,Clothing,244,258.04,62961.76,269,0,WH-B,2022,6,23,2,241.8,0.009,0,0
2022-06-19,SKU024,Clothing,254,19.8,5029.2,322,1,WH-B,2022,6,24,2,242.0,0.05,0,254
2022-06-26,SKU024,Clothing,218,262.59,57244.62,171,0,WH-A,2022,6,25,2,237.5,-0.082,0,0
2022-07-03,SKU024,Clothing,257,78.96,20292.72,855,0,WH-C,2022,7,26,3,243.2,0.057,0,0
2022-07-10,SKU024,Clothing,268,57.36,15372.48,171,0,WH-B,2022,7,27,3,249.2,0.075,0,0
2022-07-17,SKU024,Clothing,300,341.01,102303.0,597,1,WH-B,2022,7,28,3,260.8,0.15,0,300
2022-07-24,SKU024,Clothing,257,138.71,35648.47,410,0,WH-B,2022,7,29,3,270.5,-0.05,0,0
2022-07-31,SKU024,Clothing,286,124.23,35529.78,115,0,WH-A,2022,7,30,3,277.8,0.03,0,0
2022-08-07,SKU024,Clothing,329,89.88,29570.52,425,1,WH-B,2022,8,31,3,293.0,0.123,0,329
2022-08-14,SKU024,Clothing,274,427.13,117033.62,961,0,WH-B,2022,8,32,3,286.5,-0.044,0,0
2022-08-21,SKU024,Clothing,227,265.485,60265.1,786,0,WH-A,2022,8,33,3,279.0,-0.186,0,0
2022-08-28,SKU024,Clothing,230,204.69,47078.7,971,1,WH-B,2022,8,34,3,265.0,-0.132,0,230
2022-09-04,SKU024,Clothing,258,253.17,65317.86,347,0,WH-A,2022,9,35,3,247.2,0.044,0,0
2022-09-11,SKU024,Clothing,255,48.03,12247.65,815,1,WH-A,2022,9,36,3,242.5,0.052,0,255
2022-09-18,SKU024,Clothing,212,439.88,93254.56,642,0,WH-C,2022,9,37,3,238.8,-0.112,0,0
2022-09-25,SKU024,Clothing,167,371.67,62068.89,610,0,WH-B,2022,9,38,3,223.0,-0.251,0,0
2022-10-02,SKU024,Clothing,204,350.73,71548.92,137,0,WH-C,2022,10,39,4,209.5,-0.026,0,0
2022-10-09,SKU024,Clothing,169,402.35,67997.15,656,0,WH-C,2022,10,40,4,188.0,-0.101,0,0
2022-10-16,SKU024,Clothing,200,423.58,84716.0,257,0,WH-C,2022,10,41,4,185.0,0.081,0,0
2022-10-23,SKU024,Clothing,148,15.05,2227.4,807,0,WH-B,2022,10,42,4,180.2,-0.179,0,0
2022-10-30,SKU024,Clothing,159,157.43,25031.37,897,0,WH-B,2022,10,43,4,169.0,-0.059,0,0
2022-11-06,SKU024,Clothing,176,486.11,85555.36,943,1,WH-A,2022,11,44,4,170.8,0.03,0,176
2022-11-13,SKU024,Clothing,189,64.87,12260.43,897,0,WH-C,2022,11,45,4,168.0,0.125,0,0
2022-11-20,SKU024,Clothing,136,390.12,53056.32,572,0,WH-C,2022,11,46,4,165.0,-0.176,0,0
2022-11-27,SKU024,Clothing,194,380.22,73762.68,151,0,WH-A,2022,11,47,4,173.8,0.116,0,0
2022-12-04,SKU024,Clothing,174,136.89,23818.86,176,0,WH-C,2022,12,48,4,173.2,0.005,0,0
2022-12-11,SKU024,Clothing,217,32.18,6983.06,458,0,WH-B,2022,12,49,4,180.2,0.204,0,0
2022-12-18,SKU024,Clothing,273,375.65,102552.45,922,0,WH-B,2022,12,50,4,214.5,0.273,0,0
2022-12-25,SKU024,Clothing,265,120.7,31985.5,757,0,WH-C,2022,12,51,4,232.2,0.141,0,0
2023-01-01,SKU024,Clothing,235,109.59,25753.65,931,0,WH-C,2023,1,52,1,247.5,-0.051,0,0
2023-01-08,SKU024,Clothing,279,480.87,134162.73,291,0,WH-C,2023,1,1,1,263.0,0.061,0,0
2023-01-15,SKU024,Clothing,350,202.3,70805.0,829,0,WH-C,2023,1,2,1,282.2,0.24,0,0
2023-01-22,SKU024,Clothing,345,198.57,68506.65,23,0,WH-B,2023,1,3,1,302.2,0.142,1,0
2023-01-29,SKU024,Clothing,359,476.83,171181.97,152,0,WH-C,2023,1,4,1,333.2,0.077,0,0
2023-02-05,SKU024,Clothing,349,21.26,7419.74,659,0,WH-C,2023,2,5,1,350.8,-0.005,0,0
2023-02-12,SKU024,Clothing,380,127.62,48495.6,52,1,WH-C,2023,2,6,1,358.2,0.061,0,380
2023-02-19,SKU024,Clothing,391,53.07,20750.37,219,0,WH-B,2023,2,7,1,369.8,0.057,0,0
2023-02-26,SKU024,Clothing,392,380.46,149140.32,791,0,WH-C,2023,2,8,1,378.0,0.037,0,0
2023-03-05,SKU024,Clothing,393,51.85,20377.05,134,0,WH-A,2023,3,9,1,389.0,0.01,0,0
2023-03-12,SKU024,Clothing,395,468.95,185235.25,547,1,WH-A,2023,3,10,1,392.8,0.006,0,395
2023-03-19,SKU024,Clothing,372,373.27,138856.44,972,1,WH-C,2023,3,11,1,388.0,-0.041,0,372
2023-03-26,SKU024,Clothing,388,345.95,134228.6,680,0,WH-A,2023,3,12,1,387.0,0.003,0,0
2023-04-02,SKU024,Clothing,365,349.83,127687.95,933,0,WH-A,2023,4,13,2,380.0,-0.039,0,0
2023-04-09,SKU024,Clothing,350,293.37,102679.5,617,0,WH-B,2023,4,14,2,368.8,-0.051,0,0
2023-04-16,SKU024,Clothing,315,387.18,121961.7,167,0,WH-A,2023,4,15,2,354.5,-0.111,0,0
2023-04-23,SKU024,Clothing,320,346.75,110960.0,654,1,WH-B,2023,4,16,2,337.5,-0.052,0,320
2023-04-30,SKU024,Clothing,330,140.9,46497.0,581,0,WH-B,2023,4,17,2,328.8,0.004,0,0
2023-05-07,SKU024,Clothing,286,117.16,33507.76,407,0,WH-B,2023,5,18,2,312.8,-0.086,0,0
2023-05-14,SKU024,Clothing,278,311.29,86538.62,571,1,WH-B,2023,5,19,2,303.5,-0.084,0,278
2023-05-21,SKU024,Clothing,305,292.75,89288.75,11,0,WH-C,2023,5,20,2,299.8,0.017,1,0
2023-05-28,SKU024,Clothing,261,329.12,85900.32,640,0,WH-C,2023,5,21,2,282.5,-0.076,0,0
2023-06-04,SKU024,Clothing,272,319.52,86909.44,694,0,WH-B,2023,6,22,2,279.0,-0.025,0,0
2023-06-11,SKU024,Clothing,238,199.91,47578.58,750,0,WH-B,2023,6,23,2,269.0,-0.115,0,0
2023-06-18,SKU024,Clothing,251,95.38,23940.38,602,0,WH-A,2023,6,24,2,255.5,-0.018,0,0
2023-06-25,SKU024,Clothing,300,77.61,23283.0,171,0,WH-B,2023,6,25,2,265.2,0.131,0,0
2023-07-02,SKU024,Clothing,252,372.35,93832.2,464,0,WH-B,2023,7,26,3,260.2,-0.032,0,0
2023-07-09,SKU024,Clothing,257,321.08,82517.56,540,1,WH-A,2023,7,27,3,265.0,-0.03,0,257
2023-07-16,SKU024,Clothing,316,416.17,131509.72,153,0,WH-B,2023,7,28,3,281.2,0.124,0,0
2023-07-23,SKU024,Clothing,265,303.51,80430.15,889,0,WH-B,2023,7,29,3,272.5,-0.028,0,0
2023-07-30,SKU024,Clothing,268,478.85,128331.8,781,0,WH-C,2023,7,30,3,276.5,-0.031,0,0
2023-08-06,SKU024,Clothing,302,162.63,49114.26,4,0,WH-C,2023,8,31,3,287.8,0.049,1,0
2023-08-13,SKU024,Clothing,270,397.73,107387.1,830,0,WH-A,2023,8,32,3,276.2,-0.022,0,0
2023-08-20,SKU024,Clothing,292,343.89,100415.88,814,1,WH-A,2023,8,33,3,283.0,0.032,0,292
2023-08-27,SKU024,Clothing,284,472.38,134155.92,805,0,WH-A,2023,8,34,3,287.0,-0.01,0,0
2023-09-03,SKU024,Clothing,242,486.71,117783.82,776,0,WH-B,2023,9,35,3,272.0,-0.11,0,0
2023-09-10,SKU024,Clothing,242,179.03,43325.26,823,0,WH-B,2023,9,36,3,265.0,-0.087,0,0
2023-09-17,SKU024,Clothing,204,350.95,71593.8,414,1,WH-B,2023,9,37,3,243.0,-0.16,0,204
2023-09-24,SKU024,Clothing,219,468.82,102671.58,656,0,WH-A,2023,9,38,3,226.8,-0.034,0,0
2023-10-01,SKU024,Clothing,219,405.76,88861.44,261,0,WH-A,2023,10,39,4,221.0,-0.009,0,0
2023-10-08,SKU024,Clothing,205,302.17,61944.85,533,0,WH-A,2023,10,40,4,211.8,-0.032,0,0
2023-10-15,SKU024,Clothing,197,145.27,28618.19,951,0,WH-A,2023,10,41,4,210.0,-0.062,0,0
2023-10-22,SKU024,Clothing,148,358.12,53001.76,535,0,WH-C,2023,10,42,4,192.2,-0.23,0,0
2023-10-29,SKU024,Clothing,192,291.73,56012.16,916,1,WH-A,2023,10,43,4,185.5,0.035,0,192
2023-11-05,SKU024,Clothing,149,262.2,39067.8,728,1,WH-C,2023,11,44,4,171.5,-0.131,0,149
2023-11-12,SKU024,Clothing,186,217.42,40440.12,72,0,WH-A,2023,11,45,4,168.8,0.102,0,0
2023-11-19,SKU024,Clothing,179,353.14,63212.06,444,0,WH-A,2023,11,46,4,176.5,0.014,0,0
2023-11-26,SKU024,Clothing,180,394.2,70956.0,512,1,WH-B,2023,11,47,4,173.5,0.037,0,180
2023-12-03,SKU024,Clothing,193,207.52,40051.36,736,0,WH-A,2023,12,48,4,184.5,0.046,0,0
2023-12-10,SKU024,Clothing,208,313.43,65193.44,75,0,WH-A,2023,12,49,4,190.0,0.095,0,0
2023-12-17,SKU024,Clothing,258,491.53,126814.74,561,0,WH-A,2023,12,50,4,209.8,0.23,0,0
2023-12-24,SKU024,Clothing,264,385.24,101703.36,835,0,WH-B,2023,12,51,4,230.8,0.144,0,0
2023-12-31,SKU024,Clothing,304,89.18,27110.72,536,0,WH-B,2023,12,52,4,258.5,0.176,0,0
2024-01-07,SKU024,Clothing,308,84.47,26016.76,961,0,WH-B,2024,1,1,1,283.5,0.086,0,0
2024-01-14,SKU024,Clothing,332,380.37,126282.84,57,1,WH-B,2024,1,2,1,302.0,0.099,0,332
2024-01-21,SKU024,Clothing,331,68.54,22686.74,160,0,WH-B,2024,1,3,1,318.8,0.038,0,0
2024-01-28,SKU024,Clothing,378,360.34,136208.52,553,0,WH-B,2024,1,4,1,337.2,0.121,0,0
2024-02-04,SKU024,Clothing,425,438.66,186430.5,886,0,WH-B,2024,2,5,1,366.5,0.16,0,0
2024-02-11,SKU024,Clothing,391,208.42,81492.22,955,0,WH-C,2024,2,6,1,381.2,0.026,0,0
2024-02-18,SKU024,Clothing,402,212.59,85461.18,653,0,WH-A,2024,2,7,1,399.0,0.008,0,0
2024-02-25,SKU024,Clothing,399,195.65,78064.35,737,0,WH-C,2024,2,8,1,404.2,-0.013,0,0
2024-03-03,SKU024,Clothing,273,358.63,97905.99,857,1,WH-A,2024,3,9,1,366.2,-0.255,0,273
2024-03-10,SKU024,Clothing,399,45.33,18086.67,863,0,WH-B,2024,3,10,1,368.2,0.084,0,0
2024-03-17,SKU024,Clothing,406,53.97,21911.82,965,0,WH-C,2024,3,11,1,369.2,0.1,0,0
2024-03-24,SKU024,Clothing,408,293.47,119735.76,78,0,WH-A,2024,3,12,1,371.5,0.098,0,0
2024-03-31,SKU024,Clothing,381,418.58,159478.98,991,0,WH-C,2024,3,13,1,398.5,-0.044,0,0
2024-04-07,SKU024,Clothing,338,353.91,119621.58,880,0,WH-C,2024,4,14,2,383.2,-0.118,0,0
2024-04-14,SKU024,Clothing,367,19.13,7020.71,664,0,WH-A,2024,4,15,2,373.5,-0.017,0,0
2024-04-21,SKU024,Clothing,273,372.94,101812.62,966,0,WH-C,2024,4,16,2,339.8,-0.197,0,0
2024-04-28,SKU024,Clothing,308,332.21,102320.68,661,1,WH-C,2024,4,17,2,321.5,-0.042,0,308
2024-05-05,SKU024,Clothing,286,214.86,61449.96,445,0,WH-C,2024,5,18,2,308.5,-0.073,0,0
2024-05-12,SKU024,Clothing,287,184.9,53066.3,604,0,WH-C,2024,5,19,2,288.5,-0.005,0,0
2024-05-19,SKU024,Clothing,272,268.38,72999.36,217,0,WH-A,2024,5,20,2,288.2,-0.056,0,0
2024-05-26,SKU024,Clothing,306,477.22,146029.32,805,0,WH-B,2024,5,21,2,287.8,0.063,0,0
2024-06-02,SKU024,Clothing,267,70.26,18759.42,207,0,WH-B,2024,6,22,2,283.0,-0.057,0,0
2024-06-09,SKU024,Clothing,274,314.5,86173.0,775,1,WH-C,2024,6,23,2,279.8,-0.021,0,274
2024-06-16,SKU024,Clothing,298,392.72,117030.56,650,0,WH-C,2024,6,24,2,286.2,0.041,0,0
2024-06-23,SKU024,Clothing,276,246.69,68086.44,700,0,WH-C,2024,6,25,2,278.8,-0.01,0,0
2024-06-30,SKU024,Clothing,279,307.22,85714.38,130,0,WH-A,2024,6,26,2,281.8,-0.01,0,0
2024-07-07,SKU024,Clothing,306,147.47,45125.82,946,1,WH-A,2024,7,27,3,289.8,0.056,0,306
2024-07-14,SKU024,Clothing,260,316.14,82196.4,774,0,WH-C,2024,7,28,3,280.2,-0.072,0,0
2024-07-21,SKU024,Clothing,277,247.14,68457.78,766,0,WH-A,2024,7,29,3,280.5,-0.012,0,0
2024-07-28,SKU024,Clothing,273,391.35,106838.55,676,0,WH-B,2024,7,30,3,279.0,-0.022,0,0
2024-08-04,SKU024,Clothing,291,463.8,134965.8,230,0,WH-B,2024,8,31,3,275.2,0.057,0,0
2024-08-11,SKU024,Clothing,283,150.59,42616.97,816,1,WH-A,2024,8,32,3,281.0,0.007,0,283
2024-08-18,SKU024,Clothing,304,160.16,48688.64,669,0,WH-C,2024,8,33,3,287.8,0.056,0,0
2024-08-25,SKU024,Clothing,268,133.9,35885.2,449,0,WH-A,2024,8,34,3,286.5,-0.065,0,0
2024-09-01,SKU024,Clothing,239,231.37,55297.43,737,0,WH-B,2024,9,35,3,273.5,-0.126,0,0
2024-09-08,SKU024,Clothing,255,83.28,21236.4,229,0,WH-A,2024,9,36,3,266.5,-0.043,0,0
2024-09-15,SKU024,Clothing,254,331.16,84114.64,584,0,WH-A,2024,9,37,3,254.0,0.0,0,0
2024-09-22,SKU024,Clothing,223,282.47,62990.81,173,0,WH-C,2024,9,38,3,242.8,-0.082,0,0
2024-09-29,SKU024,Clothing,273,481.79,131528.67,637,0,WH-B,2024,9,39,3,251.2,0.087,0,0
2024-10-06,SKU024,Clothing,231,156.72,36202.32,753,0,WH-C,2024,10,40,4,245.2,-0.058,0,0
2024-10-13,SKU024,Clothing,172,196.78,33846.16,28,0,WH-B,2024,10,41,4,224.8,-0.235,1,0
2024-10-20,SKU024,Clothing,200,384.39,76878.0,870,1,WH-A,2024,10,42,4,219.0,-0.087,0,200
2024-10-27,SKU024,Clothing,210,60.78,12763.8,334,0,WH-A,2024,10,43,4,203.2,0.033,0,0
2024-11-03,SKU024,Clothing,162,463.3,75054.6,214,1,WH-A,2024,11,44,4,186.0,-0.129,0,162
2024-11-10,SKU024,Clothing,145,100.89,14629.05,906,0,WH-B,2024,11,45,4,179.2,-0.191,0,0
2024-11-17,SKU024,Clothing,165,156.92,25891.8,67,0,WH-A,2024,11,46,4,170.5,-0.032,0,0
2024-11-24,SKU024,Clothing,175,197.15,34501.25,433,0,WH-A,2024,11,47,4,161.8,0.082,0,0
2024-12-01,SKU024,Clothing,228,257.89,58798.92,583,0,WH-C,2024,12,48,4,178.2,0.279,0,0
2024-12-08,SKU024,Clothing,257,220.71,56722.47,571,0,WH-C,2024,12,49,4,206.2,0.246,0,0
2024-12-15,SKU024,Clothing,240,498.1,119544.0,209,0,WH-C,2024,12,50,4,225.0,0.067,0,0
2024-12-22,SKU024,Clothing,262,444.3,116406.6,17,0,WH-B,2024,12,51,4,246.8,0.062,1,0
2024-12-29,SKU024,Clothing,311,189.7,58996.7,444,0,WH-A,2024,12,52,4,267.5,0.163,0,0
2022-01-02,SKU025,Clothing,500,244.96,122480.0,69,0,WH-A,2022,1,52,1,500.0,0.0,0,0
2022-01-09,SKU025,Clothing,516,155.18,80072.88,727,0,WH-C,2022,1,1,1,508.0,0.016,0,0
2022-01-16,SKU025,Clothing,532,208.89,111129.48,384,1,WH-A,2022,1,2,1,516.0,0.031,0,532
2022-01-23,SKU025,Clothing,598,56.27,33649.46,642,0,WH-B,2022,1,3,1,536.5,0.115,0,0
2022-01-30,SKU025,Clothing,591,310.23,183345.93,260,0,WH-B,2022,1,4,1,559.2,0.057,0,0
2022-02-06,SKU025,Clothing,684,418.52,286267.68,160,0,WH-B,2022,2,5,1,601.2,0.138,0,0
2022-02-13,SKU025,Clothing,651,413.82,269396.82,730,0,WH-C,2022,2,6,1,631.0,0.032,0,0
2022-02-20,SKU025,Clothing,664,74.23,49288.72,294,0,WH-C,2022,2,7,1,647.5,0.025,0,0
2022-02-27,SKU025,Clothing,689,45.65,31452.85,376,0,WH-B,2022,2,8,1,672.0,0.025,0,0
2022-03-06,SKU025,Clothing,660,110.45,72897.0,551,0,WH-A,2022,3,9,1,666.0,-0.009,0,0
2022-03-13,SKU025,Clothing,715,125.42,89675.3,821,0,WH-A,2022,3,10,1,682.0,0.048,0,0
2022-03-20,SKU025,Clothing,678,126.05,85461.9,149,1,WH-B,2022,3,11,1,685.5,-0.011,0,678
2022-03-27,SKU025,Clothing,657,299.45,196738.65,960,0,WH-A,2022,3,12,1,677.5,-0.03,0,0
2022-04-03,SKU025,Clothing,614,12.0,7368.0,291,0,WH-B,2022,4,13,2,666.0,-0.078,0,0
2022-04-10,SKU025,Clothing,594,453.53,269396.82,125,0,WH-A,2022,4,14,2,635.8,-0.066,0,0
2022-04-17,SKU025,Clothing,557,105.05,58512.85,165,0,WH-B,2022,4,15,2,605.5,-0.08,0,0
2022-04-24,SKU025,Clothing,528,150.77,79606.56,404,0,WH-A,2022,4,16,2,573.2,-0.079,0,0
2022-05-01,SKU025,Clothing,538,431.75,232281.5,567,1,WH-A,2022,5,17,2,554.2,-0.029,0,538
2022-05-08,SKU025,Clothing,519,268.375,139286.62,144,0,WH-B,2022,5,18,2,535.5,-0.031,0,0
2022-05-15,SKU025,Clothing,428,459.69,196747.32,64,0,WH-B,2022,5,19,2,503.2,-0.149,0,0
2022-05-22,SKU025,Clothing,474,183.6,87026.4,820,0,WH-A,2022,5,20,2,489.8,-0.032,0,0
2022-05-29,SKU025,Clothing,466,475.06,221377.96,157,0,WH-B,2022,5,21,2,471.8,-0.012,0,0
2022-06-05,SKU025,Clothing,476,98.8,47028.8,998,0,WH-C,2022,6,22,2,461.0,0.033,0,0
2022-06-12,SKU025,Clothing,465,26.28,12220.2,847,1,WH-A,2022,6,23,2,470.2,-0.011,0,465
2022-06-19,SKU025,Clothing,470,262.45,123351.5,480,1,WH-A,2022,6,24,2,469.2,0.002,0,470
2022-06-26,SKU025,Clothing,503,294.19,147977.57,979,0,WH-A,2022,6,25,2,478.5,0.051,0,0
2022-07-03,SKU025,Clothing,486,484.94,235680.84,492,1,WH-A,2022,7,26,3,481.0,0.01,0,486
2022-07-10,SKU025,Clothing,521,53.61,27930.81,110,1,WH-A,2022,7,27,3,495.0,0.053,0,521
2022-07-17,SKU025,Clothing,480,266.96,128140.8,951,1,WH-C,2022,7,28,3,497.5,-0.035,0,480
2022-07-24,SKU025,Clothing,532,186.61,99276.52,833,0,WH-A,2022,7,29,3,504.8,0.054,0,0
2022-07-31,SKU025,Clothing,474,108.2,51286.8,517,0,WH-A,2022,7,30,3,501.8,-0.055,0,0
2022-08-07,SKU025,Clothing,474,205.39,97354.86,566,0,WH-B,2022,8,31,3,490.0,-0.033,0,0
2022-08-14,SKU025,Clothing,474,466.57,221154.18,278,0,WH-C,2022,8,32,3,488.5,-0.03,0,0
2022-08-21,SKU025,Clothing,484,440.69,213293.96,888,0,WH-A,2022,8,33,3,476.5,0.016,0,0
2022-08-28,SKU025,Clothing,448,127.16,56967.68,198,0,WH-A,2022,8,34,3,470.0,-0.047,0,0
2022-09-04,SKU025,Clothing,407,241.16,98152.12,856,0,WH-C,2022,9,35,3,453.2,-0.102,0,0
2022-09-11,SKU025,Clothing,401,385.47,154573.47,675,0,WH-A,2022,9,36,3,435.0,-0.078,0,0
2022-09-18,SKU025,Clothing,390,230.8,90012.0,798,0,WH-C,2022,9,37,3,411.5,-0.052,0,0
2022-09-25,SKU025,Clothing,372,191.71,71316.12,600,0,WH-B,2022,9,38,3,392.5,-0.052,0,0
2022-10-02,SKU025,Clothing,356,325.7,115949.2,690,0,WH-B,2022,10,39,4,379.8,-0.063,0,0
2022-10-09,SKU025,Clothing,325,125.6,40820.0,24,0,WH-A,2022,10,40,4,360.8,-0.099,1,0
2022-10-16,SKU025,Clothing,298,335.25,99904.5,406,0,WH-C,2022,10,41,4,337.8,-0.118,0,0
2022-10-23,SKU025,Clothing,278,227.11,63136.58,208,0,WH-C,2022,10,42,4,314.2,-0.115,0,0
2022-10-30,SKU025,Clothing,279,341.1,95166.9,106,0,WH-A,2022,10,43,4,295.0,-0.054,0,0
2022-11-06,SKU025,Clothing,264,126.5,33396.0,348,0,WH-A,2022,11,44,4,279.8,-0.056,0,0
2022-11-13,SKU025,Clothing,276,36.79,10154.04,160,1,WH-B,2022,11,45,4,274.2,0.007,0,276
2022-11-20,SKU025,Clothing,324,127.36,41264.64,966,0,WH-A,2022,11,46,4,285.8,0.134,0,0
2022-11-27,SKU025,Clothing,294,319.28,93868.32,164,0,WH-B,2022,11,47,4,289.5,0.016,0,0
2022-12-04,SKU025,Clothing,474,295.29,139967.46,116,0,WH-A,2022,12,48,4,342.0,0.386,0,0
2022-12-11,SKU025,Clothing,344,442.65,152271.6,579,0,WH-C,2022,12,49,4,359.0,-0.042,0,0
2022-12-18,SKU025,Clothing,385,213.4,82159.0,79,0,WH-B,2022,12,50,4,374.2,0.029,0,0
2022-12-25,SKU025,Clothing,425,302.96,128758.0,368,0,WH-C,2022,12,51,4,407.0,0.044,0,0
2023-01-01,SKU025,Clothing,485,128.22,62186.7,615,0,WH-C,2023,1,52,1,409.8,0.184,0,0
2023-01-08,SKU025,Clothing,484,479.84,232242.56,235,0,WH-B,2023,1,1,1,444.8,0.088,0,0
2023-01-15,SKU025,Clothing,542,151.93,82346.06,300,0,WH-C,2023,1,2,1,484.0,0.12,0,0
2023-01-22,SKU025,Clothing,571,492.0,280932.0,289,0,WH-B,2023,1,3,1,520.5,0.097,0,0
2023-01-29,SKU025,Clothing,611,299.55,183025.05,324,0,WH-B,2023,1,4,1,552.0,0.107,0,0
2023-02-05,SKU025,Clothing,657,367.36,241355.52,972,0,WH-A,2023,2,5,1,595.2,0.104,0,0
2023-02-12,SKU025,Clothing,659,67.74,44640.66,827,0,WH-C,2023,2,6,1,624.5,0.055,0,0
2023-02-19,SKU025,Clothing,681,383.92,261449.52,899,0,WH-B,2023,2,7,1,652.0,0.044,0,0
2023-02-26,SKU025,Clothing,677,412.28,279113.56,669,0,WH-C,2023,2,8,1,668.5,0.013,0,0
2023-03-05,SKU025,Clothing,662,41.68,27592.16,141,0,WH-A,2023,3,9,1,669.8,-0.012,0,0
2023-03-12,SKU025,Clothing,699,66.16,46245.84,287,0,WH-B,2023,3,10,1,679.8,0.028,0,0
2023-03-19,SKU025,Clothing,654,477.75,312448.5,413,0,WH-A,2023,3,11,1,673.0,-0.028,0,0
2023-03-26,SKU025,Clothing,648,431.56,279650.88,91,0,WH-C,2023,3,12,1,665.8,-0.027,0,0
2023-04-02,SKU025,Clothing,624,489.95,305728.8,918,0,WH-C,2023,4,13,2,656.2,-0.049,0,0
2023-04-09,SKU025,Clothing,569,309.15,175906.35,898,0,WH-C,2023,4,14,2,623.8,-0.088,0,0
2023-04-16,SKU025,Clothing,534,376.24,200912.16,96,1,WH-A,2023,4,15,2,593.8,-0.101,0,534
2023-04-23,SKU025,Clothing,565,354.62,200360.3,118,1,WH-C,2023,4,16,2,573.0,-0.014,0,565
2023-04-30,SKU025,Clothing,520,470.09,244446.8,624,0,WH-B,2023,4,17,2,547.0,-0.049,0,0
2023-05-07,SKU025,Clothing,489,475.55,232543.95,686,0,WH-A,2023,5,18,2,527.0,-0.072,0,0
2023-05-14,SKU025,Clothing,497,112.72,56021.84,237,0,WH-C,2023,5,19,2,517.8,-0.04,0,0
2023-05-21,SKU025,Clothing,484,228.82,110748.88,667,0,WH-B,2023,5,20,2,497.5,-0.027,0,0
2023-05-28,SKU025,Clothing,408,382.89,156219.12,735,0,WH-C,2023,5,21,2,469.5,-0.131,0,0
2023-06-04,SKU025,Clothing,449,365.81,164248.69,875,0,WH-B,2023,6,22,2,459.5,-0.023,0,0
2023-06-11,SKU025,Clothing,475,185.36,88046.0,22,0,WH-C,2023,6,23,2,454.0,0.046,1,0
2023-06-18,SKU025,Clothing,488,409.9,200031.2,199,0,WH-C,2023,6,24,2,455.0,0.073,0,0
2023-06-25,SKU025,Clothing,447,262.67,117413.49,248,0,WH-A,2023,6,25,2,464.8,-0.038,0,0
2023-07-02,SKU025,Clothing,426,88.99,37909.74,749,0,WH-C,2023,7,26,3,459.0,-0.072,0,0
2023-07-09,SKU025,Clothing,475,310.53,147501.75,646,1,WH-A,2023,7,27,3,459.0,0.035,0,475
2023-07-16,SKU025,Clothing,454,291.78,132468.12,887,0,WH-B,2023,7,28,3,450.5,0.008,0,0
2023-07-23,SKU025,Clothing,460,349.97,160986.2,231,1,WH-C,2023,7,29,3,453.8,0.014,0,460
2023-07-30,SKU025,Clothing,463,99.9,46253.7,256,0,WH-A,2023,7,30,3,463.0,0.0,0,0
2023-08-06,SKU025,Clothing,486,202.25,98293.5,568,0,WH-C,2023,8,31,3,465.8,0.043,0,0
2023-08-13,SKU025,Clothing,509,223.76,113893.84,919,1,WH-B,2023,8,32,3,479.5,0.062,0,509
2023-08-20,SKU025,Clothing,463,269.26,124667.38,908,0,WH-C,2023,8,33,3,480.2,-0.036,0,0
2023-08-27,SKU025,Clothing,467,466.91,218046.97,121,0,WH-B,2023,8,34,3,481.2,-0.03,0,0
2023-09-03,SKU025,Clothing,420,124.13,52134.6,402,0,WH-A,2023,9,35,3,464.8,-0.096,0,0
2023-09-10,SKU025,Clothing,371,310.95,115362.45,970,0,WH-C,2023,9,36,3,430.2,-0.138,0,0
2023-09-17,SKU025,Clothing,387,331.62,128336.94,957,0,WH-C,2023,9,37,3,411.2,-0.059,0,0
2023-09-24,SKU025,Clothing,362,418.27,151413.74,737,0,WH-A,2023,9,38,3,385.0,-0.06,0,0
2023-10-01,SKU025,Clothing,474,469.63,222604.62,694,1,WH-B,2023,10,39,4,398.5,0.189,0,474
2023-10-08,SKU025,Clothing,275,209.45,57598.75,104,0,WH-B,2023,10,40,4,374.5,-0.266,0,0
2023-10-15,SKU025,Clothing,306,287.87,88088.22,560,1,WH-C,2023,10,41,4,354.2,-0.136,0,306
2023-10-22,SKU025,Clothing,292,267.49,78107.08,334,0,WH-C,2023,10,42,4,336.8,-0.133,0,0
2023-10-29,SKU025,Clothing,264,331.83,87603.12,480,0,WH-B,2023,10,43,4,284.2,-0.071,0,0
2023-11-05,SKU025,Clothing,259,182.13,47171.67,757,0,WH-B,2023,11,44,4,280.2,-0.076,0,0
2023-11-12,SKU025,Clothing,283,358.55,101469.65,367,0,WH-A,2023,11,45,4,274.5,0.031,0,0
2023-11-19,SKU025,Clothing,259,204.66,53006.94,694,0,WH-A,2023,11,46,4,266.2,-0.027,0,0
2023-11-26,SKU025,Clothing,316,396.16,125186.56,166,0,WH-C,2023,11,47,4,279.2,0.132,0,0
2023-12-03,SKU025,Clothing,312,406.85,126937.2,862,0,WH-B,2023,12,48,4,292.5,0.067,0,0
2023-12-10,SKU025,Clothing,357,417.33,148986.81,69,0,WH-B,2023,12,49,4,311.0,0.148,0,0
2023-12-17,SKU025,Clothing,375,141.51,53066.25,823,0,WH-A,2023,12,50,4,340.0,0.103,0,0
2023-12-24,SKU025,Clothing,407,229.1,93243.7,50,0,WH-C,2023,12,51,4,362.8,0.122,0,0
2023-12-31,SKU025,Clothing,465,273.21,127042.65,668,0,WH-C,2023,12,52,4,401.0,0.16,0,0
2024-01-07,SKU025,Clothing,518,429.62,222543.16,16,0,WH-A,2024,1,1,1,441.2,0.174,1,0
2024-01-14,SKU025,Clothing,581,448.6,260636.6,501,0,WH-B,2024,1,2,1,492.8,0.179,0,0
2024-01-21,SKU025,Clothing,564,144.51,81503.64,348,1,WH-B,2024,1,3,1,532.0,0.06,0,564
2024-01-28,SKU025,Clothing,574,394.66,226534.84,28,0,WH-C,2024,1,4,1,559.2,0.026,1,0
2024-02-04,SKU025,Clothing,644,415.05,267292.2,830,0,WH-B,2024,2,5,1,590.8,0.09,0,0
2024-02-11,SKU025,Clothing,674,110.42,74423.08,52,0,WH-B,2024,2,6,1,614.0,0.098,0,0
2024-02-18,SKU025,Clothing,694,259.1,179815.4,666,0,WH-A,2024,2,7,1,646.5,0.073,0,0
2024-02-25,SKU025,Clothing,679,303.46,206049.34,675,0,WH-A,2024,2,8,1,672.8,0.009,0,0
2024-03-03,SKU025,Clothing,663,220.32,146072.16,804,0,WH-A,2024,3,9,1,677.5,-0.021,0,0
2024-03-10,SKU025,Clothing,669,152.32,101902.08,587,0,WH-C,2024,3,10,1,676.2,-0.011,0,0
2024-03-17,SKU025,Clothing,630,227.92,143589.6,954,0,WH-C,2024,3,11,1,660.2,-0.046,0,0
2024-03-24,SKU025,Clothing,615,367.95,226289.25,312,0,WH-A,2024,3,12,1,644.2,-0.045,0,0
2024-03-31,SKU025,Clothing,598,171.28,102425.44,674,1,WH-C,2024,3,13,1,628.0,-0.048,0,598
2024-04-07,SKU025,Clothing,582,187.59,109177.38,492,0,WH-B,2024,4,14,2,606.2,-0.04,0,0
2024-04-14,SKU025,Clothing,509,260.25,132467.25,943,0,WH-C,2024,4,15,2,576.0,-0.116,0,0
2024-04-21,SKU025,Clothing,554,106.21,58840.34,705,0,WH-A,2024,4,16,2,560.8,-0.012,0,0
2024-04-28,SKU025,Clothing,537,96.96,52067.52,611,1,WH-C,2024,4,17,2,545.5,-0.016,0,537
2024-05-05,SKU025,Clothing,527,381.74,201176.98,988,0,WH-C,2024,5,18,2,531.8,-0.009,0,0
2024-05-12,SKU025,Clothing,454,43.8,19885.2,287,1,WH-C,2024,5,19,2,518.0,-0.124,0,454
2024-05-19,SKU025,Clothing,449,411.12,184592.88,683,0,WH-C,2024,5,20,2,491.8,-0.087,0,0
2024-05-26,SKU025,Clothing,470,66.25,31137.5,132,0,WH-A,2024,5,21,2,475.0,-0.011,0,0
2024-06-02,SKU025,Clothing,436,426.93,186141.48,474,0,WH-A,2024,6,22,2,452.2,-0.036,0,0
2024-06-09,SKU025,Clothing,435,167.16,72714.6,209,0,WH-A,2024,6,23,2,447.5,-0.028,0,0
2024-06-16,SKU025,Clothing,496,61.13,30320.48,856,0,WH-A,2024,6,24,2,459.2,0.08,0,0
2024-06-23,SKU025,Clothing,498,460.54,229348.92,986,0,WH-A,2024,6,25,2,466.2,0.068,0,0
2024-06-30,SKU025,Clothing,486,373.42,181482.12,607,1,WH-A,2024,6,26,2,478.8,0.015,0,486
2024-07-07,SKU025,Clothing,486,197.6,96033.6,845,0,WH-A,2024,7,27,3,491.5,-0.011,0,0
2024-07-14,SKU025,Clothing,460,457.75,210565.0,10,0,WH-A,2024,7,28,3,482.5,-0.047,1,0
2024-07-21,SKU025,Clothing,486,255.23,124041.78,215,0,WH-C,2024,7,29,3,479.5,0.014,0,0
2024-07-28,SKU025,Clothing,472,93.05,43919.6,485,0,WH-B,2024,7,30,3,476.0,-0.008,0,0
2024-08-04,SKU025,Clothing,497,382.82,190261.54,953,0,WH-A,2024,8,31,3,478.8,0.038,0,0
2024-08-11,SKU025,Clothing,460,46.61,21440.6,916,0,WH-B,2024,8,32,3,478.8,-0.039,0,0
2024-08-18,SKU025,Clothing,449,86.95,39040.55,350,0,WH-B,2024,8,33,3,469.5,-0.044,0,0
2024-08-25,SKU025,Clothing,447,303.1,135485.7,614,0,WH-B,2024,8,34,3,463.2,-0.035,0,0
2024-09-01,SKU025,Clothing,449,334.94,150388.06,573,0,WH-C,2024,9,35,3,451.2,-0.005,0,0
2024-09-08,SKU025,Clothing,409,162.93,66638.37,971,0,WH-A,2024,9,36,3,438.5,-0.067,0,0
2024-09-15,SKU025,Clothing,400,444.48,177792.0,629,0,WH-B,2024,9,37,3,426.2,-0.061,0,0
2024-09-22,SKU025,Clothing,348,358.25,124671.0,894,0,WH-B,2024,9,38,3,401.5,-0.133,0,0
2024-09-29,SKU025,Clothing,334,103.3,34502.2,684,1,WH-A,2024,9,39,3,372.8,-0.104,0,334
2024-10-06,SKU025,Clothing,293,383.19,112274.67,345,0,WH-B,2024,10,40,4,343.8,-0.148,0,0
2024-10-13,SKU025,Clothing,297,342.98,101865.06,308,0,WH-C,2024,10,41,4,318.0,-0.066,0,0
2024-10-20,SKU025,Clothing,261,217.88,56866.68,757,0,WH-B,2024,10,42,4,296.2,-0.119,0,0
2024-10-27,SKU025,Clothing,263,308.63,81169.69,175,0,WH-B,2024,10,43,4,278.5,-0.056,0,0
2024-11-03,SKU025,Clothing,280,117.8,32984.0,271,0,WH-B,2024,11,44,4,275.2,0.017,0,0
2024-11-10,SKU025,Clothing,276,391.29,107996.04,578,0,WH-A,2024,11,45,4,270.0,0.022,0,0
2024-11-17,SKU025,Clothing,285,335.49,95614.65,798,0,WH-C,2024,11,46,4,276.0,0.033,0,0
2024-11-24,SKU025,Clothing,286,371.9,106363.4,483,0,WH-C,2024,11,47,4,281.8,0.015,0,0
2024-12-01,SKU025,Clothing,474,474.6,224960.4,632,1,WH-C,2024,12,48,4,330.2,0.435,0,474
2024-12-08,SKU025,Clothing,377,85.46,32218.42,26,0,WH-C,2024,12,49,4,355.5,0.06,1,0
2024-12-15,SKU025,Clothing,373,53.78,20059.94,671,0,WH-B,2024,12,50,4,377.5,-0.012,0,0
2024-12-22,SKU025,Clothing,434,353.38,153366.92,239,0,WH-C,2024,12,51,4,414.5,0.047,0,0
2024-12-29,SKU025,Clothing,454,135.89,61694.06,99,1,WH-A,2024,12,52,4,409.5,0.109,0,454
2022-01-02,SKU026,Food,147,68.44,10060.68,209,0,WH-C,2022,1,52,1,147.0,0.0,0,0
2022-01-09,SKU026,Food,176,421.92,74257.92,445,1,WH-B,2022,1,1,1,161.5,0.09,0,176
2022-01-16,SKU026,Food,181,479.31,86755.11,855,0,WH-A,2022,1,2,1,168.0,0.077,0,0
2022-01-23,SKU026,Food,209,79.33,16579.97,138,1,WH-A,2022,1,3,1,178.2,0.173,0,209
2022-01-30,SKU026,Food,145,342.93,49724.85,377,0,WH-A,2022,1,4,1,177.8,-0.184,0,0
2022-02-06,SKU026,Food,160,76.1,12176.0,76,0,WH-C,2022,2,5,1,173.8,-0.079,0,0
2022-02-13,SKU026,Food,190,67.35,12796.5,906,0,WH-B,2022,2,6,1,176.0,0.08,0,0
2022-02-20,SKU026,Food,182,260.38,47389.16,817,0,WH-B,2022,2,7,1,169.2,0.076,0,0
2022-02-27,SKU026,Food,211,329.42,69507.62,371,1,WH-A,2022,2,8,1,185.8,0.136,0,211
2022-03-06,SKU026,Food,206,197.52,40689.12,716,0,WH-B,2022,3,9,1,197.2,0.045,0,0
2022-03-13,SKU026,Food,187,469.33,87764.71,753,0,WH-A,2022,3,10,1,196.5,-0.048,0,0
2022-03-20,SKU026,Food,198,72.98,14450.04,783,0,WH-A,2022,3,11,1,200.5,-0.012,0,0
2022-03-27,SKU026,Food,188,35.26,6628.88,432,0,WH-B,2022,3,12,1,194.8,-0.035,0,0
2022-04-03,SKU026,Food,220,291.93,64224.6,829,0,WH-C,2022,4,13,2,198.2,0.11,0,0
2022-04-10,SKU026,Food,160,271.2,43392.0,439,0,WH-A,2022,4,14,2,191.5,-0.164,0,0
2022-04-17,SKU026,Food,212,325.86,69082.32,383,0,WH-B,2022,4,15,2,195.0,0.087,0,0
2022-04-24,SKU026,Food,150,216.87,32530.5,209,0,WH-C,2022,4,16,2,185.5,-0.191,0,0
2022-05-01,SKU026,Food,150,28.86,4329.0,282,0,WH-B,2022,5,17,2,168.0,-0.107,0,0
2022-05-08,SKU026,Food,119,75.2,8948.8,529,0,WH-B,2022,5,18,2,157.8,-0.246,0,0
2022-05-15,SKU026,Food,162,204.43,33117.66,7,0,WH-A,2022,5,19,2,145.2,0.116,1,0
2022-05-22,SKU026,Food,123,209.88,25815.24,470,0,WH-C,2022,5,20,2,138.5,-0.112,0,0
2022-05-29,SKU026,Food,139,300.85,41818.15,561,1,WH-C,2022,5,21,2,135.8,0.024,0,139
2022-06-05,SKU026,Food,150,487.41,73111.5,129,0,WH-C,2022,6,22,2,143.5,0.045,0,0
2022-06-12,SKU026,Food,150,75.25,11287.5,644,0,WH-C,2022,6,23,2,140.5,0.068,0,0
2022-06-19,SKU026,Food,143,116.06,16596.58,437,0,WH-A,2022,6,24,2,145.5,-0.017,0,0
2022-06-26,SKU026,Food,137,56.36,7721.32,823,0,WH-C,2022,6,25,2,145.0,-0.055,0,0
2022-07-03,SKU026,Food,126,371.99,46870.74,921,0,WH-A,2022,7,26,3,139.0,-0.094,0,0
2022-07-10,SKU026,Food,164,16.25,2665.0,40,0,WH-B,2022,7,27,3,142.5,0.151,1,0
2022-07-17,SKU026,Food,143,143.28,20489.04,536,0,WH-C,2022,7,28,3,142.5,0.004,0,0
2022-07-24,SKU026,Food,171,387.71,66298.41,767,0,WH-A,2022,7,29,3,151.0,0.132,0,0
2022-07-31,SKU026,Food,191,241.04,46038.64,422,0,WH-A,2022,7,30,3,167.2,0.142,0,0
2022-08-07,SKU026,Food,130,436.82,56786.6,290,0,WH-B,2022,8,31,3,158.8,-0.181,0,0
2022-08-14,SKU026,Food,129,245.14,31623.06,411,0,WH-C,2022,8,32,3,155.2,-0.169,0,0
2022-08-21,SKU026,Food,148,120.61,17850.28,208,0,WH-B,2022,8,33,3,149.5,-0.01,0,0
2022-08-28,SKU026,Food,144,386.4,55641.6,314,1,WH-B,2022,8,34,3,137.8,0.045,0,144
2022-09-04,SKU026,Food,136,190.25,25874.0,196,0,WH-C,2022,9,35,3,139.2,-0.023,0,0
2022-09-11,SKU026,Food,125,199.92,24990.0,378,0,WH-B,2022,9,36,3,138.2,-0.096,0,0
2022-09-18,SKU026,Food,86,417.88,35937.68,444,0,WH-C,2022,9,37,3,122.8,-0.3,0,0
2022-09-25,SKU026,Food,80,139.81,11184.8,848,0,WH-B,2022,9,38,3,106.8,-0.251,0,0
2022-10-02,SKU026,Food,114,360.5,41097.0,227,1,WH-A,2022,10,39,4,101.2,0.126,0,114
2022-10-09,SKU026,Food,87,232.97,20268.39,622,0,WH-A,2022,10,40,4,91.8,-0.052,0,0
2022-10-16,SKU026,Food,77,468.87,36102.99,315,0,WH-B,2022,10,41,4,89.5,-0.14,0,0
2022-10-23,SKU026,Food,105,385.84,40513.2,656,0,WH-B,2022,10,42,4,95.8,0.096,0,0
2022-10-30,SKU026,Food,92,324.22,29828.24,998,0,WH-B,2022,10,43,4,90.2,0.02,0,0
2022-11-06,SKU026,Food,72,301.58,21713.76,579,0,WH-A,2022,11,44,4,86.5,-0.168,0,0
2022-11-13,SKU026,Food,80,317.61,25408.8,980,1,WH-B,2022,11,45,4,87.2,-0.083,0,80
2022-11-20,SKU026,Food,89,265.93,23667.77,543,0,WH-A,2022,11,46,4,83.2,0.07,0,0
2022-11-27,SKU026,Food,150,158.73,23809.5,389,1,WH-A,2022,11,47,4,97.8,0.534,0,150
2022-12-04,SKU026,Food,70,385.66,26996.2,460,0,WH-A,2022,12,48,4,97.2,-0.28,0,0
2022-12-11,SKU026,Food,65,214.87,13966.55,77,1,WH-C,2022,12,49,4,93.5,-0.305,0,65
2022-12-18,SKU026,Food,157,377.03,59193.71,132,0,WH-A,2022,12,50,4,110.5,0.421,0,0
2022-12-25,SKU026,Food,150,107.33,16099.5,161,0,WH-C,2022,12,51,4,110.5,0.357,0,0
2023-01-01,SKU026,Food,160,110.74,17718.4,558,0,WH-A,2023,1,52,1,133.0,0.203,0,0
2023-01-08,SKU026,Food,126,22.52,2837.52,44,0,WH-A,2023,1,1,1,148.2,-0.15,1,0
2023-01-15,SKU026,Food,171,109.13,18661.23,885,0,WH-B,2023,1,2,1,151.8,0.126,0,0
2023-01-22,SKU026,Food,194,230.11,44641.34,243,0,WH-C,2023,1,3,1,162.8,0.192,0,0
2023-01-29,SKU026,Food,195,101.95,19880.25,127,1,WH-B,2023,1,4,1,171.5,0.137,0,195
2023-02-05,SKU026,Food,227,453.38,102917.26,26,0,WH-C,2023,2,5,1,196.8,0.153,1,0
2023-02-12,SKU026,Food,202,318.83,64403.66,348,0,WH-B,2023,2,6,1,204.5,-0.012,0,0
2023-02-19,SKU026,Food,209,324.24,67766.16,764,0,WH-C,2023,2,7,1,208.2,0.004,0,0
2023-02-26,SKU026,Food,222,168.97,37511.34,41,0,WH-C,2023,2,8,1,215.0,0.033,1,0
2023-03-05,SKU026,Food,228,125.74,28668.72,332,0,WH-B,2023,3,9,1,215.2,0.059,0,0
2023-03-12,SKU026,Food,221,149.03,32935.63,823,0,WH-A,2023,3,10,1,220.0,0.005,0,0
2023-03-19,SKU026,Food,190,269.16,51140.4,421,0,WH-B,2023,3,11,1,215.2,-0.117,0,0
2023-03-26,SKU026,Food,198,225.26,44601.48,403,1,WH-C,2023,3,12,1,209.2,-0.054,0,198
2023-04-02,SKU026,Food,224,399.43,89472.32,141,0,WH-C,2023,4,13,2,208.2,0.076,0,0
2023-04-09,SKU026,Food,180,345.12,62121.6,928,0,WH-C,2023,4,14,2,198.0,-0.091,0,0
2023-04-16,SKU026,Food,150,348.63,52294.5,154,0,WH-C,2023,4,15,2,188.0,-0.202,0,0
2023-04-23,SKU026,Food,185,264.06,48851.1,450,0,WH-C,2023,4,16,2,184.8,0.001,0,0
2023-04-30,SKU026,Food,136,242.39,32965.04,328,1,WH-B,2023,4,17,2,162.8,-0.165,0,136
2023-05-07,SKU026,Food,162,37.24,6032.88,347,0,WH-A,2023,5,18,2,158.2,0.024,0,0
2023-05-14,SKU026,Food,150,245.26,36789.0,864,0,WH-B,2023,5,19,2,158.2,-0.052,0,0
2023-05-21,SKU026,Food,134,246.9,33084.6,511,0,WH-B,2023,5,20,2,145.5,-0.079,0,0
2023-05-28,SKU026,Food,164,483.39,79275.96,311,0,WH-A,2023,5,21,2,152.5,0.075,0,0
2023-06-04,SKU026,Food,140,213.94,29951.6,348,0,WH-A,2023,6,22,2,147.0,-0.048,0,0
2023-06-11,SKU026,Food,146,156.58,22860.68,426,0,WH-C,2023,6,23,2,146.0,0.0,0,0
2023-06-18,SKU026,Food,151,95.32,14393.32,835,1,WH-A,2023,6,24,2,150.2,0.005,0,151
2023-06-25,SKU026,Food,165,181.58,29960.7,269,0,WH-B,2023,6,25,2,150.5,0.096,0,0
2023-07-02,SKU026,Food,172,108.32,18631.04,825,1,WH-B,2023,7,26,3,158.5,0.085,0,172
2023-07-09,SKU026,Food,188,148.22,27865.36,553,0,WH-C,2023,7,27,3,169.0,0.112,0,0
2023-07-16,SKU026,Food,184,77.21,14206.64,212,0,WH-B,2023,7,28,3,177.2,0.038,0,0
2023-07-23,SKU026,Food,160,452.68,72428.8,708,0,WH-A,2023,7,29,3,176.0,-0.091,0,0
2023-07-30,SKU026,Food,161,336.44,54166.84,502,0,WH-C,2023,7,30,3,173.2,-0.07,0,0
2023-08-06,SKU026,Food,120,73.56,8827.2,744,0,WH-C,2023,8,31,3,156.2,-0.232,0,0
2023-08-13,SKU026,Food,168,93.1,15640.8,132,0,WH-C,2023,8,32,3,152.2,0.104,0,0
2023-08-20,SKU026,Food,145,282.87,41016.15,636,1,WH-B,2023,8,33,3,148.5,-0.024,0,145
2023-08-27,SKU026,Food,147,223.43,32844.21,50,0,WH-A,2023,8,34,3,145.0,0.014,0,0
2023-09-03,SKU026,Food,123,53.25,6549.75,353,0,WH-C,2023,9,35,3,145.8,-0.156,0,0
2023-09-10,SKU026,Food,107,95.36,10203.52,706,0,WH-A,2023,9,36,3,130.5,-0.18,0,0
2023-09-17,SKU026,Food,121,217.44,26310.24,711,0,WH-A,2023,9,37,3,124.5,-0.028,0,0
2023-09-24,SKU026,Food,130,488.07,63449.1,301,0,WH-B,2023,9,38,3,120.2,0.082,0,0
2023-10-01,SKU026,Food,119,42.23,5025.37,961,0,WH-B,2023,10,39,4,119.2,-0.002,0,0
2023-10-08,SKU026,Food,150,113.56,17034.0,382,0,WH-C,2023,10,40,4,130.0,0.154,0,0
2023-10-15,SKU026,Food,86,76.94,6616.84,11,0,WH-C,2023,10,41,4,121.2,-0.29,1,0
2023-10-22,SKU026,Food,102,183.33,18699.66,899,0,WH-C,2023,10,42,4,114.2,-0.107,0,0
2023-10-29,SKU026,Food,118,207.155,24444.29,222,0,WH-B,2023,10,43,4,114.0,0.035,0,0
2023-11-05,SKU026,Food,108,377.85,40807.8,392,0,WH-B,2023,11,44,4,103.5,0.043,0,0
2023-11-12,SKU026,Food,97,105.05,10189.85,809,0,WH-B,2023,11,45,4,106.2,-0.087,0,0
2023-11-19,SKU026,Food,150,411.82,61773.0,329,0,WH-C,2023,11,46,4,118.2,0.269,0,0
2023-11-26,SKU026,Food,83,76.42,6342.86,548,0,WH-A,2023,11,47,4,109.5,-0.242,0,0
2023-12-03,SKU026,Food,87,399.59,34764.33,521,0,WH-B,2023,12,48,4,104.2,-0.165,0,0
2023-12-10,SKU026,Food,132,14.1,1861.2,690,0,WH-A,2023,12,49,4,113.0,0.168,0,0
2023-12-17,SKU026,Food,150,198.16,29724.0,157,0,WH-C,2023,12,50,4,113.0,0.327,0,0
2023-12-24,SKU026,Food,121,331.81,40149.01,474,1,WH-A,2023,12,51,4,122.5,-0.012,0,121
2023-12-31,SKU026,Food,167,124.14,20731.38,123,0,WH-A,2023,12,52,4,142.5,0.172,0,0
2024-01-07,SKU026,Food,163,151.64,24717.32,245,0,WH-C,2024,1,1,1,150.2,0.085,0,0
2024-01-14,SKU026,Food,157,324.32,50918.24,336,0,WH-B,2024,1,2,1,152.0,0.033,0,0
2024-01-21,SKU026,Food,203,87.18,17697.54,222,0,WH-A,2024,1,3,1,172.5,0.177,0,0
2024-01-28,SKU026,Food,179,187.88,33630.52,451,1,WH-C,2024,1,4,1,175.5,0.02,0,179
2024-02-04,SKU026,Food,207,192.64,39876.48,630,0,WH-C,2024,2,5,1,186.5,0.11,0,0
2024-02-11,SKU026,Food,260,36.38,9458.8,572,0,WH-A,2024,2,6,1,212.2,0.225,0,0
2024-02-18,SKU026,Food,198,196.25,38857.5,840,0,WH-B,2024,2,7,1,211.0,-0.062,0,0
2024-02-25,SKU026,Food,244,151.14,36878.16,803,0,WH-A,2024,2,8,1,227.2,0.074,0,0
2024-03-03,SKU026,Food,252,75.05,18912.6,97,1,WH-B,2024,3,9,1,238.5,0.057,0,252
2024-03-10,SKU026,Food,239,412.42,98568.38,949,0,WH-C,2024,3,10,1,233.2,0.025,0,0
2024-03-17,SKU026,Food,216,146.97,31745.52,42,0,WH-B,2024,3,11,1,237.8,-0.092,1,0
2024-03-24,SKU026,Food,184,242.82,44678.88,255,0,WH-C,2024,3,12,1,222.8,-0.174,0,0
2024-03-31,SKU026,Food,150,297.19,44578.5,7,0,WH-A,2024,3,13,1,197.2,-0.239,1,0
2024-04-07,SKU026,Food,178,417.57,74327.46,771,0,WH-B,2024,4,14,2,182.0,-0.022,0,0
2024-04-14,SKU026,Food,192,153.76,29521.92,188,0,WH-A,2024,4,15,2,176.0,0.091,0,0
2024-04-21,SKU026,Food,150,390.15,58522.5,33,0,WH-B,2024,4,16,2,167.5,-0.104,1,0
2024-04-28,SKU026,Food,200,329.67,65934.0,28,0,WH-A,2024,4,17,2,180.0,0.111,1,0
2024-05-05,SKU026,Food,190,376.54,71542.6,258,0,WH-B,2024,5,18,2,183.0,0.038,0,0
2024-05-12,SKU026,Food,134,37.24,4990.16,957,0,WH-B,2024,5,19,2,168.5,-0.205,0,0
2024-05-19,SKU026,Food,146,24.5,3577.0,472,0,WH-A,2024,5,20,2,167.5,-0.128,0,0
2024-05-26,SKU026,Food,144,189.01,27217.44,627,0,WH-A,2024,5,21,2,153.5,-0.062,0,0
2024-06-02,SKU026,Food,121,75.19,9097.99,179,0,WH-C,2024,6,22,2,136.2,-0.112,0,0
2024-06-09,SKU026,Food,150,237.5,35625.0,710,0,WH-C,2024,6,23,2,140.2,0.07,0,0
2024-06-16,SKU026,Food,165,468.04,77226.6,889,0,WH-C,2024,6,24,2,145.0,0.138,0,0
2024-06-23,SKU026,Food,176,99.96,17592.96,339,0,WH-A,2024,6,25,2,153.0,0.15,0,0
2024-06-30,SKU026,Food,154,160.26,24680.04,214,0,WH-B,2024,6,26,2,161.2,-0.045,0,0
2024-07-07,SKU026,Food,180,116.06,20890.8,807,0,WH-B,2024,7,27,3,168.8,0.066,0,0
2024-07-14,SKU026,Food,147,436.16,64115.52,684,0,WH-B,2024,7,28,3,164.2,-0.105,0,0
2024-07-21,SKU026,Food,188,40.55,7623.4,18,1,WH-C,2024,7,29,3,167.2,0.124,1,188
2024-07-28,SKU026,Food,155,54.41,8433.55,609,0,WH-C,2024,7,30,3,167.5,-0.075,0,0
2024-08-04,SKU026,Food,158,314.52,49694.16,723,0,WH-C,2024,8,31,3,162.0,-0.025,0,0
2024-08-11,SKU026,Food,176,116.82,20560.32,273,0,WH-B,2024,8,32,3,169.2,0.04,0,0
2024-08-18,SKU026,Food,149,155.8,23214.2,13,0,WH-B,2024,8,33,3,159.5,-0.066,1,0
2024-08-25,SKU026,Food,153,37.12,5679.36,553,0,WH-C,2024,8,34,3,159.0,-0.038,0,0
2024-09-01,SKU026,Food,143,381.35,54533.05,794,0,WH-B,2024,9,35,3,155.2,-0.079,0,0
2024-09-08,SKU026,Food,150,335.65,50347.5,331,1,WH-C,2024,9,36,3,148.8,0.008,0,150
2024-09-15,SKU026,Food,155,384.78,59640.9,849,0,WH-B,2024,9,37,3,150.2,0.032,0,0
2024-09-22,SKU026,Food,116,363.81,42201.96,898,0,WH-C,2024,9,38,3,141.0,-0.177,0,0
2024-09-29,SKU026,Food,124,307.64,38147.36,813,0,WH-C,2024,9,39,3,136.2,-0.09,0,0
2024-10-06,SKU026,Food,124,412.46,51145.04,25,1,WH-A,2024,10,40,4,129.8,-0.045,1,124
2024-10-13,SKU026,Food,126,186.59,23510.34,189,0,WH-C,2024,10,41,4,122.5,0.029,0,0
2024-10-20,SKU026,Food,98,175.28,17177.44,982,1,WH-B,2024,10,42,4,118.0,-0.169,0,98
2024-10-27,SKU026,Food,150,328.72,49308.0,363,0,WH-C,2024,10,43,4,124.5,0.205,0,0
2024-11-03,SKU026,Food,92,193.59,17810.28,25,0,WH-B,2024,11,44,4,116.5,-0.21,1,0
2024-11-10,SKU026,Food,67,268.39,17982.13,219,0,WH-C,2024,11,45,4,101.8,-0.342,0,0
2024-11-17,SKU026,Food,92,34.83,3204.36,506,0,WH-C,2024,11,46,4,100.2,-0.082,0,0
2024-11-24,SKU026,Food,102,230.18,23478.36,635,0,WH-B,2024,11,47,4,88.2,0.156,0,0
2024-12-01,SKU026,Food,124,278.65,34552.6,714,1,WH-B,2024,12,48,4,96.2,0.289,0,124
2024-12-08,SKU026,Food,133,83.49,11104.17,198,0,WH-A,2024,12,49,4,112.8,0.179,0,0
2024-12-15,SKU026,Food,111,120.87,13416.57,842,0,WH-B,2024,12,50,4,117.5,-0.055,0,0
2024-12-22,SKU026,Food,179,16.24,2906.96,627,0,WH-C,2024,12,51,4,136.8,0.308,0,0
2024-12-29,SKU026,Food,136,118.28,16086.08,38,0,WH-B,2024,12,52,4,139.8,-0.027,1,0
2022-01-02,SKU027,Food,392,370.76,145337.92,915,0,WH-A,2022,1,52,1,392.0,0.0,0,0
2022-01-09,SKU027,Food,455,274.97,125111.35,661,0,WH-A,2022,1,1,1,423.5,0.074,0,0
2022-01-16,SKU027,Food,462,309.09,142799.58,928,0,WH-A,2022,1,2,1,436.3,0.059,0,0
2022-01-23,SKU027,Food,519,374.25,194235.75,416,0,WH-A,2022,1,3,1,457.0,0.136,0,0
2022-01-30,SKU027,Food,534,31.45,16794.3,604,0,WH-C,2022,1,4,1,492.5,0.084,0,0
2022-02-06,SKU027,Food,555,121.99,67704.45,555,0,WH-B,2022,2,5,1,517.5,0.072,0,0
2022-02-13,SKU027,Food,412,28.9,11906.8,764,0,WH-C,2022,2,6,1,505.0,-0.184,0,0
2022-02-20,SKU027,Food,626,61.54,38524.04,490,0,WH-A,2022,2,7,1,531.8,0.177,0,0
2022-02-27,SKU027,Food,594,296.13,175901.22,615,0,WH-C,2022,2,8,1,546.8,0.086,0,0
2022-03-06,SKU027,Food,573,279.66,160245.18,938,0,WH-A,2022,3,9,1,551.2,0.04,0,0
2022-03-13,SKU027,Food,553,320.17,177054.01,568,0,WH-B,2022,3,10,1,586.5,-0.057,0,0
2022-03-20,SKU027,Food,611,376.09,229790.99,959,0,WH-B,2022,3,11,1,582.8,0.048,0,0
2022-03-27,SKU027,Food,533,168.72,89927.76,992,1,WH-A,2022,3,12,1,567.5,-0.061,0,533
2022-04-03,SKU027,Food,535,209.56,112114.6,725,0,WH-B,2022,4,13,2,558.0,-0.041,0,0
2022-04-10,SKU027,Food,533,468.01,249449.33,211,0,WH-B,2022,4,14,2,553.0,-0.036,0,0
2022-04-17,SKU027,Food,476,80.72,38422.72,26,0,WH-B,2022,4,15,2,519.2,-0.083,1,0
2022-04-24,SKU027,Food,492,324.4,159604.8,61,0,WH-C,2022,4,16,2,509.0,-0.033,0,0
2022-05-01,SKU027,Food,481,461.7,222077.7,58,0,WH-B,2022,5,17,2,495.5,-0.029,0,0
2022-05-08,SKU027,Food,421,463.66,195200.86,604,0,WH-C,2022,5,18,2,467.5,-0.099,0,0
2022-05-15,SKU027,Food,409,375.41,153542.69,918,0,WH-B,2022,5,19,2,450.8,-0.093,0,0
2022-05-22,SKU027,Food,411,355.48,146102.28,28,0,WH-C,2022,5,20,2,430.5,-0.045,1,0
2022-05-29,SKU027,Food,380,83.86,31866.8,832,0,WH-B,2022,5,21,2,405.2,-0.062,0,0
2022-06-05,SKU027,Food,371,418.94,155426.74,577,0,WH-A,2022,6,22,2,392.8,-0.055,0,0
2022-06-12,SKU027,Food,382,441.83,168779.06,62,0,WH-C,2022,6,23,2,386.0,-0.01,0,0
2022-06-19,SKU027,Food,444,161.63,71763.72,717,0,WH-B,2022,6,24,2,394.2,0.126,0,0
2022-06-26,SKU027,Food,413,347.35,143455.55,99,0,WH-B,2022,6,25,2,402.5,0.026,0,0
2022-07-03,SKU027,Food,420,109.08,45813.6,576,1,WH-B,2022,7,26,3,414.8,0.013,0,420
2022-07-10,SKU027,Food,428,359.15,153716.2,851,1,WH-A,2022,7,27,3,426.2,0.004,0,428
2022-07-17,SKU027,Food,444,169.57,75289.08,938,0,WH-C,2022,7,28,3,426.2,0.042,0,0
2022-07-24,SKU027,Food,407,223.12,90809.84,210,0,WH-B,2022,7,29,3,424.8,-0.042,0,0
2022-07-31,SKU027,Food,430,12.84,5521.2,730,0,WH-A,2022,7,30,3,427.2,0.007,0,0
2022-08-07,SKU027,Food,429,351.3,150707.7,901,0,WH-A,2022,8,31,3,427.5,0.004,0,0
2022-08-14,SKU027,Food,387,297.58,115163.46,452,0,WH-B,2022,8,32,3,413.2,-0.063,0,0
2022-08-21,SKU027,Food,398,389.26,154925.48,586,0,WH-C,2022,8,33,3,411.0,-0.032,0,0
2022-08-28,SKU027,Food,384,435.54,167247.36,940,0,WH-A,2022,8,34,3,399.5,-0.039,0,0
2022-09-04,SKU027,Food,371,128.67,47736.57,969,0,WH-B,2022,9,35,3,385.0,-0.036,0,0
2022-09-11,SKU027,Food,363,76.6,27805.8,654,0,WH-A,2022,9,36,3,379.0,-0.042,0,0
2022-09-18,SKU027,Food,308,101.86,31372.88,586,0,WH-B,2022,9,37,3,356.5,-0.136,0,0
2022-09-25,SKU027,Food,337,253.96,85584.52,299,0,WH-A,2022,9,38,3,344.8,-0.023,0,0
2022-10-02,SKU027,Food,281,485.33,136377.73,980,0,WH-A,2022,10,39,4,322.2,-0.128,0,0
2022-10-09,SKU027,Food,267,162.88,43488.96,963,0,WH-A,2022,10,40,4,298.2,-0.105,0,0
2022-10-16,SKU027,Food,279,264.42,73773.18,607,0,WH-C,2022,10,41,4,291.0,-0.041,0,0
2022-10-23,SKU027,Food,252,397.0,100044.0,59,1,WH-A,2022,10,42,4,269.8,-0.066,0,252
2022-10-30,SKU027,Food,221,265.33,58637.93,843,0,WH-B,2022,10,43,4,254.8,-0.133,0,0
2022-11-06,SKU027,Food,265,126.89,33625.85,891,1,WH-A,2022,11,44,4,254.2,0.042,0,265
2022-11-13,SKU027,Food,264,204.41,53964.24,619,0,WH-C,2022,11,45,4,250.5,0.054,0,0
2022-11-20,SKU027,Food,238,232.38,55306.44,488,0,WH-A,2022,11,46,4,247.0,-0.036,0,0
2022-11-27,SKU027,Food,230,103.12,23717.6,800,0,WH-B,2022,11,47,4,249.2,-0.077,0,0
2022-12-04,SKU027,Food,312,293.21,91481.52,307,0,WH-A,2022,12,48,4,261.0,0.195,0,0
2022-12-11,SKU027,Food,309,478.23,147773.07,898,0,WH-C,2022,12,49,4,272.2,0.135,0,0
2022-12-18,SKU027,Food,376,313.4,117838.4,104,0,WH-A,2022,12,50,4,306.8,0.226,0,0
2022-12-25,SKU027,Food,425,383.37,162932.25,735,0,WH-B,2022,12,51,4,355.5,0.195,0,0
2023-01-01,SKU027,Food,438,498.85,218496.3,979,0,WH-B,2023,1,52,1,387.0,0.132,0,0
2023-01-08,SKU027,Food,449,494.34,221958.66,581,0,WH-C,2023,1,1,1,422.0,0.064,0,0
2023-01-15,SKU027,Food,470,186.6,87702.0,825,0,WH-B,2023,1,2,1,445.5,0.055,0,0
2023-01-22,SKU027,Food,514,433.54,222839.56,976,0,WH-A,2023,1,3,1,467.8,0.099,0,0
2023-01-29,SKU027,Food,532,44.74,23801.68,202,0,WH-A,2023,1,4,1,491.2,0.083,0,0
2023-02-05,SKU027,Food,543,126.55,68716.65,350,1,WH-B,2023,2,5,1,514.8,0.055,0,543
2023-02-12,SKU027,Food,577,255.93,147671.61,404,1,WH-B,2023,2,6,1,541.5,0.066,0,577
2023-02-19,SKU027,Food,619,118.97,73642.43,292,1,WH-A,2023,2,7,1,567.8,0.09,0,619
2023-02-26,SKU027,Food,624,84.11,52484.64,224,0,WH-C,2023,2,8,1,590.8,0.056,0,0
2023-03-05,SKU027,Food,590,476.72,281264.8,160,0,WH-B,2023,3,9,1,602.5,-0.021,0,0
2023-03-12,SKU027,Food,550,178.22,98021.0,703,0,WH-B,2023,3,10,1,595.8,-0.077,0,0
2023-03-19,SKU027,Food,588,186.24,109509.12,786,0,WH-C,2023,3,11,1,588.0,0.0,0,0
2023-03-26,SKU027,Food,558,264.6,147646.8,637,0,WH-B,2023,3,12,1,571.5,-0.024,0,0
2023-04-02,SKU027,Food,573,238.15,136459.95,678,0,WH-C,2023,4,13,2,567.2,0.01,0,0
2023-04-09,SKU027,Food,511,392.44,200536.84,971,0,WH-B,2023,4,14,2,557.5,-0.083,0,0
2023-04-16,SKU027,Food,523,382.09,199833.07,105,1,WH-A,2023,4,15,2,541.2,-0.034,0,523
2023-04-23,SKU027,Food,481,239.8,115343.8,657,0,WH-C,2023,4,16,2,522.0,-0.079,0,0
2023-04-30,SKU027,Food,452,195.01,88144.52,619,0,WH-C,2023,4,17,2,491.8,-0.081,0,0
2023-05-07,SKU027,Food,444,325.06,144326.64,844,0,WH-A,2023,5,18,2,475.0,-0.065,0,0
2023-05-14,SKU027,Food,441,17.02,7505.82,907,0,WH-C,2023,5,19,2,454.5,-0.03,0,0
2023-05-21,SKU027,Food,418,66.0,27588.0,532,0,WH-C,2023,5,20,2,438.8,-0.047,0,0
2023-05-28,SKU027,Food,400,283.04,113216.0,205,0,WH-A,2023,5,21,2,425.8,-0.061,0,0
2023-06-04,SKU027,Food,377,317.59,119731.43,689,0,WH-A,2023,6,22,2,409.0,-0.078,0,0
2023-06-11,SKU027,Food,405,223.12,90363.6,138,0,WH-B,2023,6,23,2,400.0,0.012,0,0
2023-06-18,SKU027,Food,392,217.34,85197.28,541,0,WH-B,2023,6,24,2,393.5,-0.004,0,0
2023-06-25,SKU027,Food,413,237.95,98273.35,55,1,WH-C,2023,6,25,2,396.8,0.041,0,413
2023-07-02,SKU027,Food,428,106.65,45646.2,696,0,WH-A,2023,7,26,3,409.5,0.045,0,0
2023-07-09,SKU027,Food,398,165.17,65737.66,703,0,WH-C,2023,7,27,3,407.8,-0.024,0,0
2023-07-16,SKU027,Food,407,120.28,48953.96,369,0,WH-B,2023,7,28,3,411.5,-0.011,0,0
2023-07-23,SKU027,Food,428,210.72,90188.16,483,1,WH-A,2023,7,29,3,415.2,0.031,0,428
2023-07-30,SKU027,Food,411,177.95,73137.45,801,0,WH-B,2023,7,30,3,411.0,0.0,0,0
2023-08-06,SKU027,Food,449,211.21,94833.29,401,0,WH-C,2023,8,31,3,423.8,0.059,0,0
2023-08-13,SKU027,Food,411,443.5,182278.5,206,0,WH-A,2023,8,32,3,424.8,-0.032,0,0
2023-08-20,SKU027,Food,382,183.44,70074.08,599,0,WH-B,2023,8,33,3,413.2,-0.076,0,0
2023-08-27,SKU027,Food,409,338.46,138430.14,922,0,WH-C,2023,8,34,3,412.8,-0.009,0,0
2023-09-03,SKU027,Food,365,147.4,53801.0,450,0,WH-B,2023,9,35,3,391.8,-0.068,0,0
2023-09-10,SKU027,Food,318,414.66,131861.88,291,1,WH-C,2023,9,36,3,368.5,-0.137,0,318
2023-09-17,SKU027,Food,342,97.65,33396.3,598,0,WH-B,2023,9,37,3,358.5,-0.046,0,0
2023-09-24,SKU027,Food,274,131.81,36115.94,289,0,WH-B,2023,9,38,3,324.8,-0.156,0,0
2023-10-01,SKU027,Food,290,211.18,61242.2,161,0,WH-C,2023,10,39,4,306.0,-0.052,0,0
2023-10-08,SKU027,Food,412,248.72,102472.64,798,0,WH-A,2023,10,40,4,329.5,0.25,0,0
2023-10-15,SKU027,Food,256,207.17,53035.52,828,0,WH-C,2023,10,41,4,308.0,-0.169,0,0
2023-10-22,SKU027,Food,230,294.73,67787.9,793,0,WH-B,2023,10,42,4,297.0,-0.226,0,0
2023-10-29,SKU027,Food,229,154.29,35332.41,830,0,WH-B,2023,10,43,4,281.8,-0.187,0,0
2023-11-05,SKU027,Food,205,338.84,69462.2,951,0,WH-B,2023,11,44,4,230.0,-0.109,0,0
2023-11-12,SKU027,Food,244,383.22,93505.68,702,0,WH-B,2023,11,45,4,227.0,0.075,0,0
2023-11-19,SKU027,Food,236,198.05,46739.8,735,0,WH-A,2023,11,46,4,228.5,0.033,0,0
2023-11-26,SKU027,Food,228,459.04,104661.12,731,0,WH-A,2023,11,47,4,228.2,-0.001,0,0
2023-12-03,SKU027,Food,271,121.78,33002.38,83,0,WH-B,2023,12,48,4,244.8,0.107,0,0
2023-12-10,SKU027,Food,345,33.21,11457.45,645,0,WH-B,2023,12,49,4,270.0,0.278,0,0
2023-12-17,SKU027,Food,376,65.28,24545.28,687,0,WH-B,2023,12,50,4,305.0,0.233,0,0
2023-12-24,SKU027,Food,381,183.65,69970.65,536,0,WH-A,2023,12,51,4,343.2,0.11,0,0
2023-12-31,SKU027,Food,425,163.05,69296.25,202,0,WH-C,2023,12,52,4,381.8,0.113,0,0
2024-01-07,SKU027,Food,441,172.6,76116.6,776,0,WH-C,2024,1,1,1,405.8,0.087,0,0
2024-01-14,SKU027,Food,516,19.15,9881.4,20,0,WH-B,2024,1,2,1,440.8,0.171,1,0
2024-01-21,SKU027,Food,535,145.75,77976.25,150,0,WH-C,2024,1,3,1,479.2,0.116,0,0
2024-01-28,SKU027,Food,521,273.08,142274.68,284,0,WH-C,2024,1,4,1,503.2,0.035,0,0
2024-02-04,SKU027,Food,530,100.16,53084.8,416,0,WH-C,2024,2,5,1,525.5,0.009,0,0
2024-02-11,SKU027,Food,582,214.55,124868.1,784,0,WH-C,2024,2,6,1,542.0,0.074,0,0
2024-02-18,SKU027,Food,576,255.83,147358.08,485,0,WH-A,2024,2,7,1,552.2,0.043,0,0
2024-02-25,SKU027,Food,553,79.78,44118.34,995,0,WH-B,2024,2,8,1,560.2,-0.013,0,0
2024-03-03,SKU027,Food,580,202.46,117426.8,378,0,WH-C,2024,3,9,1,572.8,0.013,0,0
2024-03-10,SKU027,Food,585,337.58,197484.3,589,0,WH-C,2024,3,10,1,573.5,0.02,0,0
2024-03-17,SKU027,Food,588,129.71,76269.48,665,0,WH-A,2024,3,11,1,576.5,0.02,0,0
2024-03-24,SKU027,Food,540,426.15,230121.0,437,1,WH-A,2024,3,12,1,573.2,-0.058,0,540
2024-03-31,SKU027,Food,477,91.28,43540.56,792,1,WH-B,2024,3,13,1,547.5,-0.129,0,477
2024-04-07,SKU027,Food,412,163.14,67213.68,469,0,WH-B,2024,4,14,2,504.2,-0.183,0,0
2024-04-14,SKU027,Food,519,62.46,32416.74,328,0,WH-A,2024,4,15,2,487.0,0.066,0,0
2024-04-21,SKU027,Food,524,146.7,76870.8,892,0,WH-C,2024,4,16,2,483.0,0.085,0,0
2024-04-28,SKU027,Food,449,125.69,56434.81,31,0,WH-B,2024,4,17,2,476.0,-0.057,1,0
2024-05-05,SKU027,Food,434,166.53,72274.02,771,0,WH-C,2024,5,18,2,481.5,-0.099,0,0
2024-05-12,SKU027,Food,472,221.97,104769.84,114,0,WH-A,2024,5,19,2,469.8,0.005,0,0
2024-05-19,SKU027,Food,433,39.38,17051.54,554,0,WH-C,2024,5,20,2,447.0,-0.031,0,0
2024-05-26,SKU027,Food,399,249.63,99602.37,327,0,WH-C,2024,5,21,2,434.5,-0.082,0,0
2024-06-02,SKU027,Food,401,145.26,58249.26,85,0,WH-C,2024,6,22,2,426.2,-0.059,0,0
2024-06-09,SKU027,Food,428,218.52,93526.56,802,0,WH-B,2024,6,23,2,415.2,0.031,0,0
2024-06-16,SKU027,Food,419,269.6,112962.4,563,0,WH-A,2024,6,24,2,411.8,0.017,0,0
2024-06-23,SKU027,Food,396,234.06,92687.76,14,0,WH-A,2024,6,25,2,411.0,-0.036,1,0
2024-06-30,SKU027,Food,464,377.71,175257.44,683,1,WH-C,2024,6,26,2,426.8,0.087,0,464
2024-07-07,SKU027,Food,414,303.52,125657.28,335,0,WH-B,2024,7,27,3,423.2,-0.022,0,0
2024-07-14,SKU027,Food,403,223.12,89917.36,122,0,WH-B,2024,7,28,3,419.2,-0.039,0,0
2024-07-21,SKU027,Food,425,65.66,27905.5,348,0,WH-A,2024,7,29,3,426.5,-0.004,0,0
2024-07-28,SKU027,Food,402,424.89,170805.78,570,1,WH-C,2024,7,30,3,411.0,-0.022,0,402
2024-08-04,SKU027,Food,419,419.61,175816.59,762,0,WH-C,2024,8,31,3,412.2,0.016,0,0
2024-08-11,SKU027,Food,411,71.11,29226.21,488,0,WH-B,2024,8,32,3,414.2,-0.008,0,0
2024-08-18,SKU027,Food,391,198.64,77668.24,404,0,WH-B,2024,8,33,3,405.8,-0.036,0,0
2024-08-25,SKU027,Food,383,48.56,18598.48,339,0,WH-C,2024,8,34,3,401.0,-0.045,0,0
2024-09-01,SKU027,Food,382,472.2,180380.4,544,0,WH-B,2024,9,35,3,391.8,-0.025,0,0
2024-09-08,SKU027,Food,358,348.71,124838.18,17,0,WH-B,2024,9,36,3,378.5,-0.054,1,0
2024-09-15,SKU027,Food,329,421.35,138624.15,5,0,WH-A,2024,9,37,3,363.0,-0.094,1,0
2024-09-22,SKU027,Food,319,206.75,65953.25,224,0,WH-A,2024,9,38,3,347.0,-0.081,0,0
2024-09-29,SKU027,Food,293,494.43,144867.99,177,0,WH-A,2024,9,39,3,324.8,-0.098,0,0
2024-10-06,SKU027,Food,265,328.38,87020.7,361,0,WH-C,2024,10,40,4,301.5,-0.121,0,0
2024-10-13,SKU027,Food,280,50.01,14002.8,303,0,WH-C,2024,10,41,4,289.2,-0.032,0,0
2024-10-20,SKU027,Food,247,204.5,50511.5,940,0,WH-B,2024,10,42,4,271.2,-0.089,0,0
2024-10-27,SKU027,Food,219,52.3,11453.7,451,0,WH-A,2024,10,43,4,252.8,-0.134,0,0
2024-11-03,SKU027,Food,223,136.81,30508.63,666,0,WH-C,2024,11,44,4,242.2,-0.079,0,0
2024-11-10,SKU027,Food,218,472.56,103018.08,142,0,WH-B,2024,11,45,4,226.8,-0.039,0,0
2024-11-17,SKU027,Food,254,22.17,5631.18,89,0,WH-C,2024,11,46,4,228.5,0.112,0,0
2024-11-24,SKU027,Food,277,333.18,92290.86,682,0,WH-C,2024,11,47,4,243.0,0.14,0,0
2024-12-01,SKU027,Food,276,410.03,113168.28,254,1,WH-A,2024,12,48,4,256.2,0.077,0,276
2024-12-08,SKU027,Food,351,462.06,162183.06,472,0,WH-A,2024,12,49,4,289.5,0.212,0,0
2024-12-15,SKU027,Food,340,367.76,125038.4,381,0,WH-C,2024,12,50,4,311.0,0.093,0,0
2024-12-22,SKU027,Food,366,444.95,162851.7,552,0,WH-C,2024,12,51,4,333.2,0.098,0,0
2024-12-29,SKU027,Food,424,415.06,175985.44,643,0,WH-B,2024,12,52,4,370.2,0.145,0,0
2022-01-02,SKU028,Food,150,403.77,60565.5,453,0,WH-A,2022,1,52,1,150.0,0.0,0,0
2022-01-09,SKU028,Food,163,248.99,40585.37,799,0,WH-A,2022,1,1,1,156.5,0.042,0,0
2022-01-16,SKU028,Food,170,132.32,22494.4,825,0,WH-C,2022,1,2,1,161.0,0.056,0,0
2022-01-23,SKU028,Food,232,477.07,110680.24,218,0,WH-A,2022,1,3,1,178.8,0.298,0,0
2022-01-30,SKU028,Food,229,475.0,108775.0,167,0,WH-B,2022,1,4,1,198.5,0.154,0,0
2022-02-06,SKU028,Food,214,335.62,71822.68,519,0,WH-C,2022,2,5,1,211.2,0.013,0,0
2022-02-13,SKU028,Food,220,394.97,86893.4,132,0,WH-A,2022,2,6,1,223.8,-0.017,0,0
2022-02-20,SKU028,Food,246,100.53,24730.38,679,0,WH-A,2022,2,7,1,227.2,0.083,0,0
2022-02-27,SKU028,Food,192,373.49,71710.08,753,0,WH-C,2022,2,8,1,218.0,-0.119,0,0
2022-03-06,SKU028,Food,249,299.43,74558.07,17,0,WH-B,2022,3,9,1,226.8,0.098,1,0
2022-03-13,SKU028,Food,242,115.85,28035.7,521,0,WH-B,2022,3,10,1,232.2,0.042,0,0
2022-03-20,SKU028,Food,208,303.95,63221.6,998,1,WH-C,2022,3,11,1,222.8,-0.066,0,208
2022-03-27,SKU028,Food,205,273.78,56124.9,653,0,WH-C,2022,3,12,1,226.0,-0.093,0,0
2022-04-03,SKU028,Food,246,102.99,25335.54,836,0,WH-A,2022,4,13,2,225.2,0.092,0,0
2022-04-10,SKU028,Food,218,166.66,36331.88,674,0,WH-A,2022,4,14,2,219.2,-0.005,0,0
2022-04-17,SKU028,Food,185,54.5,10082.5,955,1,WH-A,2022,4,15,2,213.5,-0.133,0,185
2022-04-24,SKU028,Food,213,48.98,10432.74,393,0,WH-B,2022,4,16,2,215.5,-0.012,0,0
2022-05-01,SKU028,Food,173,198.42,34326.66,796,0,WH-B,2022,5,17,2,197.2,-0.123,0,0
2022-05-08,SKU028,Food,164,216.76,35548.64,294,1,WH-A,2022,5,18,2,183.8,-0.108,0,164
2022-05-15,SKU028,Food,168,314.17,52780.56,297,0,WH-C,2022,5,19,2,179.5,-0.064,0,0
2022-05-22,SKU028,Food,171,327.33,55973.43,699,0,WH-C,2022,5,20,2,169.0,0.012,0,0
2022-05-29,SKU028,Food,164,45.21,7414.44,788,0,WH-B,2022,5,21,2,166.8,-0.017,0,0
2022-06-05,SKU028,Food,133,403.57,53674.81,780,0,WH-C,2022,6,22,2,159.0,-0.164,0,0
2022-06-12,SKU028,Food,158,387.14,61168.12,890,0,WH-B,2022,6,23,2,156.5,0.01,0,0
2022-06-19,SKU028,Food,142,489.38,69491.96,501,0,WH-C,2022,6,24,2,149.2,-0.048,0,0
2022-06-26,SKU028,Food,152,226.22,34385.44,175,0,WH-B,2022,6,25,2,146.2,0.04,0,0
2022-07-03,SKU028,Food,167,292.92,48917.64,23,0,WH-A,2022,7,26,3,154.8,0.079,1,0
2022-07-10,SKU028,Food,219,397.82,87122.58,256,0,WH-C,2022,7,27,3,170.0,0.288,0,0
2022-07-17,SKU028,Food,180,38.19,6874.2,90,0,WH-C,2022,7,28,3,179.5,0.003,0,0
2022-07-24,SKU028,Food,163,315.06,51354.78,328,0,WH-A,2022,7,29,3,182.2,-0.105,0,0
2022-07-31,SKU028,Food,172,428.54,73708.88,460,0,WH-A,2022,7,30,3,183.5,-0.063,0,0
2022-08-07,SKU028,Food,175,284.17,49729.75,834,0,WH-A,2022,8,31,3,172.5,0.014,0,0
2022-08-14,SKU028,Food,162,365.65,59235.3,377,0,WH-A,2022,8,32,3,168.0,-0.036,0,0
2022-08-21,SKU028,Food,161,344.07,55395.27,829,0,WH-C,2022,8,33,3,167.5,-0.039,0,0
2022-08-28,SKU028,Food,181,12.41,2246.21,337,0,WH-A,2022,8,34,3,169.8,0.066,0,0
2022-09-04,SKU028,Food,142,11.6,1647.2,8,0,WH-C,2022,9,35,3,161.5,-0.121,1,0
2022-09-11,SKU028,Food,135,407.15,54965.25,255,1,WH-C,2022,9,36,3,154.8,-0.128,0,135
2022-09-18,SKU028,Food,132,248.6,32815.2,223,0,WH-B,2022,9,37,3,147.5,-0.105,0,0
2022-09-25,SKU028,Food,130,188.03,24443.9,43,0,WH-A,2022,9,38,3,134.8,-0.036,1,0
2022-10-02,SKU028,Food,114,113.85,12978.9,580,0,WH-C,2022,10,39,4,127.8,-0.108,0,0
2022-10-09,SKU028,Food,88,402.44,35414.72,476,0,WH-A,2022,10,40,4,116.0,-0.241,0,0
2022-10-16,SKU028,Food,163,351.68,57323.84,50,0,WH-A,2022,10,41,4,123.8,0.317,0,0
2022-10-23,SKU028,Food,56,256.11,14342.16,817,0,WH-A,2022,10,42,4,105.2,-0.468,0,0
2022-10-30,SKU028,Food,99,35.66,3530.34,5,1,WH-C,2022,10,43,4,101.5,-0.025,1,99
2022-11-06,SKU028,Food,104,366.64,38130.56,991,0,WH-C,2022,11,44,4,105.5,-0.014,0,0
2022-11-13,SKU028,Food,120,342.05,41046.0,781,0,WH-A,2022,11,45,4,94.8,0.266,0,0
2022-11-20,SKU028,Food,102,152.8,15585.6,525,0,WH-C,2022,11,46,4,106.2,-0.04,0,0
2022-11-27,SKU028,Food,121,315.56,38182.76,239,1,WH-C,2022,11,47,4,111.8,0.082,0,121
2022-12-04,SKU028,Food,103,352.91,36349.73,991,0,WH-B,2022,12,48,4,111.5,-0.076,0,0
2022-12-11,SKU028,Food,81,115.5,9355.5,663,0,WH-C,2022,12,49,4,101.8,-0.204,0,0
2022-12-18,SKU028,Food,133,223.38,29709.54,866,0,WH-C,2022,12,50,4,109.5,0.215,0,0
2022-12-25,SKU028,Food,160,218.65,34984.0,503,0,WH-A,2022,12,51,4,119.2,0.342,0,0
2023-01-01,SKU028,Food,173,355.62,61522.26,963,0,WH-B,2023,1,52,1,136.8,0.265,0,0
2023-01-08,SKU028,Food,161,282.81,45532.41,439,0,WH-A,2023,1,1,1,156.8,0.027,0,0
2023-01-15,SKU028,Food,216,106.5,23004.0,935,0,WH-B,2023,1,2,1,177.5,0.217,0,0
2023-01-22,SKU028,Food,193,398.89,76985.77,414,0,WH-B,2023,1,3,1,185.8,0.039,0,0
2023-01-29,SKU028,Food,218,379.6,82752.8,154,0,WH-A,2023,1,4,1,197.0,0.107,0,0
2023-02-05,SKU028,Food,222,178.85,39704.7,52,0,WH-A,2023,2,5,1,212.2,0.046,0,0
2023-02-12,SKU028,Food,226,69.87,15790.62,494,1,WH-B,2023,2,6,1,214.8,0.052,0,226
2023-02-19,SKU028,Food,250,145.14,36285.0,447,0,WH-A,2023,2,7,1,229.0,0.092,0,0
2023-02-26,SKU028,Food,243,108.83,26445.69,866,0,WH-B,2023,2,8,1,235.2,0.033,0,0
2023-03-05,SKU028,Food,256,123.97,31736.32,357,0,WH-C,2023,3,9,1,243.8,0.05,0,0
2023-03-12,SKU028,Food,212,272.83,57839.96,641,0,WH-C,2023,3,10,1,240.2,-0.117,0,0
2023-03-19,SKU028,Food,155,288.24,44677.2,332,0,WH-C,2023,3,11,1,216.5,-0.284,0,0
2023-03-26,SKU028,Food,217,429.57,93216.69,121,0,WH-C,2023,3,12,1,210.0,0.033,0,0
2023-04-02,SKU028,Food,191,196.71,37571.61,917,0,WH-A,2023,4,13,2,193.8,-0.014,0,0
2023-04-09,SKU028,Food,198,107.16,21217.68,601,0,WH-C,2023,4,14,2,190.2,0.041,0,0
2023-04-16,SKU028,Food,226,91.33,20640.58,723,0,WH-A,2023,4,15,2,208.0,0.087,0,0
2023-04-23,SKU028,Food,168,177.58,29833.44,883,0,WH-C,2023,4,16,2,195.8,-0.142,0,0
2023-04-30,SKU028,Food,172,191.9,33006.8,498,0,WH-B,2023,4,17,2,191.0,-0.099,0,0
2023-05-07,SKU028,Food,196,185.64,36385.44,381,0,WH-B,2023,5,18,2,190.5,0.029,0,0
2023-05-14,SKU028,Food,163,252.78,41203.14,58,0,WH-B,2023,5,19,2,174.8,-0.068,0,0
2023-05-21,SKU028,Food,175,378.16,66178.0,318,1,WH-A,2023,5,20,2,176.5,-0.008,0,175
2023-05-28,SKU028,Food,163,318.52,51918.76,786,0,WH-C,2023,5,21,2,174.2,-0.064,0,0
2023-06-04,SKU028,Food,142,422.14,59943.88,362,1,WH-A,2023,6,22,2,160.8,-0.117,0,142
2023-06-11,SKU028,Food,176,210.03,36965.28,226,0,WH-B,2023,6,23,2,164.0,0.073,0,0
2023-06-18,SKU028,Food,137,492.31,67446.47,120,0,WH-C,2023,6,24,2,154.5,-0.113,0,0
2023-06-25,SKU028,Food,144,473.18,68137.92,864,0,WH-C,2023,6,25,2,149.8,-0.039,0,0
2023-07-02,SKU028,Food,135,221.63,29920.05,392,0,WH-B,2023,7,26,3,148.0,-0.088,0,0
2023-07-09,SKU028,Food,188,454.87,85515.56,752,0,WH-B,2023,7,27,3,151.0,0.245,0,0
2023-07-16,SKU028,Food,169,219.18,37041.42,849,0,WH-B,2023,7,28,3,159.0,0.063,0,0
2023-07-23,SKU028,Food,172,114.04,19614.88,939,1,WH-A,2023,7,29,3,166.0,0.036,0,172
2023-07-30,SKU028,Food,143,175.47,25092.21,475,0,WH-C,2023,7,30,3,168.0,-0.149,0,0
2023-08-06,SKU028,Food,162,111.4,18046.8,480,1,WH-C,2023,8,31,3,161.5,0.003,0,162
2023-08-13,SKU028,Food,163,142.51,23229.13,590,1,WH-B,2023,8,32,3,160.0,0.019,0,163
2023-08-20,SKU028,Food,182,130.69,23785.58,109,1,WH-A,2023,8,33,3,162.5,0.12,0,182
2023-08-27,SKU028,Food,137,459.33,62928.21,97,0,WH-A,2023,8,34,3,161.0,-0.149,0,0
2023-09-03,SKU028,Food,140,442.6,61964.0,42,0,WH-C,2023,9,35,3,155.5,-0.1,1,0
2023-09-10,SKU028,Food,124,172.88,21437.12,784,0,WH-A,2023,9,36,3,145.8,-0.15,0,0
2023-09-17,SKU028,Food,117,108.65,12712.05,235,0,WH-C,2023,9,37,3,129.5,-0.097,0,0
2023-09-24,SKU028,Food,107,216.04,23116.28,717,0,WH-A,2023,9,38,3,122.0,-0.123,0,0
2023-10-01,SKU028,Food,84,259.92,21833.28,268,1,WH-C,2023,10,39,4,108.0,-0.222,0,84
2023-10-08,SKU028,Food,113,374.31,42297.03,260,0,WH-A,2023,10,40,4,105.2,0.074,0,0
2023-10-15,SKU028,Food,101,217.45,21962.45,370,0,WH-C,2023,10,41,4,101.2,-0.002,0,0
2023-10-22,SKU028,Food,84,95.97,8061.48,722,0,WH-C,2023,10,42,4,95.5,-0.12,0,0
2023-10-29,SKU028,Food,72,398.84,28716.48,18,1,WH-B,2023,10,43,4,92.5,-0.222,1,72
2023-11-05,SKU028,Food,74,498.62,36897.88,519,1,WH-A,2023,11,44,4,82.8,-0.106,0,74
2023-11-12,SKU028,Food,116,481.55,55859.8,0,0,WH-A,2023,11,45,4,86.5,0.341,1,0
2023-11-19,SKU028,Food,108,178.22,19247.76,921,0,WH-C,2023,11,46,4,92.5,0.168,0,0
2023-11-26,SKU028,Food,105,155.28,16304.4,399,0,WH-A,2023,11,47,4,100.8,0.042,0,0
2023-12-03,SKU028,Food,110,423.27,46559.7,876,0,WH-B,2023,12,48,4,109.8,0.002,0,0
2023-12-10,SKU028,Food,117,423.14,49507.38,325,0,WH-B,2023,12,49,4,110.0,0.064,0,0
2023-12-17,SKU028,Food,96,150.45,14443.2,57,0,WH-A,2023,12,50,4,107.0,-0.103,0,0
2023-12-24,SKU028,Food,133,117.89,15679.37,553,0,WH-A,2023,12,51,4,114.0,0.167,0,0
2023-12-31,SKU028,Food,147,474.65,69773.55,157,0,WH-A,2023,12,52,4,123.2,0.193,0,0
2024-01-07,SKU028,Food,163,492.34,80251.42,892,0,WH-C,2024,1,1,1,134.8,0.209,0,0
2024-01-14,SKU028,Food,206,100.27,20655.62,381,1,WH-B,2024,1,2,1,162.2,0.27,0,206
2024-01-21,SKU028,Food,212,114.72,24320.64,842,0,WH-A,2024,1,3,1,182.0,0.165,0,0
2024-01-28,SKU028,Food,230,193.19,44433.7,672,0,WH-B,2024,1,4,1,202.8,0.134,0,0
2024-02-04,SKU028,Food,212,189.32,40135.84,439,0,WH-B,2024,2,5,1,215.0,-0.014,0,0
2024-02-11,SKU028,Food,256,170.97,43768.32,125,0,WH-A,2024,2,6,1,227.5,0.125,0,0
2024-02-18,SKU028,Food,233,48.91,11396.03,739,0,WH-A,2024,2,7,1,232.8,0.001,0,0
2024-02-25,SKU028,Food,178,236.02,42011.56,705,1,WH-A,2024,2,8,1,219.8,-0.19,0,178
2024-03-03,SKU028,Food,250,232.9,58225.0,472,0,WH-B,2024,3,9,1,229.2,0.091,0,0
2024-03-10,SKU028,Food,253,268.99,68054.47,305,0,WH-C,2024,3,10,1,228.5,0.107,0,0
2024-03-17,SKU028,Food,231,38.65,8928.15,174,0,WH-A,2024,3,11,1,228.0,0.013,0,0
2024-03-24,SKU028,Food,219,272.0,59568.0,916,1,WH-B,2024,3,12,1,238.2,-0.081,0,219
2024-03-31,SKU028,Food,246,83.97,20656.62,887,0,WH-B,2024,3,13,1,237.2,0.037,0,0
2024-04-07,SKU028,Food,195,322.85,62955.75,625,0,WH-A,2024,4,14,2,222.8,-0.125,0,0
2024-04-14,SKU028,Food,167,389.41,65031.47,670,0,WH-A,2024,4,15,2,206.8,-0.192,0,0
2024-04-21,SKU028,Food,196,11.48,2250.08,553,0,WH-A,2024,4,16,2,201.0,-0.025,0,0
2024-04-28,SKU028,Food,160,252.95,40472.0,845,0,WH-C,2024,4,17,2,179.5,-0.109,0,0
2024-05-05,SKU028,Food,177,366.62,64891.74,732,0,WH-C,2024,5,18,2,175.0,0.011,0,0
2024-05-12,SKU028,Food,167,219.79,36704.93,989,0,WH-C,2024,5,19,2,175.0,-0.046,0,0
2024-05-19,SKU028,Food,192,28.12,5399.04,341,0,WH-A,2024,5,20,2,174.0,0.103,0,0
2024-05-26,SKU028,Food,156,454.27,70866.12,601,0,WH-B,2024,5,21,2,173.0,-0.098,0,0
2024-06-02,SKU028,Food,148,19.56,2894.88,424,0,WH-C,2024,6,22,2,165.8,-0.107,0,0
2024-06-09,SKU028,Food,157,205.91,32327.87,86,0,WH-C,2024,6,23,2,163.2,-0.038,0,0
2024-06-16,SKU028,Food,189,266.75,50415.75,250,1,WH-C,2024,6,24,2,162.5,0.163,0,189
2024-06-23,SKU028,Food,163,249.01,40588.63,976,0,WH-B,2024,6,25,2,164.2,-0.007,0,0
2024-06-30,SKU028,Food,153,484.26,74091.78,21,1,WH-B,2024,6,26,2,165.5,-0.076,1,153
2024-07-07,SKU028,Food,171,245.45,41971.95,893,0,WH-B,2024,7,27,3,169.0,0.012,0,0
2024-07-14,SKU028,Food,187,122.51,22909.37,552,0,WH-C,2024,7,28,3,168.5,0.11,0,0
2024-07-21,SKU028,Food,168,91.86,15432.48,239,0,WH-B,2024,7,29,3,169.8,-0.011,0,0
2024-07-28,SKU028,Food,175,420.81,73641.75,837,1,WH-B,2024,7,30,3,175.2,-0.001,0,175
2024-08-04,SKU028,Food,181,175.79,31817.99,88,0,WH-B,2024,8,31,3,177.8,0.018,0,0
2024-08-11,SKU028,Food,145,261.62,37934.9,367,1,WH-A,2024,8,32,3,167.2,-0.133,0,145
2024-08-18,SKU028,Food,161,106.75,17186.75,483,1,WH-A,2024,8,33,3,165.5,-0.027,0,161
2024-08-25,SKU028,Food,157,265.78,41727.46,780,0,WH-C,2024,8,34,3,161.0,-0.025,0,0
2024-09-01,SKU028,Food,129,112.27,14482.83,126,0,WH-C,2024,9,35,3,148.0,-0.128,0,0
2024-09-08,SKU028,Food,127,198.11,25159.97,608,0,WH-A,2024,9,36,3,143.5,-0.115,0,0
2024-09-15,SKU028,Food,107,300.91,32197.37,86,0,WH-C,2024,9,37,3,130.0,-0.177,0,0
2024-09-22,SKU028,Food,123,266.54,32784.42,914,0,WH-B,2024,9,38,3,121.5,0.012,0,0
2024-09-29,SKU028,Food,155,174.84,27100.2,551,0,WH-C,2024,9,39,3,128.0,0.211,0,0
2024-10-06,SKU028,Food,140,401.98,56277.2,801,0,WH-C,2024,10,40,4,131.2,0.067,0,0
2024-10-13,SKU028,Food,111,351.6,39027.6,969,0,WH-C,2024,10,41,4,132.2,-0.16,0,0
2024-10-20,SKU028,Food,95,277.71,26382.45,753,0,WH-B,2024,10,42,4,125.2,-0.241,0,0
2024-10-27,SKU028,Food,80,100.9,8072.0,710,0,WH-A,2024,10,43,4,106.5,-0.249,0,0
2024-11-03,SKU028,Food,163,298.88,48717.44,27,0,WH-C,2024,11,44,4,112.2,0.453,1,0
2024-11-10,SKU028,Food,75,178.06,13354.5,729,0,WH-B,2024,11,45,4,103.2,-0.273,0,0
2024-11-17,SKU028,Food,103,220.6,22721.8,441,0,WH-C,2024,11,46,4,105.2,-0.021,0,0
2024-11-24,SKU028,Food,67,216.87,14530.29,882,0,WH-A,2024,11,47,4,102.0,-0.343,0,0
2024-12-01,SKU028,Food,133,318.41,42348.53,268,0,WH-C,2024,12,48,4,94.5,0.407,0,0
2024-12-08,SKU028,Food,100,476.88,47688.0,509,0,WH-B,2024,12,49,4,100.8,-0.008,0,0
2024-12-15,SKU028,Food,86,379.02,32595.72,468,1,WH-B,2024,12,50,4,96.5,-0.109,0,86
2024-12-22,SKU028,Food,138,116.06,16016.28,495,1,WH-A,2024,12,51,4,114.2,0.208,0,138
2024-12-29,SKU028,Food,173,348.63,60312.99,828,1,WH-A,2024,12,52,4,124.2,0.393,0,173
2022-01-02,SKU029,Food,169,382.41,64627.29,893,0,WH-B,2022,1,52,1,169.0,0.0,0,0
2022-01-09,SKU029,Food,236,406.85,96016.6,781,0,WH-A,2022,1,1,1,202.5,0.165,0,0
2022-01-16,SKU029,Food,269,343.05,92280.45,758,0,WH-A,2022,1,2,1,224.7,0.197,0,0
2022-01-23,SKU029,Food,211,20.1,4241.1,140,0,WH-B,2022,1,3,1,221.2,-0.046,0,0
2022-01-30,SKU029,Food,237,492.38,116694.06,523,1,WH-C,2022,1,4,1,238.2,-0.005,0,237
2022-02-06,SKU029,Food,279,60.2,16795.8,303,0,WH-C,2022,2,5,1,249.0,0.12,0,0
2022-02-13,SKU029,Food,258,352.58,90965.64,735,0,WH-A,2022,2,6,1,246.2,0.048,0,0
2022-02-20,SKU029,Food,330,290.86,95983.8,876,0,WH-C,2022,2,7,1,276.0,0.196,0,0
2022-02-27,SKU029,Food,239,126.72,30286.08,857,0,WH-A,2022,2,8,1,276.5,-0.136,0,0
2022-03-06,SKU029,Food,258,188.83,48718.14,268,0,WH-C,2022,3,9,1,271.2,-0.049,0,0
2022-03-13,SKU029,Food,230,201.27,46292.1,877,0,WH-C,2022,3,10,1,264.2,-0.129,0,0
2022-03-20,SKU029,Food,262,338.18,88603.16,733,0,WH-C,2022,3,11,1,247.2,0.06,0,0
2022-03-27,SKU029,Food,255,385.02,98180.1,329,0,WH-A,2022,3,12,1,251.2,0.015,0,0
2022-04-03,SKU029,Food,261,110.91,28947.51,626,0,WH-B,2022,4,13,2,252.0,0.036,0,0
2022-04-10,SKU029,Food,233,112.22,26147.26,162,0,WH-B,2022,4,14,2,252.8,-0.078,0,0
2022-04-17,SKU029,Food,257,395.34,101602.38,286,0,WH-C,2022,4,15,2,251.5,0.022,0,0
2022-04-24,SKU029,Food,187,362.01,67695.87,158,0,WH-B,2022,4,16,2,234.5,-0.203,0,0
2022-05-01,SKU029,Food,218,40.13,8748.34,366,0,WH-C,2022,5,17,2,223.8,-0.026,0,0
2022-05-08,SKU029,Food,219,280.61,61453.59,489,0,WH-B,2022,5,18,2,220.2,-0.005,0,0
2022-05-15,SKU029,Food,187,22.45,4198.15,624,0,WH-C,2022,5,19,2,202.8,-0.078,0,0
2022-05-22,SKU029,Food,199,216.63,43109.37,14,0,WH-C,2022,5,20,2,205.8,-0.033,1,0
2022-05-29,SKU029,Food,153,296.73,45399.69,515,0,WH-B,2022,5,21,2,189.5,-0.193,0,0
2022-06-05,SKU029,Food,176,162.47,28594.72,824,0,WH-C,2022,6,22,2,178.8,-0.016,0,0
2022-06-12,SKU029,Food,213,376.19,80128.47,264,0,WH-C,2022,6,23,2,185.2,0.15,0,0
2022-06-19,SKU029,Food,183,273.75,50096.25,12,0,WH-B,2022,6,24,2,181.2,0.01,1,0
2022-06-26,SKU029,Food,204,450.6,91922.4,571,0,WH-B,2022,6,25,2,194.0,0.052,0,0
2022-07-03,SKU029,Food,208,302.12,62840.96,339,0,WH-B,2022,7,26,3,202.0,0.03,0,0
2022-07-10,SKU029,Food,214,184.7,39525.8,29,0,WH-C,2022,7,27,3,202.2,0.058,1,0
2022-07-17,SKU029,Food,212,116.56,24710.72,2,0,WH-A,2022,7,28,3,209.5,0.012,1,0
2022-07-24,SKU029,Food,230,168.26,38699.8,437,0,WH-C,2022,7,29,3,216.0,0.065,0,0
2022-07-31,SKU029,Food,214,426.49,91268.86,434,0,WH-B,2022,7,30,3,217.5,-0.016,0,0
2022-08-07,SKU029,Food,238,251.29,59807.02,961,0,WH-B,2022,8,31,3,223.5,0.065,0,0
2022-08-14,SKU029,Food,161,71.4,11495.4,110,0,WH-B,2022,8,32,3,210.8,-0.236,0,0
2022-08-21,SKU029,Food,180,276.58,49784.4,583,0,WH-C,2022,8,33,3,198.2,-0.092,0,0
2022-08-28,SKU029,Food,163,10.97,1788.11,401,0,WH-B,2022,8,34,3,185.5,-0.121,0,0
2022-09-04,SKU029,Food,143,249.54,35684.22,147,0,WH-A,2022,9,35,3,161.8,-0.116,0,0
2022-09-11,SKU029,Food,158,11.15,1761.7,10,0,WH-A,2022,9,36,3,161.0,-0.019,1,0
2022-09-18,SKU029,Food,158,385.94,60978.52,396,0,WH-B,2022,9,37,3,155.5,0.016,0,0
2022-09-25,SKU029,Food,119,303.67,36136.73,164,0,WH-B,2022,9,38,3,144.5,-0.176,0,0
2022-10-02,SKU029,Food,124,159.68,19800.32,800,0,WH-B,2022,10,39,4,139.8,-0.113,0,0
2022-10-09,SKU029,Food,123,287.99,35422.77,616,0,WH-C,2022,10,40,4,131.0,-0.061,0,0
2022-10-16,SKU029,Food,106,370.84,39309.04,931,0,WH-A,2022,10,41,4,118.0,-0.102,0,0
2022-10-23,SKU029,Food,82,218.75,17937.5,806,0,WH-B,2022,10,42,4,108.8,-0.246,0,0
2022-10-30,SKU029,Food,99,91.25,9033.75,265,0,WH-C,2022,10,43,4,102.5,-0.034,0,0
2022-11-06,SKU029,Food,86,461.71,39707.06,218,0,WH-C,2022,11,44,4,93.2,-0.077,0,0
2022-11-13,SKU029,Food,95,315.48,29970.6,494,0,WH-A,2022,11,45,4,90.5,0.05,0,0
2022-11-20,SKU029,Food,128,116.71,14938.88,812,1,WH-A,2022,11,46,4,102.0,0.255,0,128
2022-11-27,SKU029,Food,123,450.32,55389.36,689,0,WH-A,2022,11,47,4,108.0,0.139,0,0
2022-12-04,SKU029,Food,123,190.3,23406.9,853,0,WH-C,2022,12,48,4,117.2,0.049,0,0
2022-12-11,SKU029,Food,148,332.08,49147.84,43,1,WH-A,2022,12,49,4,130.5,0.134,1,148
2022-12-18,SKU029,Food,162,70.24,11378.88,255,0,WH-C,2022,12,50,4,139.0,0.165,0,0
2022-12-25,SKU029,Food,172,278.99,47986.28,582,0,WH-A,2022,12,51,4,151.2,0.138,0,0
2023-01-01,SKU029,Food,204,458.83,93601.32,308,0,WH-B,2023,1,52,1,171.5,0.19,0,0
2023-01-08,SKU029,Food,217,166.72,36178.24,324,0,WH-C,2023,1,1,1,188.8,0.149,0,0
2023-01-15,SKU029,Food,228,73.5,16758.0,846,0,WH-C,2023,1,2,1,205.2,0.111,0,0
2023-01-22,SKU029,Food,201,93.66,18825.66,317,0,WH-C,2023,1,3,1,212.5,-0.054,0,0
2023-01-29,SKU029,Food,248,151.36,37537.28,750,1,WH-B,2023,1,4,1,223.5,0.11,0,248
2023-02-05,SKU029,Food,241,258.05,62190.05,739,0,WH-A,2023,2,5,1,229.5,0.05,0,0
2023-02-12,SKU029,Food,265,427.67,113332.55,25,0,WH-C,2023,2,6,1,238.8,0.11,1,0
2023-02-19,SKU029,Food,256,238.72,61112.32,612,0,WH-B,2023,2,7,1,252.5,0.014,0,0
2023-02-26,SKU029,Food,307,448.18,137591.26,656,1,WH-A,2023,2,8,1,267.2,0.149,0,307
2023-03-05,SKU029,Food,263,135.34,35594.42,465,0,WH-A,2023,3,9,1,272.8,-0.036,0,0
2023-03-12,SKU029,Food,238,113.13,26924.94,17,0,WH-B,2023,3,10,1,266.0,-0.105,1,0
2023-03-19,SKU029,Food,247,321.51,79412.97,190,0,WH-B,2023,3,11,1,263.8,-0.064,0,0
2023-03-26,SKU029,Food,231,151.9,35088.9,403,0,WH-A,2023,3,12,1,244.8,-0.056,0,0
2023-04-02,SKU029,Food,291,334.08,97217.28,836,0,WH-A,2023,4,13,2,251.8,0.156,0,0
2023-04-09,SKU029,Food,220,139.74,30742.8,183,0,WH-A,2023,4,14,2,247.2,-0.11,0,0
2023-04-16,SKU029,Food,231,281.52,65031.12,73,0,WH-C,2023,4,15,2,243.2,-0.05,0,0
2023-04-23,SKU029,Food,219,295.24,64657.56,356,0,WH-B,2023,4,16,2,240.2,-0.088,0,0
2023-04-30,SKU029,Food,184,310.95,57214.8,413,0,WH-B,2023,4,17,2,213.5,-0.138,0,0
2023-05-07,SKU029,Food,182,237.62,43246.84,300,0,WH-A,2023,5,18,2,204.0,-0.108,0,0
2023-05-14,SKU029,Food,244,77.52,18914.88,483,0,WH-A,2023,5,19,2,207.2,0.178,0,0
2023-05-21,SKU029,Food,169,152.59,25787.71,535,1,WH-B,2023,5,20,2,194.8,-0.132,0,169
2023-05-28,SKU029,Food,170,88.64,15068.8,141,0,WH-B,2023,5,21,2,191.2,-0.111,0,0
2023-06-04,SKU029,Food,163,22.44,3657.72,615,0,WH-B,2023,6,22,2,186.5,-0.126,0,0
2023-06-11,SKU029,Food,160,340.24,54438.4,384,1,WH-B,2023,6,23,2,165.5,-0.033,0,160
2023-06-18,SKU029,Food,150,462.75,69412.5,569,0,WH-B,2023,6,24,2,160.8,-0.067,0,0
2023-06-25,SKU029,Food,192,277.24,53230.08,765,0,WH-B,2023,6,25,2,166.2,0.155,0,0
2023-07-02,SKU029,Food,154,260.26,40080.04,648,0,WH-A,2023,7,26,3,164.0,-0.061,0,0
2023-07-09,SKU029,Food,155,265.55,41160.25,896,1,WH-A,2023,7,27,3,162.8,-0.048,0,155
2023-07-16,SKU029,Food,145,335.63,48666.35,114,1,WH-B,2023,7,28,3,161.5,-0.102,0,145
2023-07-23,SKU029,Food,180,179.82,32367.6,740,0,WH-A,2023,7,29,3,158.5,0.136,0,0
2023-07-30,SKU029,Food,158,33.85,5348.3,219,0,WH-B,2023,7,30,3,159.5,-0.009,0,0
2023-08-06,SKU029,Food,196,57.96,11360.16,900,0,WH-A,2023,8,31,3,169.8,0.154,0,0
2023-08-13,SKU029,Food,218,445.47,97112.46,283,1,WH-C,2023,8,32,3,188.0,0.16,0,218
2023-08-20,SKU029,Food,171,173.09,29598.39,753,0,WH-C,2023,8,33,3,185.8,-0.08,0,0
2023-08-27,SKU029,Food,187,237.63,44436.81,42,0,WH-B,2023,8,34,3,193.0,-0.031,1,0
2023-09-03,SKU029,Food,133,495.26,65869.58,118,0,WH-B,2023,9,35,3,177.2,-0.249,0,0
2023-09-10,SKU029,Food,156,280.3,43726.8,586,0,WH-A,2023,9,36,3,161.8,-0.036,0,0
2023-09-17,SKU029,Food,114,40.85,4656.9,863,0,WH-B,2023,9,37,3,147.5,-0.227,0,0
2023-09-24,SKU029,Food,121,300.54,36365.34,744,0,WH-A,2023,9,38,3,131.0,-0.076,0,0
2023-10-01,SKU029,Food,134,478.1,64065.4,619,1,WH-C,2023,10,39,4,131.2,0.021,0,134
2023-10-08,SKU029,Food,119,32.83,3906.77,616,0,WH-B,2023,10,40,4,122.0,-0.025,0,0
2023-10-15,SKU029,Food,120,178.1,21372.0,558,1,WH-C,2023,10,41,4,123.5,-0.028,0,120
2023-10-22,SKU029,Food,101,32.46,3278.46,30,0,WH-C,2023,10,42,4,118.5,-0.148,1,0
2023-10-29,SKU029,Food,107,258.49,27658.43,990,0,WH-A,2023,10,43,4,111.8,-0.043,0,0
2023-11-05,SKU029,Food,123,381.05,46869.15,724,0,WH-C,2023,11,44,4,112.8,0.09,0,0
2023-11-12,SKU029,Food,105,60.81,6385.05,142,0,WH-B,2023,11,45,4,109.0,-0.037,0,0
2023-11-19,SKU029,Food,80,81.55,6524.0,104,0,WH-B,2023,11,46,4,103.8,-0.229,0,0
2023-11-26,SKU029,Food,102,288.57,29434.14,101,0,WH-C,2023,11,47,4,102.5,-0.005,0,0
2023-12-03,SKU029,Food,155,276.72,42891.6,747,0,WH-C,2023,12,48,4,110.5,0.403,0,0
2023-12-10,SKU029,Food,146,20.05,2927.3,303,1,WH-B,2023,12,49,4,120.8,0.209,0,146
2023-12-17,SKU029,Food,148,160.96,23822.08,495,0,WH-B,2023,12,50,4,137.8,0.074,0,0
2023-12-24,SKU029,Food,131,34.59,4531.29,855,0,WH-C,2023,12,51,4,145.0,-0.097,0,0
2023-12-31,SKU029,Food,194,386.22,74926.68,297,0,WH-B,2023,12,52,4,154.8,0.253,0,0
2024-01-07,SKU029,Food,179,415.8,74428.2,453,0,WH-B,2024,1,1,1,163.0,0.098,0,0
2024-01-14,SKU029,Food,232,128.55,29823.6,706,0,WH-C,2024,1,2,1,184.0,0.261,0,0
2024-01-21,SKU029,Food,206,462.14,95200.84,211,1,WH-B,2024,1,3,1,202.8,0.016,0,206
2024-01-28,SKU029,Food,206,266.53,54905.18,154,0,WH-A,2024,1,4,1,205.8,0.001,0,0
2024-02-04,SKU029,Food,244,400.93,97826.92,719,0,WH-A,2024,2,5,1,222.0,0.099,0,0
2024-02-11,SKU029,Food,227,52.37,11887.99,211,0,WH-A,2024,2,6,1,220.8,0.028,0,0
2024-02-18,SKU029,Food,231,354.29,81840.99,94,0,WH-B,2024,2,7,1,227.0,0.018,0,0
2024-02-25,SKU029,Food,215,54.42,11700.3,310,0,WH-A,2024,2,8,1,229.2,-0.062,0,0
2024-03-03,SKU029,Food,252,480.26,121025.52,528,0,WH-B,2024,3,9,1,231.2,0.09,0,0
2024-03-10,SKU029,Food,231,227.82,52626.42,498,0,WH-A,2024,3,10,1,232.2,-0.005,0,0
2024-03-17,SKU029,Food,227,394.03,89444.81,840,0,WH-C,2024,3,11,1,231.2,-0.018,0,0
2024-03-24,SKU029,Food,272,240.72,65475.84,217,1,WH-C,2024,3,12,1,245.5,0.108,0,272
2024-03-31,SKU029,Food,254,416.78,105862.12,856,0,WH-A,2024,3,13,1,246.0,0.033,0,0
2024-04-07,SKU029,Food,196,259.375,50837.5,739,0,WH-C,2024,4,14,2,237.2,-0.174,0,0
2024-04-14,SKU029,Food,234,99.25,23224.5,493,0,WH-C,2024,4,15,2,239.0,-0.021,0,0
2024-04-21,SKU029,Food,184,31.24,5748.16,611,0,WH-A,2024,4,16,2,217.0,-0.152,0,0
2024-04-28,SKU029,Food,227,117.75,26729.25,202,0,WH-C,2024,4,17,2,210.2,0.08,0,0
2024-05-05,SKU029,Food,172,101.97,17538.84,721,0,WH-A,2024,5,18,2,204.2,-0.158,0,0
2024-05-12,SKU029,Food,173,320.65,55472.45,702,0,WH-C,2024,5,19,2,189.0,-0.085,0,0
2024-05-19,SKU029,Food,168,419.44,70465.92,171,0,WH-A,2024,5,20,2,185.0,-0.092,0,0
2024-05-26,SKU029,Food,180,396.83,71429.4,75,1,WH-C,2024,5,21,2,173.2,0.039,0,180
2024-06-02,SKU029,Food,190,470.81,89453.9,462,0,WH-A,2024,6,22,2,177.8,0.069,0,0
2024-06-09,SKU029,Food,170,467.19,79422.3,498,0,WH-B,2024,6,23,2,177.0,-0.04,0,0
2024-06-16,SKU029,Food,185,183.1,33873.5,55,0,WH-A,2024,6,24,2,181.2,0.021,0,0
2024-06-23,SKU029,Food,163,330.97,53948.11,339,1,WH-B,2024,6,25,2,177.0,-0.079,0,163
2024-06-30,SKU029,Food,178,344.39,61301.42,16,0,WH-A,2024,6,26,2,174.0,0.023,1,0
2024-07-07,SKU029,Food,168,185.54,31170.72,74,0,WH-C,2024,7,27,3,173.5,-0.032,0,0
2024-07-14,SKU029,Food,153,455.53,69696.09,974,0,WH-B,2024,7,28,3,165.5,-0.076,0,0
2024-07-21,SKU029,Food,202,299.05,60408.1,437,0,WH-A,2024,7,29,3,175.2,0.153,0,0
2024-07-28,SKU029,Food,180,299.33,53879.4,740,0,WH-C,2024,7,30,3,175.8,0.024,0,0
2024-08-04,SKU029,Food,192,195.11,37461.12,262,0,WH-A,2024,8,31,3,181.8,0.056,0,0
2024-08-11,SKU029,Food,147,109.55,16103.85,707,0,WH-C,2024,8,32,3,180.2,-0.184,0,0
2024-08-18,SKU029,Food,181,388.11,70247.91,193,0,WH-C,2024,8,33,3,175.0,0.034,0,0
2024-08-25,SKU029,Food,179,136.69,24467.51,419,0,WH-A,2024,8,34,3,174.8,0.024,0,0
2024-09-01,SKU029,Food,170,274.28,46627.6,328,0,WH-C,2024,9,35,3,169.2,0.005,0,0
2024-09-08,SKU029,Food,152,331.03,50316.56,716,0,WH-A,2024,9,36,3,170.5,-0.109,0,0
2024-09-15,SKU029,Food,133,489.41,65091.53,74,0,WH-C,2024,9,37,3,158.5,-0.161,0,0
2024-09-22,SKU029,Food,128,346.2,44313.6,300,0,WH-B,2024,9,38,3,145.8,-0.122,0,0
2024-09-29,SKU029,Food,138,333.89,46076.82,357,0,WH-A,2024,9,39,3,137.8,0.001,0,0
2024-10-06,SKU029,Food,107,100.46,10749.22,837,0,WH-A,2024,10,40,4,126.5,-0.154,0,0
2024-10-13,SKU029,Food,124,178.25,22103.0,700,1,WH-C,2024,10,41,4,124.2,-0.002,0,124
2024-10-20,SKU029,Food,81,74.69,6049.89,660,0,WH-C,2024,10,42,4,112.5,-0.28,0,0
2024-10-27,SKU029,Food,103,253.63,26123.89,156,1,WH-C,2024,10,43,4,103.8,-0.008,0,103
2024-11-03,SKU029,Food,83,332.54,27600.82,332,0,WH-A,2024,11,44,4,97.8,-0.151,0,0
2024-11-10,SKU029,Food,109,326.6,35599.4,734,0,WH-C,2024,11,45,4,94.0,0.16,0,0
2024-11-17,SKU029,Food,85,332.14,28231.9,966,0,WH-A,2024,11,46,4,95.0,-0.105,0,0
2024-11-24,SKU029,Food,122,177.99,21714.78,985,0,WH-A,2024,11,47,4,99.8,0.222,0,0
2024-12-01,SKU029,Food,111,205.62,22823.82,271,1,WH-B,2024,12,48,4,106.8,0.039,0,111
2024-12-08,SKU029,Food,175,189.99,33248.25,25,0,WH-B,2024,12,49,4,123.2,0.42,1,0
2024-12-15,SKU029,Food,167,493.38,82394.46,554,1,WH-C,2024,12,50,4,143.8,0.161,0,167
2024-12-22,SKU029,Food,127,175.11,22238.97,959,0,WH-B,2024,12,51,4,145.0,-0.124,0,0
2024-12-29,SKU029,Food,158,91.96,14529.68,210,0,WH-A,2024,12,52,4,156.8,0.008,0,0
2022-01-02,SKU030,Food,62,477.76,29621.12,179,0,WH-A,2022,1,52,1,62.0,0.0,0,0
2022-01-09,SKU030,Food,62,98.78,6124.36,362,0,WH-A,2022,1,1,1,62.0,0.0,0,0
2022-01-16,SKU030,Food,128,386.88,49520.64,459,0,WH-A,2022,1,2,1,84.0,0.524,0,0
2022-01-23,SKU030,Food,60,427.6,25656.0,304,0,WH-A,2022,1,3,1,78.0,-0.231,0,0
2022-01-30,SKU030,Food,95,417.96,39706.2,959,0,WH-B,2022,1,4,1,86.2,0.102,0,0
2022-02-06,SKU030,Food,74,353.44,26154.56,218,0,WH-B,2022,2,5,1,89.2,-0.17,0,0
2022-02-13,SKU030,Food,86,465.93,40069.98,27,1,WH-C,2022,2,6,1,78.8,0.091,1,86
2022-02-20,SKU030,Food,72,49.09,3534.48,415,0,WH-B,2022,2,7,1,81.8,-0.12,0,0
2022-02-27,SKU030,Food,83,314.9,26136.7,479,0,WH-C,2022,2,8,1,78.8,0.053,0,0
2022-03-06,SKU030,Food,103,255.27,26292.81,689,0,WH-B,2022,3,9,1,86.0,0.198,0,0
2022-03-13,SKU030,Food,75,27.07,2030.25,323,0,WH-A,2022,3,10,1,83.2,-0.099,0,0
2022-03-20,SKU030,Food,82,82.34,6751.88,698,0,WH-C,2022,3,11,1,85.8,-0.044,0,0
2022-03-27,SKU030,Food,52,132.01,6864.52,265,1,WH-A,2022,3,12,1,78.0,-0.333,0,52
2022-04-03,SKU030,Food,67,129.96,8707.32,110,1,WH-C,2022,4,13,2,69.0,-0.029,0,67
2022-04-10,SKU030,Food,81,124.35,10072.35,938,0,WH-A,2022,4,14,2,70.5,0.149,0,0
2022-04-17,SKU030,Food,98,231.1,22647.8,247,0,WH-B,2022,4,15,2,74.5,0.315,0,0
2022-04-24,SKU030,Food,78,150.83,11764.74,422,0,WH-A,2022,4,16,2,81.0,-0.037,0,0
2022-05-01,SKU030,Food,54,188.09,10156.86,129,0,WH-B,2022,5,17,2,77.8,-0.306,0,0
2022-05-08,SKU030,Food,80,106.62,8529.6,990,0,WH-B,2022,5,18,2,77.5,0.032,0,0
2022-05-15,SKU030,Food,73,466.64,34064.72,729,0,WH-A,2022,5,19,2,71.2,0.025,0,0
2022-05-22,SKU030,Food,55,116.42,6403.1,248,0,WH-C,2022,5,20,2,65.5,-0.16,0,0
2022-05-29,SKU030,Food,79,385.69,30469.51,172,0,WH-B,2022,5,21,2,71.8,0.1,0,0
2022-06-05,SKU030,Food,56,23.94,1340.64,122,0,WH-A,2022,6,22,2,65.8,-0.149,0,0
2022-06-12,SKU030,Food,53,303.15,16066.95,238,0,WH-B,2022,6,23,2,60.8,-0.128,0,0
2022-06-19,SKU030,Food,82,428.77,35159.14,127,0,WH-A,2022,6,24,2,67.5,0.215,0,0
2022-06-26,SKU030,Food,63,449.8,28337.4,835,0,WH-A,2022,6,25,2,63.5,-0.008,0,0
2022-07-03,SKU030,Food,85,465.95,39605.75,434,0,WH-C,2022,7,26,3,70.8,0.201,0,0
2022-07-10,SKU030,Food,5,219.14,1095.7,153,0,WH-C,2022,7,27,3,58.8,-0.915,0,0
2022-07-17,SKU030,Food,66,426.16,28126.56,643,0,WH-B,2022,7,28,3,54.8,0.204,0,0
2022-07-24,SKU030,Food,53,355.38,18835.14,937,0,WH-C,2022,7,29,3,52.2,0.015,0,0
2022-07-31,SKU030,Food,33,251.015,8283.49,410,0,WH-B,2022,7,30,3,39.2,-0.158,0,0
2022-08-07,SKU030,Food,24,110.95,2662.8,365,0,WH-A,2022,8,31,3,44.0,-0.455,0,0
2022-08-14,SKU030,Food,90,10.88,979.2,477,1,WH-B,2022,8,32,3,50.0,0.8,0,90
2022-08-21,SKU030,Food,77,43.84,3375.68,421,0,WH-B,2022,8,33,3,56.0,0.375,0,0
2022-08-28,SKU030,Food,35,142.5,4987.5,70,0,WH-B,2022,8,34,3,56.5,-0.381,0,0
2022-09-04,SKU030,Food,76,203.39,15457.64,488,0,WH-C,2022,9,35,3,69.5,0.094,0,0
2022-09-11,SKU030,Food,66,404.61,26704.26,869,0,WH-C,2022,9,36,3,63.5,0.039,0,0
2022-09-18,SKU030,Food,49,393.58,19285.42,328,0,WH-B,2022,9,37,3,56.5,-0.133,0,0
2022-09-25,SKU030,Food,78,251.015,19579.17,547,0,WH-C,2022,9,38,3,67.2,0.161,0,0
2022-10-02,SKU030,Food,0,30.08,0.0,647,0,WH-A,2022,10,39,4,48.2,-1.0,0,0
2022-10-09,SKU030,Food,20,421.96,8439.2,35,0,WH-A,2022,10,40,4,36.8,-0.457,1,0
2022-10-16,SKU030,Food,7,409.44,2866.08,242,0,WH-B,2022,10,41,4,26.2,-0.733,0,0
2022-10-23,SKU030,Food,19,143.65,2729.35,513,1,WH-A,2022,10,42,4,11.5,0.652,0,19
2022-10-30,SKU030,Food,35,158.69,5554.15,696,0,WH-C,2022,10,43,4,20.2,0.733,0,0
2022-11-06,SKU030,Food,31,441.37,13682.47,99,0,WH-A,2022,11,44,4,23.0,0.348,0,0
2022-11-13,SKU030,Food,66,21.55,1422.3,567,0,WH-B,2022,11,45,4,37.8,0.746,0,0
2022-11-20,SKU030,Food,50,33.1,1655.0,116,0,WH-A,2022,11,46,4,45.5,0.099,0,0
2022-11-27,SKU030,Food,80,270.63,21650.4,265,1,WH-A,2022,11,47,4,56.8,0.408,0,80
2022-12-04,SKU030,Food,50,307.19,15359.5,347,0,WH-B,2022,12,48,4,61.5,-0.187,0,0
2022-12-11,SKU030,Food,70,384.12,26888.4,624,0,WH-C,2022,12,49,4,62.5,0.12,0,0
2022-12-18,SKU030,Food,57,295.16,16824.12,504,0,WH-C,2022,12,50,4,64.2,-0.112,0,0
2022-12-25,SKU030,Food,46,422.8,19448.8,69,0,WH-A,2022,12,51,4,55.8,-0.176,0,0
2023-01-01,SKU030,Food,50,436.83,21841.5,894,1,WH-A,2023,1,52,1,55.8,-0.104,0,50
2023-01-08,SKU030,Food,60,117.5,7050.0,938,0,WH-B,2023,1,1,1,53.2,0.128,0,0
2023-01-15,SKU030,Food,92,246.76,22701.92,922,0,WH-C,2023,1,2,1,62.0,0.484,0,0
2023-01-22,SKU030,Food,66,447.7,29548.2,584,0,WH-C,2023,1,3,1,67.0,-0.015,0,0
2023-01-29,SKU030,Food,93,302.86,28165.98,0,0,WH-A,2023,1,4,1,77.8,0.195,1,0
2023-02-05,SKU030,Food,127,237.6,30175.2,9,1,WH-A,2023,2,5,1,94.5,0.344,1,127
2023-02-12,SKU030,Food,59,398.82,23530.38,193,0,WH-A,2023,2,6,1,86.2,-0.316,0,0
2023-02-19,SKU030,Food,100,400.58,40058.0,791,0,WH-C,2023,2,7,1,94.8,0.055,0,0
2023-02-26,SKU030,Food,73,449.92,32844.16,147,1,WH-C,2023,2,8,1,89.8,-0.187,0,73
2023-03-05,SKU030,Food,108,322.19,34796.52,931,0,WH-B,2023,3,9,1,85.0,0.271,0,0
2023-03-12,SKU030,Food,114,267.12,30451.68,859,0,WH-C,2023,3,10,1,98.8,0.154,0,0
2023-03-19,SKU030,Food,92,485.69,44683.48,480,0,WH-B,2023,3,11,1,96.8,-0.05,0,0
2023-03-26,SKU030,Food,117,427.89,50063.13,839,1,WH-A,2023,3,12,1,107.8,0.085,0,117
2023-04-02,SKU030,Food,61,471.09,28736.49,796,0,WH-B,2023,4,13,2,96.0,-0.365,0,0
2023-04-09,SKU030,Food,89,493.95,43961.55,459,1,WH-A,2023,4,14,2,89.8,-0.009,0,89
2023-04-16,SKU030,Food,99,59.95,5935.05,167,0,WH-C,2023,4,15,2,91.5,0.082,0,0
2023-04-23,SKU030,Food,46,110.64,5089.44,433,0,WH-B,2023,4,16,2,73.8,-0.377,0,0
2023-04-30,SKU030,Food,76,386.47,29371.72,488,1,WH-A,2023,4,17,2,77.5,-0.019,0,76
2023-05-07,SKU030,Food,68,161.32,10969.76,336,0,WH-A,2023,5,18,2,72.2,-0.058,0,0
2023-05-14,SKU030,Food,62,97.55,6048.1,140,0,WH-C,2023,5,19,2,63.0,-0.016,0,0
2023-05-21,SKU030,Food,86,394.33,33912.38,454,0,WH-C,2023,5,20,2,73.0,0.178,0,0
2023-05-28,SKU030,Food,71,34.49,2448.79,261,0,WH-A,2023,5,21,2,71.8,-0.011,0,0
2023-06-04,SKU030,Food,54,72.46,3912.84,872,0,WH-B,2023,6,22,2,68.2,-0.208,0,0
2023-06-11,SKU030,Food,75,51.84,3888.0,726,0,WH-B,2023,6,23,2,71.5,0.049,0,0
2023-06-18,SKU030,Food,75,406.0,30450.0,461,0,WH-C,2023,6,24,2,68.8,0.09,0,0
2023-06-25,SKU030,Food,36,97.17,3498.12,451,1,WH-A,2023,6,25,2,60.0,-0.4,0,36
2023-07-02,SKU030,Food,54,238.74,12891.96,357,0,WH-B,2023,7,26,3,60.0,-0.1,0,0
2023-07-09,SKU030,Food,66,474.15,31293.9,477,1,WH-B,2023,7,27,3,57.8,0.142,0,66
2023-07-16,SKU030,Food,41,480.9,19716.9,878,0,WH-B,2023,7,28,3,49.2,-0.167,0,0
2023-07-23,SKU030,Food,48,228.08,10947.84,100,0,WH-B,2023,7,29,3,52.2,-0.08,0,0
2023-07-30,SKU030,Food,58,96.24,5581.92,803,0,WH-C,2023,7,30,3,53.2,0.09,0,0
2023-08-06,SKU030,Food,75,179.59,13469.25,457,0,WH-B,2023,8,31,3,55.5,0.351,0,0
2023-08-13,SKU030,Food,77,349.88,26940.76,378,0,WH-B,2023,8,32,3,64.5,0.194,0,0
2023-08-20,SKU030,Food,50,52.97,2648.5,910,0,WH-B,2023,8,33,3,65.0,-0.231,0,0
2023-08-27,SKU030,Food,25,332.1,8302.5,203,0,WH-A,2023,8,34,3,56.8,-0.56,0,0
2023-09-03,SKU030,Food,73,391.41,28572.93,680,0,WH-B,2023,9,35,3,56.2,0.299,0,0
2023-09-10,SKU030,Food,65,239.19,15547.35,913,0,WH-B,2023,9,36,3,53.2,0.222,0,0
2023-09-17,SKU030,Food,71,85.0,6035.0,32,0,WH-B,2023,9,37,3,58.5,0.214,1,0
2023-09-24,SKU030,Food,37,459.39,16997.43,901,0,WH-A,2023,9,38,3,61.5,-0.398,0,0
2023-10-01,SKU030,Food,51,277.8,14167.8,314,1,WH-C,2023,10,39,4,56.0,-0.089,0,51
2023-10-08,SKU030,Food,42,442.53,18586.26,738,0,WH-A,2023,10,40,4,50.2,-0.163,0,0
2023-10-15,SKU030,Food,40,124.44,4977.6,415,1,WH-B,2023,10,41,4,42.5,-0.059,0,40
2023-10-22,SKU030,Food,52,151.14,7859.28,245,1,WH-B,2023,10,42,4,46.2,0.126,0,52
2023-10-29,SKU030,Food,21,251.015,5271.32,212,1,WH-A,2023,10,43,4,38.8,-0.459,0,21
2023-11-05,SKU030,Food,11,198.3,2181.3,620,0,WH-C,2023,11,44,4,31.0,-0.645,0,0
2023-11-12,SKU030,Food,14,96.79,1355.06,271,0,WH-B,2023,11,45,4,24.5,-0.429,0,0
2023-11-19,SKU030,Food,76,21.68,1647.68,592,0,WH-B,2023,11,46,4,30.5,1.492,0,0
2023-11-26,SKU030,Food,40,401.11,16044.4,966,1,WH-A,2023,11,47,4,35.2,0.136,0,40
2023-12-03,SKU030,Food,38,434.38,16506.44,347,1,WH-A,2023,12,48,4,42.0,-0.095,0,38
2023-12-10,SKU030,Food,57,446.96,25476.72,626,0,WH-C,2023,12,49,4,52.8,0.08,0,0
2023-12-17,SKU030,Food,82,448.2,36752.4,967,1,WH-A,2023,12,50,4,54.2,0.513,0,82
2023-12-24,SKU030,Food,59,241.93,14273.87,15,0,WH-B,2023,12,51,4,59.0,0.0,1,0
2023-12-31,SKU030,Food,79,258.36,20410.44,714,0,WH-C,2023,12,52,4,69.2,0.142,0,0
2024-01-07,SKU030,Food,54,358.35,19350.9,99,0,WH-C,2024,1,1,1,68.5,-0.212,0,0
2024-01-14,SKU030,Food,48,370.69,17793.12,564,0,WH-C,2024,1,2,1,60.0,-0.2,0,0
2024-01-21,SKU030,Food,104,203.34,21147.36,896,0,WH-C,2024,1,3,1,71.2,0.461,0,0
2024-01-28,SKU030,Food,64,240.48,15390.72,89,0,WH-A,2024,1,4,1,67.5,-0.052,0,0
2024-02-04,SKU030,Food,139,98.71,13720.69,977,1,WH-C,2024,2,5,1,88.8,0.565,0,139
2024-02-11,SKU030,Food,66,314.06,20727.96,426,0,WH-B,2024,2,6,1,93.2,-0.292,0,0
2024-02-18,SKU030,Food,62,283.83,17597.46,425,0,WH-A,2024,2,7,1,82.8,-0.251,0,0
2024-02-25,SKU030,Food,76,336.88,25602.88,775,0,WH-A,2024,2,8,1,85.8,-0.114,0,0
2024-03-03,SKU030,Food,93,373.07,34695.51,722,0,WH-B,2024,3,9,1,74.2,0.253,0,0
2024-03-10,SKU030,Food,141,423.35,59692.35,755,1,WH-B,2024,3,10,1,93.0,0.516,0,141
2024-03-17,SKU030,Food,90,449.92,40492.8,614,0,WH-C,2024,3,11,1,100.0,-0.1,0,0
2024-03-24,SKU030,Food,57,66.5,3790.5,885,0,WH-C,2024,3,12,1,95.2,-0.401,0,0
2024-03-31,SKU030,Food,87,442.03,38456.61,145,0,WH-A,2024,3,13,1,93.8,-0.072,0,0
2024-04-07,SKU030,Food,67,47.33,3171.11,576,0,WH-C,2024,4,14,2,75.2,-0.109,0,0
2024-04-14,SKU030,Food,77,95.0,7315.0,755,0,WH-A,2024,4,15,2,72.0,0.069,0,0
2024-04-21,SKU030,Food,83,295.92,24561.36,97,0,WH-C,2024,4,16,2,78.5,0.057,0,0
2024-04-28,SKU030,Food,83,240.17,19934.11,845,0,WH-A,2024,4,17,2,77.5,0.071,0,0
2024-05-05,SKU030,Food,83,427.56,35487.48,451,0,WH-C,2024,5,18,2,81.5,0.018,0,0
2024-05-12,SKU030,Food,77,160.61,12366.97,236,1,WH-C,2024,5,19,2,81.5,-0.055,0,77
2024-05-19,SKU030,Food,89,158.99,14150.11,886,0,WH-A,2024,5,20,2,83.0,0.072,0,0
2024-05-26,SKU030,Food,58,87.42,5070.36,897,0,WH-C,2024,5,21,2,76.8,-0.245,0,0
2024-06-02,SKU030,Food,50,406.42,20321.0,313,0,WH-B,2024,6,22,2,68.5,-0.27,0,0
2024-06-09,SKU030,Food,66,374.28,24702.48,332,0,WH-A,2024,6,23,2,65.8,0.003,0,0
2024-06-16,SKU030,Food,66,268.93,17749.38,178,0,WH-B,2024,6,24,2,60.0,0.1,0,0
2024-06-23,SKU030,Food,49,283.64,13898.36,509,0,WH-B,2024,6,25,2,57.8,-0.152,0,0
2024-06-30,SKU030,Food,94,117.84,11076.96,231,0,WH-B,2024,6,26,2,68.8,0.366,0,0
2024-07-07,SKU030,Food,55,181.1,9960.5,234,0,WH-A,2024,7,27,3,66.0,-0.167,0,0
2024-07-14,SKU030,Food,75,78.08,5856.0,852,0,WH-B,2024,7,28,3,68.2,0.1,0,0
2024-07-21,SKU030,Food,83,276.49,22948.67,470,0,WH-C,2024,7,29,3,76.8,0.081,0,0
2024-07-28,SKU030,Food,66,141.19,9318.54,617,0,WH-C,2024,7,30,3,69.8,-0.054,0,0
2024-08-04,SKU030,Food,31,41.55,1288.05,583,0,WH-C,2024,8,31,3,63.8,-0.514,0,0
2024-08-11,SKU030,Food,68,460.54,31316.72,678,0,WH-A,2024,8,32,3,62.0,0.097,0,0
2024-08-18,SKU030,Food,73,182.32,13309.36,311,1,WH-A,2024,8,33,3,59.5,0.227,0,73
2024-08-25,SKU030,Food,66,24.51,1617.66,292,0,WH-A,2024,8,34,3,59.5,0.109,0,0
2024-09-01,SKU030,Food,71,151.04,10723.84,258,0,WH-A,2024,9,35,3,69.5,0.022,0,0
2024-09-08,SKU030,Food,89,342.19,30454.91,468,0,WH-C,2024,9,36,3,74.8,0.19,0,0
2024-09-15,SKU030,Food,67,369.84,24779.28,316,0,WH-A,2024,9,37,3,73.2,-0.085,0,0
2024-09-22,SKU030,Food,67,149.44,10012.48,260,0,WH-B,2024,9,38,3,73.5,-0.088,0,0
2024-09-29,SKU030,Food,37,344.64,12751.68,366,0,WH-C,2024,9,39,3,65.0,-0.431,0,0
2024-10-06,SKU030,Food,5,329.83,1649.15,86,0,WH-C,2024,10,40,4,44.0,-0.886,0,0
2024-10-13,SKU030,Food,34,270.38,9192.92,423,1,WH-C,2024,10,41,4,35.8,-0.05,0,34
2024-10-20,SKU030,Food,32,26.47,847.04,22,1,WH-B,2024,10,42,4,27.0,0.185,1,32
2024-10-27,SKU030,Food,9,432.53,3892.77,409,0,WH-A,2024,10,43,4,20.0,-0.55,0,0
2024-11-03,SKU030,Food,33,132.82,4383.06,556,1,WH-B,2024,11,44,4,27.0,0.222,0,33
2024-11-10,SKU030,Food,57,115.2,6566.4,903,0,WH-B,2024,11,45,4,32.8,0.738,0,0
2024-11-17,SKU030,Food,9,81.86,736.74,634,1,WH-B,2024,11,46,4,27.0,-0.667,0,9
2024-11-24,SKU030,Food,15,221.24,3318.6,797,0,WH-A,2024,11,47,4,28.5,-0.474,0,0
2024-12-01,SKU030,Food,51,154.61,7885.11,881,0,WH-A,2024,12,48,4,33.0,0.545,0,0
2024-12-08,SKU030,Food,49,139.86,6853.14,773,0,WH-B,2024,12,49,4,31.0,0.581,0,0
2024-12-15,SKU030,Food,92,80.16,7374.72,200,1,WH-B,2024,12,50,4,51.8,0.776,0,92
2024-12-22,SKU030,Food,29,51.83,1503.07,115,0,WH-C,2024,12,51,4,55.2,-0.475,0,0
2024-12-29,SKU030,Food,72,48.44,3487.68,949,0,WH-B,2024,12,52,4,60.5,0.19,0,0
2022-01-02,SKU031,Food,240,341.54,81969.6,255,0,WH-B,2022,1,52,1,240.0,0.0,0,0
2022-01-09,SKU031,Food,223,86.65,19322.95,123,0,WH-C,2022,1,1,1,231.5,-0.037,0,0
2022-01-16,SKU031,Food,299,324.53,97034.47,504,0,WH-C,2022,1,2,1,254.0,0.177,0,0
2022-01-23,SKU031,Food,311,467.3,145330.3,658,0,WH-C,2022,1,3,1,268.2,0.16,0,0
2022-01-30,SKU031,Food,325,178.6,58045.0,437,0,WH-C,2022,1,4,1,289.5,0.123,0,0
2022-02-06,SKU031,Food,356,317.72,113108.32,616,0,WH-A,2022,2,5,1,322.8,0.103,0,0
2022-02-13,SKU031,Food,321,486.49,156163.29,185,0,WH-A,2022,2,6,1,328.2,-0.022,0,0
2022-02-20,SKU031,Food,355,288.01,102243.55,192,1,WH-C,2022,2,7,1,339.2,0.047,0,355
2022-02-27,SKU031,Food,341,464.7,158462.7,60,0,WH-B,2022,2,8,1,343.2,-0.006,0,0
2022-03-06,SKU031,Food,355,316.48,112350.4,206,0,WH-C,2022,3,9,1,343.0,0.035,0,0
2022-03-13,SKU031,Food,393,147.97,58152.21,146,0,WH-B,2022,3,10,1,361.0,0.089,0,0
2022-03-20,SKU031,Food,345,253.73,87536.85,851,0,WH-C,2022,3,11,1,358.5,-0.038,0,0
2022-03-27,SKU031,Food,394,10.51,4140.94,84,1,WH-A,2022,3,12,1,371.8,0.06,0,394
2022-04-03,SKU031,Food,376,283.85,106727.6,779,0,WH-B,2022,4,13,2,377.0,-0.003,0,0
2022-04-10,SKU031,Food,290,256.52,74390.8,924,0,WH-C,2022,4,14,2,351.2,-0.174,0,0
2022-04-17,SKU031,Food,313,319.71,100069.23,13,0,WH-C,2022,4,15,2,343.2,-0.088,1,0
2022-04-24,SKU031,Food,327,123.74,40462.98,740,0,WH-B,2022,4,16,2,326.5,0.002,0,0
2022-05-01,SKU031,Food,279,148.57,41451.03,921,1,WH-C,2022,5,17,2,302.2,-0.077,0,279
2022-05-08,SKU031,Food,265,230.58499999999998,61105.02,615,1,WH-A,2022,5,18,2,296.0,-0.105,0,265
2022-05-15,SKU031,Food,251,448.74,112633.74,623,0,WH-A,2022,5,19,2,280.5,-0.105,0,0
2022-05-22,SKU031,Food,245,270.06,66164.7,80,0,WH-C,2022,5,20,2,260.0,-0.058,0,0
2022-05-29,SKU031,Food,218,163.61,35666.98,159,0,WH-B,2022,5,21,2,244.8,-0.109,0,0
2022-06-05,SKU031,Food,265,350.54,92893.1,718,0,WH-B,2022,6,22,2,244.8,0.083,0,0
2022-06-12,SKU031,Food,222,474.66,105374.52,664,0,WH-A,2022,6,23,2,237.5,-0.065,0,0
2022-06-19,SKU031,Food,254,246.88,62707.52,132,0,WH-C,2022,6,24,2,239.8,0.059,0,0
2022-06-26,SKU031,Food,221,188.97,41762.37,548,0,WH-C,2022,6,25,2,240.5,-0.081,0,0
2022-07-03,SKU031,Food,279,445.47,124286.13,230,0,WH-C,2022,7,26,3,244.0,0.143,0,0
2022-07-10,SKU031,Food,288,352.79,101603.52,295,0,WH-C,2022,7,27,3,260.5,0.106,0,0
2022-07-17,SKU031,Food,236,138.74,32742.64,999,0,WH-C,2022,7,28,3,256.0,-0.078,0,0
2022-07-24,SKU031,Food,257,240.45,61795.65,473,0,WH-B,2022,7,29,3,265.0,-0.03,0,0
2022-07-31,SKU031,Food,245,446.3,109343.5,60,0,WH-B,2022,7,30,3,256.5,-0.045,0,0
2022-08-07,SKU031,Food,258,87.98,22698.84,107,1,WH-A,2022,8,31,3,249.0,0.036,0,258
2022-08-14,SKU031,Food,243,341.65,83020.95,85,0,WH-A,2022,8,32,3,250.8,-0.031,0,0
2022-08-21,SKU031,Food,267,213.81,57087.27,533,0,WH-A,2022,8,33,3,253.2,0.055,0,0
2022-08-28,SKU031,Food,232,11.21,2600.72,580,0,WH-B,2022,8,34,3,250.0,-0.072,0,0
2022-09-04,SKU031,Food,234,208.96,48896.64,394,0,WH-B,2022,9,35,3,244.0,-0.041,0,0
2022-09-11,SKU031,Food,257,284.48,73111.36,973,0,WH-C,2022,9,36,3,247.5,0.038,0,0
2022-09-18,SKU031,Food,208,31.25,6500.0,810,0,WH-B,2022,9,37,3,232.8,-0.107,0,0
2022-09-25,SKU031,Food,208,247.59,51498.72,197,1,WH-C,2022,9,38,3,226.8,-0.083,0,208
2022-10-02,SKU031,Food,179,377.95,67653.05,509,1,WH-C,2022,10,39,4,213.0,-0.16,0,179
2022-10-09,SKU031,Food,165,97.86,16146.9,398,0,WH-B,2022,10,40,4,190.0,-0.132,0,0
2022-10-16,SKU031,Food,132,460.72,60815.04,912,0,WH-C,2022,10,41,4,171.0,-0.228,0,0
2022-10-23,SKU031,Food,151,212.2,32042.2,362,0,WH-B,2022,10,42,4,156.8,-0.037,0,0
2022-10-30,SKU031,Food,166,417.34,69278.44,945,0,WH-A,2022,10,43,4,153.5,0.081,0,0
2022-11-06,SKU031,Food,141,193.48,27280.68,561,0,WH-B,2022,11,44,4,147.5,-0.044,0,0
2022-11-13,SKU031,Food,133,94.94,12627.02,741,0,WH-C,2022,11,45,4,147.8,-0.1,0,0
2022-11-20,SKU031,Food,169,34.7,5864.3,258,0,WH-A,2022,11,46,4,152.2,0.11,0,0
2022-11-27,SKU031,Food,145,112.94,16376.3,571,0,WH-A,2022,11,47,4,147.0,-0.014,0,0
2022-12-04,SKU031,Food,204,95.39,19459.56,380,0,WH-B,2022,12,48,4,162.8,0.253,0,0
2022-12-11,SKU031,Food,216,149.03,32190.48,434,0,WH-B,2022,12,49,4,183.5,0.177,0,0
2022-12-18,SKU031,Food,206,394.17,81199.02,365,0,WH-A,2022,12,50,4,192.8,0.068,0,0
2022-12-25,SKU031,Food,262,322.1,84390.2,789,0,WH-A,2022,12,51,4,222.0,0.18,0,0
2023-01-01,SKU031,Food,249,53.5,13321.5,993,1,WH-B,2023,1,52,1,233.2,0.068,0,249
2023-01-08,SKU031,Food,253,297.84,75353.52,143,0,WH-C,2023,1,1,1,242.5,0.043,0,0
2023-01-15,SKU031,Food,285,246.99,70392.15,942,0,WH-A,2023,1,2,1,262.2,0.087,0,0
2023-01-22,SKU031,Food,338,125.43,42395.34,58,0,WH-B,2023,1,3,1,281.2,0.202,0,0
2023-01-29,SKU031,Food,328,166.24,54526.72,20,0,WH-B,2023,1,4,1,301.0,0.09,1,0
2023-02-05,SKU031,Food,368,217.74,80128.32,866,0,WH-A,2023,2,5,1,329.8,0.116,0,0
2023-02-12,SKU031,Food,371,193.34,71729.14,376,0,WH-A,2023,2,6,1,351.2,0.056,0,0
2023-02-19,SKU031,Food,396,102.51,40593.96,772,0,WH-C,2023,2,7,1,365.8,0.083,0,0
2023-02-26,SKU031,Food,356,308.92,109975.52,431,0,WH-C,2023,2,8,1,372.8,-0.045,0,0
2023-03-05,SKU031,Food,367,124.06,45530.02,802,0,WH-B,2023,3,9,1,372.5,-0.015,0,0
2023-03-12,SKU031,Food,370,43.74,16183.8,780,0,WH-C,2023,3,10,1,372.2,-0.006,0,0
2023-03-19,SKU031,Food,375,53.8,20175.0,550,0,WH-B,2023,3,11,1,367.0,0.022,0,0
2023-03-26,SKU031,Food,360,34.49,12416.4,342,0,WH-A,2023,3,12,1,368.0,-0.022,0,0
2023-04-02,SKU031,Food,338,57.62,19475.56,398,0,WH-A,2023,4,13,2,360.8,-0.063,0,0
2023-04-09,SKU031,Food,348,190.26,66210.48,891,0,WH-B,2023,4,14,2,355.2,-0.02,0,0
2023-04-16,SKU031,Food,324,389.99,126356.76,31,0,WH-B,2023,4,15,2,342.5,-0.054,1,0
2023-04-23,SKU031,Food,261,186.19,48595.59,177,1,WH-B,2023,4,16,2,317.8,-0.179,0,261
2023-04-30,SKU031,Food,294,217.79,64030.26,898,0,WH-C,2023,4,17,2,306.8,-0.042,0,0
2023-05-07,SKU031,Food,257,428.53,110132.21,641,0,WH-C,2023,5,18,2,284.0,-0.095,0,0
2023-05-14,SKU031,Food,247,392.09,96846.23,464,0,WH-B,2023,5,19,2,264.8,-0.067,0,0
2023-05-21,SKU031,Food,249,181.02,45073.98,14,0,WH-C,2023,5,20,2,261.8,-0.049,1,0
2023-05-28,SKU031,Food,235,427.27,100408.45,705,0,WH-A,2023,5,21,2,247.0,-0.049,0,0
2023-06-04,SKU031,Food,208,22.12,4600.96,913,0,WH-B,2023,6,22,2,234.8,-0.114,0,0
2023-06-11,SKU031,Food,239,104.79,25044.81,791,1,WH-A,2023,6,23,2,232.8,0.027,0,239
2023-06-18,SKU031,Food,254,99.07,25163.78,725,0,WH-C,2023,6,24,2,234.0,0.085,0,0
2023-06-25,SKU031,Food,247,269.65,66603.55,99,0,WH-B,2023,6,25,2,237.0,0.042,0,0
2023-07-02,SKU031,Food,241,200.84,48402.44,442,0,WH-B,2023,7,26,3,245.2,-0.017,0,0
2023-07-09,SKU031,Food,256,292.28,74823.68,598,0,WH-C,2023,7,27,3,249.5,0.026,0,0
2023-07-16,SKU031,Food,268,292.03,78264.04,131,0,WH-A,2023,7,28,3,253.0,0.059,0,0
2023-07-23,SKU031,Food,251,114.13,28646.63,746,0,WH-B,2023,7,29,3,254.0,-0.012,0,0
2023-07-30,SKU031,Food,300,416.48,124944.0,850,0,WH-A,2023,7,30,3,268.8,0.116,0,0
2023-08-06,SKU031,Food,251,381.16,95671.16,376,0,WH-C,2023,8,31,3,267.5,-0.062,0,0
2023-08-13,SKU031,Food,263,97.56,25658.28,821,0,WH-C,2023,8,32,3,266.2,-0.012,0,0
2023-08-20,SKU031,Food,257,30.77,7907.89,131,0,WH-C,2023,8,33,3,267.8,-0.04,0,0
2023-08-27,SKU031,Food,272,58.22,15835.84,22,0,WH-B,2023,8,34,3,260.8,0.043,1,0
2023-09-03,SKU031,Food,225,295.4,66465.0,511,0,WH-C,2023,9,35,3,254.2,-0.115,0,0
2023-09-10,SKU031,Food,237,246.02,58306.74,323,1,WH-B,2023,9,36,3,247.8,-0.044,0,237
2023-09-17,SKU031,Food,203,435.25,88355.75,233,0,WH-C,2023,9,37,3,234.2,-0.133,0,0
2023-09-24,SKU031,Food,185,89.93,16637.05,464,0,WH-C,2023,9,38,3,212.5,-0.129,0,0
2023-10-01,SKU031,Food,203,479.93,97425.79,619,1,WH-A,2023,10,39,4,207.0,-0.019,0,203
2023-10-08,SKU031,Food,182,492.61,89655.02,200,0,WH-C,2023,10,40,4,193.2,-0.058,0,0
2023-10-15,SKU031,Food,171,259.72,44412.12,283,0,WH-B,2023,10,41,4,185.2,-0.077,0,0
2023-10-22,SKU031,Food,151,421.72,63679.72,709,0,WH-C,2023,10,42,4,176.8,-0.146,0,0
2023-10-29,SKU031,Food,135,298.24,40262.4,282,0,WH-A,2023,10,43,4,159.8,-0.155,0,0
2023-11-05,SKU031,Food,111,326.95,36291.45,620,0,WH-B,2023,11,44,4,142.0,-0.218,0,0
2023-11-12,SKU031,Food,124,213.32,26451.68,990,0,WH-B,2023,11,45,4,130.2,-0.048,0,0
2023-11-19,SKU031,Food,154,44.19,6805.26,877,0,WH-B,2023,11,46,4,131.0,0.176,0,0
2023-11-26,SKU031,Food,177,491.28,86956.56,263,0,WH-B,2023,11,47,4,141.5,0.251,0,0
2023-12-03,SKU031,Food,201,349.91,70331.91,205,0,WH-C,2023,12,48,4,164.0,0.226,0,0
2023-12-10,SKU031,Food,218,296.1,64549.8,247,1,WH-B,2023,12,49,4,187.5,0.163,0,218
2023-12-17,SKU031,Food,257,92.85,23862.45,751,0,WH-C,2023,12,50,4,213.2,0.205,0,0
2023-12-24,SKU031,Food,255,291.12,74235.6,711,0,WH-B,2023,12,51,4,232.8,0.095,0,0
2023-12-31,SKU031,Food,259,446.94,115757.46,190,0,WH-C,2023,12,52,4,247.2,0.048,0,0
2024-01-07,SKU031,Food,262,49.61,12997.82,945,0,WH-C,2024,1,1,1,258.2,0.015,0,0
2024-01-14,SKU031,Food,324,430.17,139375.08,185,0,WH-C,2024,1,2,1,275.0,0.178,0,0
2024-01-21,SKU031,Food,317,145.42,46098.14,138,0,WH-A,2024,1,3,1,290.5,0.091,0,0
2024-01-28,SKU031,Food,364,217.28,79089.92,452,1,WH-C,2024,1,4,1,316.8,0.149,0,364
2024-02-04,SKU031,Food,369,83.18,30693.42,721,0,WH-B,2024,2,5,1,343.5,0.074,0,0
2024-02-11,SKU031,Food,379,439.9,166722.1,670,0,WH-B,2024,2,6,1,357.2,0.061,0,0
2024-02-18,SKU031,Food,383,132.03,50567.49,675,0,WH-B,2024,2,7,1,373.8,0.025,0,0
2024-02-25,SKU031,Food,375,391.12,146670.0,101,0,WH-A,2024,2,8,1,376.5,-0.004,0,0
2024-03-03,SKU031,Food,362,475.98,172304.76,188,0,WH-A,2024,3,9,1,374.8,-0.034,0,0
2024-03-10,SKU031,Food,361,473.59,170965.99,398,1,WH-B,2024,3,10,1,370.2,-0.025,0,361
2024-03-17,SKU031,Food,387,474.5,183631.5,405,0,WH-B,2024,3,11,1,371.2,0.043,0,0
2024-03-24,SKU031,Food,365,198.31,72383.15,942,0,WH-B,2024,3,12,1,368.8,-0.01,0,0
2024-03-31,SKU031,Food,365,305.86,111638.9,415,0,WH-B,2024,3,13,1,369.5,-0.012,0,0
2024-04-07,SKU031,Food,343,119.15,40868.45,20,0,WH-C,2024,4,14,2,365.0,-0.06,1,0
2024-04-14,SKU031,Food,310,41.56,12883.6,112,0,WH-B,2024,4,15,2,345.8,-0.104,0,0
2024-04-21,SKU031,Food,277,313.91,86953.07,1,1,WH-A,2024,4,16,2,323.8,-0.145,1,277
2024-04-28,SKU031,Food,255,32.21,8213.55,247,0,WH-C,2024,4,17,2,296.2,-0.139,0,0
2024-05-05,SKU031,Food,265,190.97,50607.05,884,1,WH-A,2024,5,18,2,276.8,-0.043,0,265
2024-05-12,SKU031,Food,272,73.27,19929.44,758,0,WH-C,2024,5,19,2,267.2,0.018,0,0
2024-05-19,SKU031,Food,274,473.89,129845.86,107,0,WH-C,2024,5,20,2,266.5,0.028,0,0
2024-05-26,SKU031,Food,251,232.85,58445.35,318,0,WH-B,2024,5,21,2,265.5,-0.055,0,0
2024-06-02,SKU031,Food,282,201.29,56763.78,808,0,WH-A,2024,6,22,2,269.8,0.045,0,0
2024-06-09,SKU031,Food,263,425.95,112024.85,504,1,WH-C,2024,6,23,2,267.5,-0.017,0,263
2024-06-16,SKU031,Food,243,10.78,2619.54,9,1,WH-B,2024,6,24,2,259.8,-0.065,1,243
2024-06-23,SKU031,Food,235,199.95,46988.25,343,0,WH-C,2024,6,25,2,255.8,-0.081,0,0
2024-06-30,SKU031,Food,261,402.93,105164.73,672,0,WH-B,2024,6,26,2,250.5,0.042,0,0
2024-07-07,SKU031,Food,274,477.73,130898.02,850,0,WH-C,2024,7,27,3,253.2,0.082,0,0
2024-07-14,SKU031,Food,282,316.2,89168.4,941,0,WH-B,2024,7,28,3,263.0,0.072,0,0
2024-07-21,SKU031,Food,276,430.29,118760.04,847,1,WH-B,2024,7,29,3,273.2,0.01,0,276
2024-07-28,SKU031,Food,267,88.92,23741.64,743,1,WH-B,2024,7,30,3,274.8,-0.028,0,267
2024-08-04,SKU031,Food,299,233.3,69756.7,318,0,WH-C,2024,8,31,3,281.0,0.064,0,0
2024-08-11,SKU031,Food,265,203.77,53999.05,159,0,WH-B,2024,8,32,3,276.8,-0.043,0,0
2024-08-18,SKU031,Food,273,134.46,36707.58,730,0,WH-C,2024,8,33,3,276.0,-0.011,0,0
2024-08-25,SKU031,Food,229,348.74,79861.46,541,0,WH-B,2024,8,34,3,266.5,-0.141,0,0
2024-09-01,SKU031,Food,208,416.35,86600.8,550,0,WH-A,2024,9,35,3,243.8,-0.147,0,0
2024-09-08,SKU031,Food,240,184.22,44212.8,188,0,WH-C,2024,9,36,3,237.5,0.011,0,0
2024-09-15,SKU031,Food,221,88.38,19531.98,74,1,WH-B,2024,9,37,3,224.5,-0.016,0,221
2024-09-22,SKU031,Food,189,95.6,18068.4,443,0,WH-B,2024,9,38,3,214.5,-0.119,0,0
2024-09-29,SKU031,Food,195,163.74,31929.3,484,1,WH-B,2024,9,39,3,211.2,-0.077,0,195
2024-10-06,SKU031,Food,165,166.72,27508.8,160,0,WH-A,2024,10,40,4,192.5,-0.143,0,0
2024-10-13,SKU031,Food,192,228.32,43837.44,284,0,WH-C,2024,10,41,4,185.2,0.037,0,0
2024-10-20,SKU031,Food,166,259.73,43115.18,133,0,WH-C,2024,10,42,4,179.5,-0.075,0,0
2024-10-27,SKU031,Food,151,485.94,73376.94,42,0,WH-C,2024,10,43,4,168.5,-0.104,1,0
2024-11-03,SKU031,Food,147,77.36,11371.92,107,0,WH-B,2024,11,44,4,164.0,-0.104,0,0
2024-11-10,SKU031,Food,163,99.75,16259.25,142,0,WH-C,2024,11,45,4,156.8,0.04,0,0
2024-11-17,SKU031,Food,183,157.55,28831.65,234,0,WH-C,2024,11,46,4,161.0,0.137,0,0
2024-11-24,SKU031,Food,180,62.86,11314.8,670,0,WH-B,2024,11,47,4,168.2,0.07,0,0
2024-12-01,SKU031,Food,185,53.11,9825.35,861,1,WH-C,2024,12,48,4,177.8,0.04,0,185
2024-12-08,SKU031,Food,240,361.77,86824.8,447,0,WH-A,2024,12,49,4,197.0,0.218,0,0
2024-12-15,SKU031,Food,263,407.94,107288.22,984,0,WH-B,2024,12,50,4,217.0,0.212,0,0
2024-12-22,SKU031,Food,262,14.81,3880.22,573,0,WH-B,2024,12,51,4,237.5,0.103,0,0
2024-12-29,SKU031,Food,260,412.83,107335.8,501,0,WH-B,2024,12,52,4,256.2,0.015,0,0
2022-01-02,SKU032,Food,407,355.47,144676.29,594,1,WH-A,2022,1,52,1,407.0,0.0,0,407
2022-01-09,SKU032,Food,423,46.66,19737.18,121,0,WH-A,2022,1,1,1,415.0,0.019,0,0
2022-01-16,SKU032,Food,436,353.94,154317.84,684,0,WH-A,2022,1,2,1,422.0,0.033,0,0
2022-01-23,SKU032,Food,513,135.31,69414.03,84,0,WH-A,2022,1,3,1,444.8,0.153,0,0
2022-01-30,SKU032,Food,560,308.48,172748.8,584,0,WH-A,2022,1,4,1,483.0,0.159,0,0
2022-02-06,SKU032,Food,551,316.14,174193.14,93,0,WH-A,2022,2,5,1,515.0,0.07,0,0
2022-02-13,SKU032,Food,568,377.99,214698.32,10,0,WH-B,2022,2,6,1,548.0,0.036,1,0
2022-02-20,SKU032,Food,628,382.12,239971.36,550,0,WH-C,2022,2,7,1,576.8,0.089,0,0
2022-02-27,SKU032,Food,635,254.16,161391.6,451,1,WH-B,2022,2,8,1,595.5,0.066,0,635
2022-03-06,SKU032,Food,608,240.6,146284.8,161,1,WH-B,2022,3,9,1,609.8,-0.003,0,608
2022-03-13,SKU032,Food,649,384.21,249352.29,318,0,WH-B,2022,3,10,1,630.0,0.03,0,0
2022-03-20,SKU032,Food,550,146.06,80333.0,298,0,WH-C,2022,3,11,1,610.5,-0.099,0,0
2022-03-27,SKU032,Food,567,87.79,49776.93,293,0,WH-C,2022,3,12,1,593.5,-0.045,0,0
2022-04-03,SKU032,Food,556,60.49,33632.44,195,0,WH-A,2022,4,13,2,580.5,-0.042,0,0
2022-04-10,SKU032,Food,549,417.33,229114.17,421,0,WH-A,2022,4,14,2,555.5,-0.012,0,0
2022-04-17,SKU032,Food,498,402.03,200210.94,944,0,WH-A,2022,4,15,2,542.5,-0.082,0,0
2022-04-24,SKU032,Food,471,324.35,152768.85,490,0,WH-C,2022,4,16,2,518.5,-0.092,0,0
2022-05-01,SKU032,Food,464,124.52,57777.28,206,0,WH-C,2022,5,17,2,495.5,-0.064,0,0
2022-05-08,SKU032,Food,454,440.51,199991.54,353,0,WH-A,2022,5,18,2,471.8,-0.038,0,0
2022-05-15,SKU032,Food,424,411.23,174361.52,921,0,WH-A,2022,5,19,2,453.2,-0.064,0,0
2022-05-22,SKU032,Food,426,363.44,154825.44,698,0,WH-C,2022,5,20,2,442.0,-0.036,0,0
2022-05-29,SKU032,Food,418,250.63,104763.34,852,0,WH-A,2022,5,21,2,430.5,-0.029,0,0
2022-06-05,SKU032,Food,437,56.26,24585.62,860,0,WH-B,2022,6,22,2,426.2,0.025,0,0
2022-06-12,SKU032,Food,434,145.99,63359.66,692,0,WH-C,2022,6,23,2,428.8,0.012,0,0
2022-06-19,SKU032,Food,411,310.48,127607.28,669,0,WH-A,2022,6,24,2,425.0,-0.033,0,0
2022-06-26,SKU032,Food,445,139.3,61988.5,566,1,WH-A,2022,6,25,2,431.8,0.031,0,445
2022-07-03,SKU032,Food,443,396.33,175574.19,481,0,WH-C,2022,7,26,3,433.2,0.023,0,0
2022-07-10,SKU032,Food,417,448.72,187116.24,726,0,WH-C,2022,7,27,3,429.0,-0.028,0,0
2022-07-17,SKU032,Food,462,440.62,203566.44,282,0,WH-B,2022,7,28,3,441.8,0.046,0,0
2022-07-24,SKU032,Food,423,490.18,207346.14,119,0,WH-A,2022,7,29,3,436.2,-0.03,0,0
2022-07-31,SKU032,Food,469,20.13,9440.97,226,0,WH-A,2022,7,30,3,442.8,0.059,0,0
2022-08-07,SKU032,Food,424,68.85,29192.4,86,0,WH-C,2022,8,31,3,444.5,-0.046,0,0
2022-08-14,SKU032,Food,419,70.02,29338.38,924,0,WH-C,2022,8,32,3,433.8,-0.034,0,0
2022-08-21,SKU032,Food,384,228.56,87767.04,166,0,WH-B,2022,8,33,3,424.0,-0.094,0,0
2022-08-28,SKU032,Food,419,320.02,134088.38,23,0,WH-B,2022,8,34,3,411.5,0.018,1,0
2022-09-04,SKU032,Food,357,259.15,92516.55,420,0,WH-C,2022,9,35,3,394.8,-0.096,0,0
2022-09-11,SKU032,Food,330,417.07,137633.1,923,0,WH-A,2022,9,36,3,372.5,-0.114,0,0
2022-09-18,SKU032,Food,330,360.8,119064.0,256,0,WH-A,2022,9,37,3,359.0,-0.081,0,0
2022-09-25,SKU032,Food,320,194.29,62172.8,94,0,WH-C,2022,9,38,3,334.2,-0.042,0,0
2022-10-02,SKU032,Food,304,421.52,128142.08,727,0,WH-C,2022,10,39,4,321.0,-0.053,0,0
2022-10-09,SKU032,Food,283,369.15,104469.45,780,0,WH-C,2022,10,40,4,309.2,-0.085,0,0
2022-10-16,SKU032,Food,254,218.89,55598.06,916,0,WH-B,2022,10,41,4,290.2,-0.125,0,0
2022-10-23,SKU032,Food,246,72.44,17820.24,550,0,WH-A,2022,10,42,4,271.8,-0.095,0,0
2022-10-30,SKU032,Food,254,47.57,12082.78,919,0,WH-C,2022,10,43,4,259.2,-0.02,0,0
2022-11-06,SKU032,Food,224,111.42,24958.08,752,0,WH-B,2022,11,44,4,244.5,-0.084,0,0
2022-11-13,SKU032,Food,232,480.53,111482.96,738,0,WH-B,2022,11,45,4,239.0,-0.029,0,0
2022-11-20,SKU032,Food,243,115.97,28180.71,630,0,WH-C,2022,11,46,4,238.2,0.02,0,0
2022-11-27,SKU032,Food,253,30.29,7663.37,263,0,WH-C,2022,11,47,4,238.0,0.063,0,0
2022-12-04,SKU032,Food,294,69.82,20527.08,991,0,WH-B,2022,12,48,4,255.5,0.151,0,0
2022-12-11,SKU032,Food,315,116.53,36706.95,698,0,WH-A,2022,12,49,4,276.2,0.14,0,0
2022-12-18,SKU032,Food,349,476.26,166214.74,469,0,WH-B,2022,12,50,4,302.8,0.153,0,0
2022-12-25,SKU032,Food,419,70.91,29711.29,303,0,WH-B,2022,12,51,4,344.2,0.217,0,0
2023-01-01,SKU032,Food,391,22.91,8957.81,962,0,WH-C,2023,1,52,1,368.5,0.061,0,0
2023-01-08,SKU032,Food,494,357.94,176822.36,585,0,WH-A,2023,1,1,1,413.2,0.196,0,0
2023-01-15,SKU032,Food,495,17.56,8692.2,577,0,WH-C,2023,1,2,1,449.8,0.1,0,0
2023-01-22,SKU032,Food,542,102.78,55706.76,575,0,WH-A,2023,1,3,1,480.5,0.128,0,0
2023-01-29,SKU032,Food,552,184.3,101733.6,975,0,WH-C,2023,1,4,1,520.8,0.06,0,0
2023-02-05,SKU032,Food,570,204.77,116718.9,889,0,WH-A,2023,2,5,1,539.8,0.056,0,0
2023-02-12,SKU032,Food,605,294.81,178360.05,537,0,WH-C,2023,2,6,1,567.2,0.067,0,0
2023-02-19,SKU032,Food,623,487.64,303799.72,299,0,WH-A,2023,2,7,1,587.5,0.06,0,0
2023-02-26,SKU032,Food,631,173.15,109257.65,565,0,WH-C,2023,2,8,1,607.2,0.039,0,0
2023-03-05,SKU032,Food,614,87.37,53645.18,552,0,WH-A,2023,3,9,1,618.2,-0.007,0,0
2023-03-12,SKU032,Food,581,475.7,276381.7,281,1,WH-C,2023,3,10,1,612.2,-0.051,0,581
2023-03-19,SKU032,Food,603,250.63,151129.89,280,0,WH-B,2023,3,11,1,607.2,-0.007,0,0
2023-03-26,SKU032,Food,607,37.04,22483.28,778,0,WH-C,2023,3,12,1,601.2,0.01,0,0
2023-04-02,SKU032,Food,541,380.84,206034.44,915,0,WH-A,2023,4,13,2,583.0,-0.072,0,0
2023-04-09,SKU032,Food,497,91.43,45440.71,366,0,WH-B,2023,4,14,2,562.0,-0.116,0,0
2023-04-16,SKU032,Food,506,171.11,86581.66,430,0,WH-A,2023,4,15,2,537.8,-0.059,0,0
2023-04-23,SKU032,Food,509,361.27,183886.43,48,0,WH-C,2023,4,16,2,513.2,-0.008,1,0
2023-04-30,SKU032,Food,475,134.9,64077.5,588,0,WH-C,2023,4,17,2,496.8,-0.044,0,0
2023-05-07,SKU032,Food,448,14.98,6711.04,281,0,WH-A,2023,5,18,2,484.5,-0.075,0,0
2023-05-14,SKU032,Food,418,149.44,62465.92,685,0,WH-C,2023,5,19,2,462.5,-0.096,0,0
2023-05-21,SKU032,Food,424,452.23,191745.52,68,0,WH-A,2023,5,20,2,441.2,-0.039,0,0
2023-05-28,SKU032,Food,441,109.51,48293.91,786,0,WH-B,2023,5,21,2,432.8,0.019,0,0
2023-06-04,SKU032,Food,400,487.57,195028.0,906,0,WH-C,2023,6,22,2,420.8,-0.049,0,0
2023-06-11,SKU032,Food,408,424.55,173216.4,4,0,WH-C,2023,6,23,2,418.2,-0.024,1,0
2023-06-18,SKU032,Food,427,112.21,47913.67,110,1,WH-B,2023,6,24,2,419.0,0.019,0,427
2023-06-25,SKU032,Food,392,380.18,149030.56,55,0,WH-A,2023,6,25,2,406.8,-0.036,0,0
2023-07-02,SKU032,Food,450,447.32,201294.0,911,0,WH-C,2023,7,26,3,419.2,0.073,0,0
2023-07-09,SKU032,Food,437,398.63,174201.31,476,0,WH-C,2023,7,27,3,426.5,0.025,0,0
2023-07-16,SKU032,Food,468,239.09,111894.12,431,0,WH-C,2023,7,28,3,436.8,0.071,0,0
2023-07-23,SKU032,Food,433,133.99,58017.67,757,0,WH-A,2023,7,29,3,447.0,-0.031,0,0
2023-07-30,SKU032,Food,477,357.61,170579.97,795,0,WH-C,2023,7,30,3,453.8,0.051,0,0
2023-08-06,SKU032,Food,445,51.76,23033.2,441,0,WH-B,2023,8,31,3,455.8,-0.024,0,0
2023-08-13,SKU032,Food,460,308.36,141845.6,408,0,WH-C,2023,8,32,3,453.8,0.014,0,0
2023-08-20,SKU032,Food,409,450.68,184328.12,229,0,WH-A,2023,8,33,3,447.8,-0.087,0,0
2023-08-27,SKU032,Food,407,250.63,102006.41,889,1,WH-B,2023,8,34,3,430.2,-0.054,0,407
2023-09-03,SKU032,Food,409,149.76,61251.84,218,0,WH-C,2023,9,35,3,421.2,-0.029,0,0
2023-09-10,SKU032,Food,393,187.88,73836.84,61,0,WH-A,2023,9,36,3,404.5,-0.028,0,0
2023-09-17,SKU032,Food,370,42.74,15813.8,87,0,WH-A,2023,9,37,3,394.8,-0.063,0,0
2023-09-24,SKU032,Food,321,256.93,82474.53,828,0,WH-B,2023,9,38,3,373.2,-0.14,0,0
2023-10-01,SKU032,Food,314,153.1,48073.4,981,0,WH-B,2023,10,39,4,349.5,-0.102,0,0
2023-10-08,SKU032,Food,271,398.46,107982.66,648,0,WH-A,2023,10,40,4,319.0,-0.15,0,0
2023-10-15,SKU032,Food,241,88.83,21408.03,49,0,WH-C,2023,10,41,4,286.8,-0.16,1,0
2023-10-22,SKU032,Food,284,335.05,95154.2,122,0,WH-C,2023,10,42,4,277.5,0.023,0,0
2023-10-29,SKU032,Food,271,52.62,14260.02,759,1,WH-C,2023,10,43,4,266.8,0.016,0,271
2023-11-05,SKU032,Food,250,268.22,67055.0,327,0,WH-A,2023,11,44,4,261.5,-0.044,0,0
2023-11-12,SKU032,Food,235,112.39,26411.65,97,0,WH-C,2023,11,45,4,260.0,-0.096,0,0
2023-11-19,SKU032,Food,281,281.76,79174.56,421,0,WH-C,2023,11,46,4,259.2,0.084,0,0
2023-11-26,SKU032,Food,248,111.57,27669.36,775,0,WH-C,2023,11,47,4,253.5,-0.022,0,0
2023-12-03,SKU032,Food,336,47.18,15852.48,319,0,WH-A,2023,12,48,4,275.0,0.222,0,0
2023-12-10,SKU032,Food,302,454.85,137364.7,585,0,WH-B,2023,12,49,4,291.8,0.035,0,0
2023-12-17,SKU032,Food,343,188.59,64686.37,265,0,WH-A,2023,12,50,4,307.2,0.117,0,0
2023-12-24,SKU032,Food,409,411.21,168184.89,841,1,WH-A,2023,12,51,4,347.5,0.177,0,409
2023-12-31,SKU032,Food,446,404.25,180295.5,284,0,WH-C,2023,12,52,4,375.0,0.189,0,0
2024-01-07,SKU032,Food,484,223.83,108333.72,989,1,WH-C,2024,1,1,1,420.5,0.151,0,484
2024-01-14,SKU032,Food,522,319.37,166711.14,521,0,WH-A,2024,1,2,1,465.2,0.122,0,0
2024-01-21,SKU032,Food,530,345.7,183221.0,377,0,WH-A,2024,1,3,1,495.5,0.07,0,0
2024-01-28,SKU032,Food,607,64.51,39157.57,577,0,WH-C,2024,1,4,1,535.8,0.133,0,0
2024-02-04,SKU032,Food,574,279.27,160300.98,267,0,WH-A,2024,2,5,1,558.2,0.028,0,0
2024-02-11,SKU032,Food,605,214.85,129984.25,645,0,WH-C,2024,2,6,1,579.0,0.045,0,0
2024-02-18,SKU032,Food,640,203.88,130483.2,17,0,WH-A,2024,2,7,1,606.5,0.055,1,0
2024-02-25,SKU032,Food,651,15.93,10370.43,137,0,WH-C,2024,2,8,1,617.5,0.054,0,0
2024-03-03,SKU032,Food,641,163.03,104502.23,734,0,WH-C,2024,3,9,1,634.2,0.011,0,0
2024-03-10,SKU032,Food,608,303.14,184309.12,58,0,WH-C,2024,3,10,1,635.0,-0.043,0,0
2024-03-17,SKU032,Food,611,405.48,247748.28,173,0,WH-C,2024,3,11,1,627.8,-0.027,0,0
2024-03-24,SKU032,Food,602,44.49,26782.98,367,0,WH-A,2024,3,12,1,615.5,-0.022,0,0
2024-03-31,SKU032,Food,561,357.35,200473.35,499,0,WH-A,2024,3,13,1,595.5,-0.058,0,0
2024-04-07,SKU032,Food,549,361.99,198732.51,512,0,WH-A,2024,4,14,2,580.8,-0.055,0,0
2024-04-14,SKU032,Food,550,169.62,93291.0,944,0,WH-C,2024,4,15,2,565.5,-0.027,0,0
2024-04-21,SKU032,Food,513,255.63,131138.19,30,0,WH-C,2024,4,16,2,543.2,-0.056,1,0
2024-04-28,SKU032,Food,466,250.63,116793.58,469,0,WH-A,2024,4,17,2,519.5,-0.103,0,0
2024-05-05,SKU032,Food,473,490.11,231822.03,585,0,WH-B,2024,5,18,2,500.5,-0.055,0,0
2024-05-12,SKU032,Food,389,103.2,40144.8,948,0,WH-A,2024,5,19,2,460.2,-0.155,0,0
2024-05-19,SKU032,Food,418,348.6,145714.8,373,0,WH-C,2024,5,20,2,436.5,-0.042,0,0
2024-05-26,SKU032,Food,426,22.48,9576.48,869,0,WH-C,2024,5,21,2,426.5,-0.001,0,0
2024-06-02,SKU032,Food,452,376.76,170295.52,857,0,WH-B,2024,6,22,2,421.2,0.073,0,0
2024-06-09,SKU032,Food,432,252.93,109265.76,718,0,WH-C,2024,6,23,2,432.0,0.0,0,0
2024-06-16,SKU032,Food,481,420.85,202428.85,861,1,WH-C,2024,6,24,2,447.8,0.074,0,481
2024-06-23,SKU032,Food,428,135.59,58032.52,219,0,WH-A,2024,6,25,2,448.2,-0.045,0,0
2024-06-30,SKU032,Food,449,287.08,128898.92,392,0,WH-B,2024,6,26,2,447.5,0.003,0,0
2024-07-07,SKU032,Food,444,97.08,43103.52,83,0,WH-B,2024,7,27,3,450.5,-0.014,0,0
2024-07-14,SKU032,Food,450,300.35,135157.5,381,0,WH-A,2024,7,28,3,442.8,0.016,0,0
2024-07-21,SKU032,Food,448,256.16,114759.68,61,0,WH-A,2024,7,29,3,447.8,0.0,0,0
2024-07-28,SKU032,Food,451,191.75,86479.25,491,0,WH-C,2024,7,30,3,448.2,0.006,0,0
2024-08-04,SKU032,Food,459,458.02,210231.18,148,0,WH-B,2024,8,31,3,452.0,0.015,0,0
2024-08-11,SKU032,Food,435,86.78,37749.3,694,0,WH-B,2024,8,32,3,448.2,-0.029,0,0
2024-08-18,SKU032,Food,424,28.76,12194.24,874,0,WH-C,2024,8,33,3,442.2,-0.041,0,0
2024-08-25,SKU032,Food,395,379.02,149712.9,225,0,WH-B,2024,8,34,3,428.2,-0.078,0,0
2024-09-01,SKU032,Food,415,434.31,180238.65,842,0,WH-A,2024,9,35,3,417.2,-0.005,0,0
2024-09-08,SKU032,Food,403,357.84,144209.52,220,0,WH-A,2024,9,36,3,409.2,-0.015,0,0
2024-09-15,SKU032,Food,433,201.83,87392.39,144,0,WH-B,2024,9,37,3,411.5,0.052,0,0
2024-09-22,SKU032,Food,342,72.38,24753.96,859,0,WH-C,2024,9,38,3,398.2,-0.141,0,0
2024-09-29,SKU032,Food,297,156.54,46492.38,328,0,WH-A,2024,9,39,3,368.8,-0.195,0,0
2024-10-06,SKU032,Food,283,29.61,8379.63,829,0,WH-A,2024,10,40,4,338.8,-0.165,0,0
2024-10-13,SKU032,Food,281,366.34,102941.54,635,0,WH-C,2024,10,41,4,300.8,-0.066,0,0
2024-10-20,SKU032,Food,298,396.26,118085.48,469,0,WH-C,2024,10,42,4,289.8,0.028,0,0
2024-10-27,SKU032,Food,244,487.98,119067.12,443,0,WH-A,2024,10,43,4,276.5,-0.118,0,0
2024-11-03,SKU032,Food,433,152.41,65993.53,573,0,WH-C,2024,11,44,4,314.0,0.379,0,0
2024-11-10,SKU032,Food,276,446.66,123278.16,460,0,WH-C,2024,11,45,4,312.8,-0.118,0,0
2024-11-17,SKU032,Food,279,145.84,40689.36,371,0,WH-B,2024,11,46,4,308.0,-0.094,0,0
2024-11-24,SKU032,Food,289,250.63,72432.07,956,0,WH-C,2024,11,47,4,319.2,-0.095,0,0
2024-12-01,SKU032,Food,358,27.63,9891.54,159,1,WH-A,2024,12,48,4,300.5,0.191,0,358
2024-12-08,SKU032,Food,352,364.65,128356.8,448,0,WH-B,2024,12,49,4,319.5,0.102,0,0
2024-12-15,SKU032,Food,372,279.22,103869.84,121,0,WH-C,2024,12,50,4,342.8,0.085,0,0
2024-12-22,SKU032,Food,376,100.49,37784.24,157,0,WH-C,2024,12,51,4,364.5,0.032,0,0
2024-12-29,SKU032,Food,460,57.93,26647.8,419,0,WH-B,2024,12,52,4,390.0,0.179,0,0
2022-01-02,SKU033,Food,327,281.8,92148.6,671,0,WH-B,2022,1,52,1,327.0,0.0,0,0
2022-01-09,SKU033,Food,390,292.77,114180.3,111,0,WH-A,2022,1,1,1,358.5,0.088,0,0
2022-01-16,SKU033,Food,426,231.5,98619.0,82,0,WH-A,2022,1,2,1,381.0,0.118,0,0
2022-01-23,SKU033,Food,482,23.67,11408.94,731,0,WH-C,2022,1,3,1,406.2,0.187,0,0
2022-01-30,SKU033,Food,453,487.81,220977.93,919,0,WH-A,2022,1,4,1,437.8,0.035,0,0
2022-02-06,SKU033,Food,522,171.22,89376.84,778,0,WH-B,2022,2,5,1,470.8,0.109,0,0
2022-02-13,SKU033,Food,525,352.23,184920.75,819,0,WH-A,2022,2,6,1,495.5,0.06,0,0
2022-02-20,SKU033,Food,491,190.9,93731.9,889,0,WH-A,2022,2,7,1,497.8,-0.014,0,0
2022-02-27,SKU033,Food,536,193.96,103962.56,644,0,WH-A,2022,2,8,1,518.5,0.034,0,0
2022-03-06,SKU033,Food,515,488.09,251366.35,221,0,WH-A,2022,3,9,1,516.8,-0.003,0,0
2022-03-13,SKU033,Food,484,23.75,11495.0,744,1,WH-C,2022,3,10,1,506.5,-0.044,0,484
2022-03-20,SKU033,Food,498,340.31,169474.38,963,1,WH-B,2022,3,11,1,508.2,-0.02,0,498
2022-03-27,SKU033,Food,521,197.63,102965.23,556,0,WH-B,2022,3,12,1,504.5,0.033,0,0
2022-04-03,SKU033,Food,446,399.45,178154.7,548,0,WH-C,2022,4,13,2,487.2,-0.085,0,0
2022-04-10,SKU033,Food,480,184.89,88747.2,817,1,WH-A,2022,4,14,2,486.2,-0.013,0,480
2022-04-17,SKU033,Food,425,74.71,31751.75,353,0,WH-B,2022,4,15,2,468.0,-0.092,0,0
2022-04-24,SKU033,Food,414,431.88,178798.32,176,0,WH-A,2022,4,16,2,441.2,-0.062,0,0
2022-05-01,SKU033,Food,419,468.42,196267.98,694,0,WH-B,2022,5,17,2,434.5,-0.036,0,0
2022-05-08,SKU033,Food,421,466.98,196598.58,66,0,WH-B,2022,5,18,2,419.8,0.003,0,0
2022-05-15,SKU033,Food,376,224.71,84490.96,591,1,WH-B,2022,5,19,2,407.5,-0.077,0,376
2022-05-22,SKU033,Food,387,340.8,131889.6,850,1,WH-C,2022,5,20,2,400.8,-0.034,0,387
2022-05-29,SKU033,Food,359,19.78,7101.02,885,0,WH-B,2022,5,21,2,385.8,-0.069,0,0
2022-06-05,SKU033,Food,366,471.06,172407.96,116,0,WH-B,2022,6,22,2,372.0,-0.016,0,0
2022-06-12,SKU033,Food,365,238.76,87147.4,757,1,WH-C,2022,6,23,2,369.2,-0.011,0,365
2022-06-19,SKU033,Food,376,53.97,20292.72,628,0,WH-B,2022,6,24,2,366.5,0.026,0,0
2022-06-26,SKU033,Food,377,419.95,158321.15,439,0,WH-B,2022,6,25,2,371.0,0.016,0,0
2022-07-03,SKU033,Food,364,466.73,169889.72,381,0,WH-A,2022,7,26,3,370.5,-0.018,0,0
2022-07-10,SKU033,Food,387,165.48,64040.76,188,0,WH-B,2022,7,27,3,376.0,0.029,0,0
2022-07-17,SKU033,Food,367,247.23,90733.41,531,0,WH-C,2022,7,28,3,373.8,-0.018,0,0
2022-07-24,SKU033,Food,358,233.95,83754.1,872,0,WH-C,2022,7,29,3,369.0,-0.03,0,0
2022-07-31,SKU033,Food,342,268.63,91871.46,478,1,WH-B,2022,7,30,3,363.5,-0.059,0,342
2022-08-07,SKU033,Food,356,212.59,75682.04,605,0,WH-A,2022,8,31,3,355.8,0.001,0,0
2022-08-14,SKU033,Food,364,146.67,53387.88,6,0,WH-C,2022,8,32,3,355.0,0.025,1,0
2022-08-21,SKU033,Food,374,473.27,177002.98,288,0,WH-B,2022,8,33,3,359.0,0.042,0,0
2022-08-28,SKU033,Food,330,247.3,81609.0,494,0,WH-B,2022,8,34,3,356.0,-0.073,0,0
2022-09-04,SKU033,Food,365,291.89,106539.85,225,0,WH-A,2022,9,35,3,358.2,0.019,0,0
2022-09-11,SKU033,Food,298,382.8,114074.4,896,0,WH-B,2022,9,36,3,341.8,-0.128,0,0
2022-09-18,SKU033,Food,289,362.47,104753.83,177,0,WH-C,2022,9,37,3,320.5,-0.098,0,0
2022-09-25,SKU033,Food,271,155.0,42005.0,784,0,WH-A,2022,9,38,3,305.8,-0.114,0,0
2022-10-02,SKU033,Food,227,11.92,2705.84,153,0,WH-C,2022,10,39,4,271.2,-0.163,0,0
2022-10-09,SKU033,Food,213,228.73,48719.49,620,0,WH-A,2022,10,40,4,250.0,-0.148,0,0
2022-10-16,SKU033,Food,264,178.58,47145.12,116,0,WH-C,2022,10,41,4,243.8,0.083,0,0
2022-10-23,SKU033,Food,225,368.89,83000.25,525,1,WH-B,2022,10,42,4,232.2,-0.031,0,225
2022-10-30,SKU033,Food,188,325.01,61101.88,311,0,WH-C,2022,10,43,4,222.5,-0.155,0,0
2022-11-06,SKU033,Food,213,287.29,61192.77,258,0,WH-C,2022,11,44,4,222.5,-0.043,0,0
2022-11-13,SKU033,Food,242,173.83,42066.86,437,0,WH-C,2022,11,45,4,217.0,0.115,0,0
2022-11-20,SKU033,Food,191,395.57,75553.87,657,0,WH-A,2022,11,46,4,208.5,-0.084,0,0
2022-11-27,SKU033,Food,245,351.13,86026.85,700,0,WH-C,2022,11,47,4,222.8,0.1,0,0
2022-12-04,SKU033,Food,255,255.49,65149.95,295,1,WH-C,2022,12,48,4,233.2,0.093,0,255
2022-12-11,SKU033,Food,295,194.9,57495.5,774,1,WH-A,2022,12,49,4,246.5,0.197,0,295
2022-12-18,SKU033,Food,330,404.38,133445.4,911,0,WH-A,2022,12,50,4,281.2,0.174,0,0
2022-12-25,SKU033,Food,387,78.02,30193.74,577,0,WH-C,2022,12,51,4,316.8,0.222,0,0
2023-01-01,SKU033,Food,380,252.84,96079.2,115,0,WH-C,2023,1,52,1,348.0,0.092,0,0
2023-01-08,SKU033,Food,368,171.23,63012.64,33,0,WH-A,2023,1,1,1,366.2,0.005,1,0
2023-01-15,SKU033,Food,416,321.09,133573.44,94,0,WH-B,2023,1,2,1,387.8,0.073,0,0
2023-01-22,SKU033,Food,454,327.68,148766.72,312,0,WH-B,2023,1,3,1,404.5,0.122,0,0
2023-01-29,SKU033,Food,506,213.93,108248.58,960,0,WH-A,2023,1,4,1,436.0,0.161,0,0
2023-02-05,SKU033,Food,538,15.03,8086.14,178,0,WH-B,2023,2,5,1,478.5,0.124,0,0
2023-02-12,SKU033,Food,540,457.69,247152.6,477,0,WH-A,2023,2,6,1,509.5,0.06,0,0
2023-02-19,SKU033,Food,521,70.9,36938.9,219,1,WH-B,2023,2,7,1,526.2,-0.01,0,521
2023-02-26,SKU033,Food,536,482.02,258362.72,922,0,WH-A,2023,2,8,1,533.8,0.004,0,0
2023-03-05,SKU033,Food,387,402.52,155775.24,221,0,WH-A,2023,3,9,1,496.0,-0.22,0,0
2023-03-12,SKU033,Food,571,237.76,135760.96,510,0,WH-B,2023,3,10,1,503.8,0.133,0,0
2023-03-19,SKU033,Food,521,356.32,185642.72,736,0,WH-C,2023,3,11,1,503.8,0.034,0,0
2023-03-26,SKU033,Food,520,203.84,105996.8,923,1,WH-A,2023,3,12,1,499.8,0.04,0,520
2023-04-02,SKU033,Food,493,339.98,167610.14,272,0,WH-C,2023,4,13,2,526.2,-0.063,0,0
2023-04-09,SKU033,Food,492,22.52,11079.84,326,0,WH-B,2023,4,14,2,506.5,-0.029,0,0
2023-04-16,SKU033,Food,452,170.98,77282.96,863,0,WH-A,2023,4,15,2,489.2,-0.076,0,0
2023-04-23,SKU033,Food,458,314.05,143834.9,642,0,WH-B,2023,4,16,2,473.8,-0.033,0,0
2023-04-30,SKU033,Food,443,125.46,55578.78,642,0,WH-C,2023,4,17,2,461.2,-0.039,0,0
2023-05-07,SKU033,Food,377,84.96,32029.92,596,1,WH-B,2023,5,18,2,432.5,-0.128,0,377
2023-05-14,SKU033,Food,418,307.68,128610.24,388,0,WH-C,2023,5,19,2,424.0,-0.014,0,0
2023-05-21,SKU033,Food,391,50.31,19671.21,40,0,WH-A,2023,5,20,2,407.2,-0.04,1,0
2023-05-28,SKU033,Food,365,43.32,15811.8,519,0,WH-A,2023,5,21,2,387.8,-0.059,0,0
2023-06-04,SKU033,Food,380,287.01,109063.8,426,0,WH-A,2023,6,22,2,388.5,-0.022,0,0
2023-06-11,SKU033,Food,375,409.5,153562.5,65,0,WH-C,2023,6,23,2,377.8,-0.007,0,0
2023-06-18,SKU033,Food,359,105.05,37712.95,608,0,WH-A,2023,6,24,2,369.8,-0.029,0,0
2023-06-25,SKU033,Food,399,42.46,16941.54,95,1,WH-B,2023,6,25,2,378.2,0.055,0,399
2023-07-02,SKU033,Food,399,183.96,73400.04,766,0,WH-B,2023,7,26,3,383.0,0.042,0,0
2023-07-09,SKU033,Food,391,346.29,135399.39,334,0,WH-A,2023,7,27,3,387.0,0.01,0,0
2023-07-16,SKU033,Food,387,486.46,188260.02,607,0,WH-B,2023,7,28,3,394.0,-0.018,0,0
2023-07-23,SKU033,Food,389,29.61,11518.29,430,0,WH-B,2023,7,29,3,391.5,-0.006,0,0
2023-07-30,SKU033,Food,394,202.62,79832.28,197,0,WH-C,2023,7,30,3,390.2,0.01,0,0
2023-08-06,SKU033,Food,406,405.54,164649.24,518,0,WH-A,2023,8,31,3,394.0,0.03,0,0
2023-08-13,SKU033,Food,370,167.67,62037.9,543,0,WH-B,2023,8,32,3,389.8,-0.051,0,0
2023-08-20,SKU033,Food,347,129.75,45023.25,372,0,WH-C,2023,8,33,3,379.2,-0.085,0,0
2023-08-27,SKU033,Food,353,313.41,110633.73,989,0,WH-C,2023,8,34,3,369.0,-0.043,0,0
2023-09-03,SKU033,Food,391,116.27,45461.57,0,0,WH-A,2023,9,35,3,365.2,0.071,1,0
2023-09-10,SKU033,Food,353,328.66,116016.98,848,0,WH-C,2023,9,36,3,361.0,-0.022,0,0
2023-09-17,SKU033,Food,310,73.02,22636.2,153,0,WH-A,2023,9,37,3,351.8,-0.119,0,0
2023-09-24,SKU033,Food,296,397.89,117775.44,247,0,WH-C,2023,9,38,3,337.5,-0.123,0,0
2023-10-01,SKU033,Food,262,379.56,99444.72,103,0,WH-C,2023,10,39,4,305.2,-0.142,0,0
2023-10-08,SKU033,Food,207,13.61,2817.27,232,0,WH-B,2023,10,40,4,268.8,-0.23,0,0
2023-10-15,SKU033,Food,227,39.89,9055.03,883,0,WH-C,2023,10,41,4,248.0,-0.085,0,0
2023-10-22,SKU033,Food,186,151.76,28227.36,887,0,WH-C,2023,10,42,4,220.5,-0.156,0,0
2023-10-29,SKU033,Food,216,224.25,48438.0,992,0,WH-C,2023,10,43,4,209.0,0.033,0,0
2023-11-05,SKU033,Food,211,207.16,43710.76,183,0,WH-B,2023,11,44,4,210.0,0.005,0,0
2023-11-12,SKU033,Food,258,223.66,57704.28,55,0,WH-B,2023,11,45,4,217.8,0.185,0,0
2023-11-19,SKU033,Food,212,247.72,52516.64,14,1,WH-B,2023,11,46,4,224.2,-0.054,1,212
2023-11-26,SKU033,Food,287,72.58,20830.46,550,0,WH-A,2023,11,47,4,242.0,0.186,0,0
2023-12-03,SKU033,Food,281,478.8,134542.8,468,0,WH-A,2023,12,48,4,259.5,0.083,0,0
2023-12-10,SKU033,Food,294,458.24,134722.56,197,0,WH-B,2023,12,49,4,268.5,0.095,0,0
2023-12-17,SKU033,Food,277,449.68,124561.36,862,0,WH-A,2023,12,50,4,284.8,-0.027,0,0
2023-12-24,SKU033,Food,361,268.66,96986.26,678,0,WH-A,2023,12,51,4,303.2,0.191,0,0
2023-12-31,SKU033,Food,448,341.47,152978.56,544,0,WH-A,2023,12,52,4,345.0,0.299,0,0
2024-01-07,SKU033,Food,431,224.48,96750.88,641,0,WH-A,2024,1,1,1,379.2,0.137,0,0
2024-01-14,SKU033,Food,463,435.11,201455.93,405,0,WH-C,2024,1,2,1,425.8,0.087,0,0
2024-01-21,SKU033,Food,496,216.1,107185.6,749,0,WH-C,2024,1,3,1,459.5,0.079,0,0
2024-01-28,SKU033,Food,536,34.48,18481.28,485,0,WH-A,2024,1,4,1,481.5,0.113,0,0
2024-02-04,SKU033,Food,525,240.07,126036.75,904,0,WH-C,2024,2,5,1,505.0,0.04,0,0
2024-02-11,SKU033,Food,559,25.63,14327.17,632,0,WH-A,2024,2,6,1,529.0,0.057,0,0
2024-02-18,SKU033,Food,551,334.26,184177.26,516,0,WH-B,2024,2,7,1,542.8,0.015,0,0
2024-02-25,SKU033,Food,575,20.09,11551.75,226,1,WH-A,2024,2,8,1,552.5,0.041,0,575
2024-03-03,SKU033,Food,578,416.74,240875.72,918,0,WH-B,2024,3,9,1,565.8,0.022,0,0
2024-03-10,SKU033,Food,543,387.25,210276.75,923,0,WH-C,2024,3,10,1,561.8,-0.033,0,0
2024-03-17,SKU033,Food,524,386.27,202405.48,353,1,WH-C,2024,3,11,1,555.0,-0.056,0,524
2024-03-24,SKU033,Food,551,76.53,42168.03,485,0,WH-B,2024,3,12,1,549.0,0.004,0,0
2024-03-31,SKU033,Food,538,143.6,77256.8,176,0,WH-B,2024,3,13,1,539.0,-0.002,0,0
2024-04-07,SKU033,Food,518,270.75,140248.5,539,0,WH-B,2024,4,14,2,532.8,-0.028,0,0
2024-04-14,SKU033,Food,458,27.61,12645.38,594,0,WH-B,2024,4,15,2,516.2,-0.113,0,0
2024-04-21,SKU033,Food,472,309.31,145994.32,529,0,WH-C,2024,4,16,2,496.5,-0.049,0,0
2024-04-28,SKU033,Food,458,139.13,63721.54,854,0,WH-B,2024,4,17,2,476.5,-0.039,0,0
2024-05-05,SKU033,Food,450,284.57,128056.5,845,1,WH-A,2024,5,18,2,459.5,-0.021,0,450
2024-05-12,SKU033,Food,372,85.37,31757.64,189,1,WH-A,2024,5,19,2,438.0,-0.151,0,372
2024-05-19,SKU033,Food,381,335.77,127928.37,442,0,WH-A,2024,5,20,2,415.2,-0.082,0,0
2024-05-26,SKU033,Food,426,476.4,202946.4,341,0,WH-A,2024,5,21,2,407.2,0.046,0,0
2024-06-02,SKU033,Food,389,293.52,114179.28,30,0,WH-B,2024,6,22,2,392.0,-0.008,1,0
2024-06-09,SKU033,Food,398,220.11,87603.78,887,0,WH-A,2024,6,23,2,398.5,-0.001,0,0
2024-06-16,SKU033,Food,381,497.92,189707.52,484,0,WH-A,2024,6,24,2,398.5,-0.044,0,0
2024-06-23,SKU033,Food,417,179.26,74751.42,301,0,WH-B,2024,6,25,2,396.2,0.052,0,0
2024-06-30,SKU033,Food,430,382.51,164479.3,301,0,WH-A,2024,6,26,2,406.5,0.058,0,0
2024-07-07,SKU033,Food,411,331.08,136073.88,904,0,WH-B,2024,7,27,3,409.8,0.003,0,0
2024-07-14,SKU033,Food,419,327.08,137046.52,615,0,WH-A,2024,7,28,3,419.2,-0.0,0,0
2024-07-21,SKU033,Food,416,104.51,43476.16,714,0,WH-C,2024,7,29,3,419.0,-0.007,0,0
2024-07-28,SKU033,Food,434,398.46,172931.64,39,0,WH-A,2024,7,30,3,420.0,0.033,1,0
2024-08-04,SKU033,Food,414,48.47,20066.58,114,0,WH-B,2024,8,31,3,420.8,-0.016,0,0
2024-08-11,SKU033,Food,439,218.69,96004.91,888,0,WH-B,2024,8,32,3,425.8,0.031,0,0
2024-08-18,SKU033,Food,423,312.64,132246.72,236,0,WH-C,2024,8,33,3,427.5,-0.011,0,0
2024-08-25,SKU033,Food,390,396.86,154775.4,363,1,WH-A,2024,8,34,3,416.5,-0.064,0,390
2024-09-01,SKU033,Food,387,468.42,181278.54,51,0,WH-C,2024,9,35,3,409.8,-0.056,0,0
2024-09-08,SKU033,Food,331,375.83,124399.73,924,0,WH-B,2024,9,36,3,382.8,-0.135,0,0
2024-09-15,SKU033,Food,323,219.34,70846.82,424,1,WH-B,2024,9,37,3,357.8,-0.097,0,323
2024-09-22,SKU033,Food,302,457.68,138219.36,950,0,WH-A,2024,9,38,3,335.8,-0.101,0,0
2024-09-29,SKU033,Food,287,266.85,76585.95,555,0,WH-A,2024,9,39,3,310.8,-0.077,0,0
2024-10-06,SKU033,Food,239,358.54,85691.06,982,0,WH-A,2024,10,40,4,287.8,-0.17,0,0
2024-10-13,SKU033,Food,226,214.87,48560.62,150,0,WH-C,2024,10,41,4,263.5,-0.142,0,0
2024-10-20,SKU033,Food,184,436.0,80224.0,327,0,WH-B,2024,10,42,4,234.0,-0.214,0,0
2024-10-27,SKU033,Food,219,97.7,21396.3,579,0,WH-A,2024,10,43,4,217.0,0.009,0,0
2024-11-03,SKU033,Food,240,74.73,17935.2,356,0,WH-B,2024,11,44,4,217.2,0.105,0,0
2024-11-10,SKU033,Food,271,408.97,110830.87,123,0,WH-A,2024,11,45,4,228.5,0.186,0,0
2024-11-17,SKU033,Food,248,55.67,13806.16,779,1,WH-A,2024,11,46,4,244.5,0.014,0,248
2024-11-24,SKU033,Food,275,74.02,20355.5,61,1,WH-B,2024,11,47,4,258.5,0.064,0,275
2024-12-01,SKU033,Food,293,141.4,41430.2,556,0,WH-C,2024,12,48,4,271.8,0.078,0,0
2024-12-08,SKU033,Food,329,246.69,81161.01,789,0,WH-C,2024,12,49,4,286.2,0.15,0,0
2024-12-15,SKU033,Food,313,149.29,46727.77,892,0,WH-C,2024,12,50,4,302.5,0.035,0,0
2024-12-22,SKU033,Food,401,96.35,38636.35,539,0,WH-A,2024,12,51,4,334.0,0.201,0,0
2024-12-29,SKU033,Food,424,122.06,51753.44,410,0,WH-C,2024,12,52,4,366.8,0.156,0,0
2022-01-02,SKU034,Food,106,329.49,34925.94,960,0,WH-C,2022,1,52,1,106.0,0.0,0,0
2022-01-09,SKU034,Food,114,275.12,31363.68,290,0,WH-A,2022,1,1,1,110.0,0.036,0,0
2022-01-16,SKU034,Food,168,201.71,33887.28,369,1,WH-B,2022,1,2,1,129.3,0.299,0,168
2022-01-23,SKU034,Food,155,193.84,30045.2,272,0,WH-B,2022,1,3,1,135.8,0.141,0,0
2022-01-30,SKU034,Food,186,184.8,34372.8,750,0,WH-A,2022,1,4,1,155.8,0.194,0,0
2022-02-06,SKU034,Food,169,382.91,64711.79,829,0,WH-C,2022,2,5,1,169.5,-0.003,0,0
2022-02-13,SKU034,Food,166,227.54,37771.64,905,1,WH-C,2022,2,6,1,169.0,-0.018,0,166
2022-02-20,SKU034,Food,181,88.83,16078.23,162,0,WH-A,2022,2,7,1,175.5,0.031,0,0
2022-02-27,SKU034,Food,137,468.85,64232.45,976,1,WH-A,2022,2,8,1,163.2,-0.161,0,137
2022-03-06,SKU034,Food,135,177.27,23931.45,643,0,WH-B,2022,3,9,1,154.8,-0.128,0,0
2022-03-13,SKU034,Food,189,381.63,72128.07,803,0,WH-A,2022,3,10,1,160.5,0.178,0,0
2022-03-20,SKU034,Food,193,191.53,36965.29,997,1,WH-B,2022,3,11,1,163.5,0.18,0,193
2022-03-27,SKU034,Food,204,183.13,37358.52,597,0,WH-C,2022,3,12,1,180.2,0.132,0,0
2022-04-03,SKU034,Food,144,444.04,63941.76,955,0,WH-B,2022,4,13,2,182.5,-0.211,0,0
2022-04-10,SKU034,Food,165,47.36,7814.4,521,1,WH-A,2022,4,14,2,176.5,-0.065,0,165
2022-04-17,SKU034,Food,170,275.86,46896.2,624,1,WH-C,2022,4,15,2,170.8,-0.005,0,170
2022-04-24,SKU034,Food,169,410.85,69433.65,942,0,WH-C,2022,4,16,2,162.0,0.043,0,0
2022-05-01,SKU034,Food,129,216.03,27867.87,464,0,WH-C,2022,5,17,2,158.2,-0.185,0,0
2022-05-08,SKU034,Food,126,38.08,4798.08,323,0,WH-A,2022,5,18,2,148.5,-0.152,0,0
2022-05-15,SKU034,Food,138,20.41,2816.58,677,0,WH-B,2022,5,19,2,140.5,-0.018,0,0
2022-05-22,SKU034,Food,106,427.21,45284.26,429,0,WH-B,2022,5,20,2,124.8,-0.151,0,0
2022-05-29,SKU034,Food,123,466.0,57318.0,709,1,WH-C,2022,5,21,2,123.2,-0.002,0,123
2022-06-05,SKU034,Food,160,458.1,73296.0,176,0,WH-C,2022,6,22,2,131.8,0.214,0,0
2022-06-12,SKU034,Food,136,319.55,43458.8,640,0,WH-C,2022,6,23,2,131.2,0.037,0,0
2022-06-19,SKU034,Food,83,256.47,21287.01,498,0,WH-A,2022,6,24,2,125.5,-0.339,0,0
2022-06-26,SKU034,Food,148,156.47,23157.56,753,0,WH-A,2022,6,25,2,131.8,0.123,0,0
2022-07-03,SKU034,Food,100,257.18,25718.0,425,0,WH-B,2022,7,26,3,116.8,-0.144,0,0
2022-07-10,SKU034,Food,126,426.48,53736.48,71,0,WH-C,2022,7,27,3,114.2,0.103,0,0
2022-07-17,SKU034,Food,105,222.52,23364.6,331,0,WH-C,2022,7,28,3,119.8,-0.124,0,0
2022-07-24,SKU034,Food,133,304.91,40553.03,36,0,WH-B,2022,7,29,3,116.0,0.147,1,0
2022-07-31,SKU034,Food,114,159.86,18224.04,50,0,WH-B,2022,7,30,3,119.5,-0.046,0,0
2022-08-07,SKU034,Food,126,127.01,16003.26,82,0,WH-B,2022,8,31,3,119.5,0.054,0,0
2022-08-14,SKU034,Food,151,104.34,15755.34,70,0,WH-B,2022,8,32,3,131.0,0.153,0,0
2022-08-21,SKU034,Food,123,496.24,61037.52,239,1,WH-C,2022,8,33,3,128.5,-0.043,0,123
2022-08-28,SKU034,Food,119,14.34,1706.46,406,0,WH-A,2022,8,34,3,129.8,-0.083,0,0
2022-09-04,SKU034,Food,117,32.94,3853.98,862,0,WH-C,2022,9,35,3,127.5,-0.082,0,0
2022-09-11,SKU034,Food,122,443.2,54070.4,322,0,WH-B,2022,9,36,3,120.2,0.015,0,0
2022-09-18,SKU034,Food,124,73.87,9159.88,683,0,WH-B,2022,9,37,3,120.5,0.029,0,0
2022-09-25,SKU034,Food,77,478.7,36859.9,133,0,WH-A,2022,9,38,3,110.0,-0.3,0,0
2022-10-02,SKU034,Food,73,83.47,6093.31,974,0,WH-C,2022,10,39,4,99.0,-0.263,0,0
2022-10-09,SKU034,Food,51,138.58,7067.58,859,0,WH-B,2022,10,40,4,81.2,-0.372,0,0
2022-10-16,SKU034,Food,106,162.21,17194.26,112,0,WH-C,2022,10,41,4,76.8,0.38,0,0
2022-10-23,SKU034,Food,60,250.745,15044.7,687,0,WH-A,2022,10,42,4,72.5,-0.172,0,0
2022-10-30,SKU034,Food,66,162.88,10750.08,923,0,WH-C,2022,10,43,4,70.8,-0.068,0,0
2022-11-06,SKU034,Food,92,382.96,35232.32,804,0,WH-C,2022,11,44,4,81.0,0.136,0,0
2022-11-13,SKU034,Food,98,379.95,37235.1,987,0,WH-A,2022,11,45,4,79.0,0.241,0,0
2022-11-20,SKU034,Food,95,339.95,32295.25,222,0,WH-A,2022,11,46,4,87.8,0.082,0,0
2022-11-27,SKU034,Food,100,93.62,9362.0,261,1,WH-A,2022,11,47,4,96.2,0.04,0,100
2022-12-04,SKU034,Food,91,32.25,2934.75,123,0,WH-B,2022,12,48,4,96.0,-0.052,0,0
2022-12-11,SKU034,Food,116,473.59,54936.44,422,0,WH-A,2022,12,49,4,100.5,0.154,0,0
2022-12-18,SKU034,Food,125,464.2,58025.0,353,0,WH-B,2022,12,50,4,108.0,0.157,0,0
2022-12-25,SKU034,Food,141,11.26,1587.66,840,0,WH-A,2022,12,51,4,118.2,0.193,0,0
2023-01-01,SKU034,Food,109,293.26,31965.34,78,0,WH-B,2023,1,52,1,122.8,-0.112,0,0
2023-01-08,SKU034,Food,146,29.16,4257.36,808,0,WH-C,2023,1,1,1,130.2,0.121,0,0
2023-01-15,SKU034,Food,129,407.82,52608.78,484,0,WH-A,2023,1,2,1,131.2,-0.017,0,0
2023-01-22,SKU034,Food,113,88.3,9977.9,699,0,WH-C,2023,1,3,1,124.2,-0.09,0,0
2023-01-29,SKU034,Food,173,319.13,55209.49,606,0,WH-C,2023,1,4,1,140.2,0.234,0,0
2023-02-05,SKU034,Food,188,116.75,21949.0,634,0,WH-A,2023,2,5,1,150.8,0.247,0,0
2023-02-12,SKU034,Food,158,472.95,74726.1,966,0,WH-C,2023,2,6,1,158.0,0.0,0,0
2023-02-19,SKU034,Food,142,236.18,33537.56,103,0,WH-B,2023,2,7,1,165.2,-0.14,0,0
2023-02-26,SKU034,Food,203,373.63,75846.89,149,0,WH-B,2023,2,8,1,172.8,0.175,0,0
2023-03-05,SKU034,Food,173,488.84,84569.32,706,1,WH-A,2023,3,9,1,169.0,0.024,0,173
2023-03-12,SKU034,Food,190,462.79,87930.1,318,0,WH-B,2023,3,10,1,177.0,0.073,0,0
2023-03-19,SKU034,Food,199,25.91,5156.09,780,0,WH-B,2023,3,11,1,191.2,0.041,0,0
2023-03-26,SKU034,Food,162,494.3,80076.6,149,0,WH-B,2023,3,12,1,181.0,-0.105,0,0
2023-04-02,SKU034,Food,173,295.37,51099.01,535,0,WH-B,2023,4,13,2,181.0,-0.044,0,0
2023-04-09,SKU034,Food,168,197.54,33186.72,895,0,WH-A,2023,4,14,2,175.5,-0.043,0,0
2023-04-16,SKU034,Food,186,18.81,3498.66,560,0,WH-B,2023,4,15,2,172.2,0.08,0,0
2023-04-23,SKU034,Food,147,153.19,22518.93,376,0,WH-C,2023,4,16,2,168.5,-0.128,0,0
2023-04-30,SKU034,Food,185,385.9,71391.5,257,0,WH-C,2023,4,17,2,171.5,0.079,0,0
2023-05-07,SKU034,Food,150,384.82,57723.0,228,0,WH-A,2023,5,18,2,167.0,-0.102,0,0
2023-05-14,SKU034,Food,142,320.88,45564.96,175,0,WH-C,2023,5,19,2,156.0,-0.09,0,0
2023-05-21,SKU034,Food,89,89.63,7977.07,970,1,WH-B,2023,5,20,2,141.5,-0.371,0,89
2023-05-28,SKU034,Food,104,61.29,6374.16,211,0,WH-C,2023,5,21,2,121.2,-0.142,0,0
2023-06-04,SKU034,Food,136,110.98,15093.28,67,0,WH-A,2023,6,22,2,117.8,0.154,0,0
2023-06-11,SKU034,Food,146,362.24,52887.04,834,0,WH-C,2023,6,23,2,118.8,0.229,0,0
2023-06-18,SKU034,Food,153,327.74,50144.22,156,0,WH-B,2023,6,24,2,134.8,0.135,0,0
2023-06-25,SKU034,Food,100,115.96,11596.0,828,1,WH-C,2023,6,25,2,133.8,-0.253,0,100
2023-07-02,SKU034,Food,134,241.93,32418.62,764,0,WH-A,2023,7,26,3,133.2,0.006,0,0
2023-07-09,SKU034,Food,141,250.745,35355.04,221,0,WH-A,2023,7,27,3,132.0,0.068,0,0
2023-07-16,SKU034,Food,153,116.2,17778.6,744,0,WH-A,2023,7,28,3,132.0,0.159,0,0
2023-07-23,SKU034,Food,141,472.19,66578.79,178,0,WH-B,2023,7,29,3,142.2,-0.008,0,0
2023-07-30,SKU034,Food,142,189.22,26869.24,318,0,WH-A,2023,7,30,3,144.2,-0.015,0,0
2023-08-06,SKU034,Food,132,123.12,16251.84,546,0,WH-B,2023,8,31,3,142.0,-0.07,0,0
2023-08-13,SKU034,Food,134,20.79,2785.86,881,0,WH-C,2023,8,32,3,137.2,-0.023,0,0
2023-08-20,SKU034,Food,138,95.57,13188.66,240,0,WH-A,2023,8,33,3,136.5,0.011,0,0
2023-08-27,SKU034,Food,134,287.09,38470.06,216,1,WH-A,2023,8,34,3,134.5,-0.004,0,134
2023-09-03,SKU034,Food,113,250.745,28334.18,462,1,WH-C,2023,9,35,3,129.8,-0.129,0,113
2023-09-10,SKU034,Food,130,201.13,26146.9,866,1,WH-B,2023,9,36,3,128.8,0.009,0,130
2023-09-17,SKU034,Food,113,301.43,34061.59,590,0,WH-C,2023,9,37,3,122.5,-0.078,0,0
2023-09-24,SKU034,Food,104,404.32,42049.28,861,0,WH-C,2023,9,38,3,115.0,-0.096,0,0
2023-10-01,SKU034,Food,80,453.26,36260.8,629,0,WH-B,2023,10,39,4,106.8,-0.251,0,0
2023-10-08,SKU034,Food,91,240.39,21875.49,399,0,WH-C,2023,10,40,4,97.0,-0.062,0,0
2023-10-15,SKU034,Food,69,465.76,32137.44,181,0,WH-A,2023,10,41,4,86.0,-0.198,0,0
2023-10-22,SKU034,Food,116,345.04,40024.64,454,1,WH-B,2023,10,42,4,89.0,0.303,0,116
2023-10-29,SKU034,Food,78,11.89,927.42,589,0,WH-C,2023,10,43,4,88.5,-0.119,0,0
2023-11-05,SKU034,Food,134,279.1,37399.4,4,0,WH-A,2023,11,44,4,99.2,0.351,1,0
2023-11-12,SKU034,Food,57,183.41,10454.37,669,0,WH-A,2023,11,45,4,96.2,-0.407,0,0
2023-11-19,SKU034,Food,80,417.25,33380.0,140,0,WH-B,2023,11,46,4,87.2,-0.083,0,0
2023-11-26,SKU034,Food,75,276.22,20716.5,60,0,WH-A,2023,11,47,4,86.5,-0.133,0,0
2023-12-03,SKU034,Food,117,320.61,37511.37,306,0,WH-B,2023,12,48,4,82.2,0.423,0,0
2023-12-10,SKU034,Food,78,303.99,23711.22,372,0,WH-B,2023,12,49,4,87.5,-0.109,0,0
2023-12-17,SKU034,Food,120,170.25,20430.0,271,0,WH-C,2023,12,50,4,97.5,0.231,0,0
2023-12-24,SKU034,Food,186,304.31,56601.66,978,0,WH-B,2023,12,51,4,125.2,0.486,0,0
2023-12-31,SKU034,Food,115,260.46,29952.9,98,0,WH-B,2023,12,52,4,124.8,-0.079,0,0
2024-01-07,SKU034,Food,145,242.91,35221.95,374,0,WH-A,2024,1,1,1,141.5,0.025,0,0
2024-01-14,SKU034,Food,182,229.95,41850.9,577,0,WH-B,2024,1,2,1,157.0,0.159,0,0
2024-01-21,SKU034,Food,188,227.74,42815.12,671,0,WH-B,2024,1,3,1,157.5,0.194,0,0
2024-01-28,SKU034,Food,198,107.02,21189.96,271,1,WH-A,2024,1,4,1,178.2,0.111,0,198
2024-02-04,SKU034,Food,189,498.73,94259.97,619,0,WH-B,2024,2,5,1,189.2,-0.001,0,0
2024-02-11,SKU034,Food,186,175.47,32637.42,225,1,WH-B,2024,2,6,1,190.2,-0.022,0,186
2024-02-18,SKU034,Food,182,371.35,67585.7,218,0,WH-A,2024,2,7,1,188.8,-0.036,0,0
2024-02-25,SKU034,Food,173,126.31,21851.63,518,0,WH-B,2024,2,8,1,182.5,-0.052,0,0
2024-03-03,SKU034,Food,174,441.46,76814.04,408,0,WH-B,2024,3,9,1,178.8,-0.027,0,0
2024-03-10,SKU034,Food,197,103.18,20326.46,735,0,WH-A,2024,3,10,1,181.5,0.085,0,0
2024-03-17,SKU034,Food,163,72.06,11745.78,157,0,WH-C,2024,3,11,1,176.8,-0.078,0,0
2024-03-24,SKU034,Food,133,373.95,49735.35,146,0,WH-C,2024,3,12,1,166.8,-0.203,0,0
2024-03-31,SKU034,Food,155,282.5,43787.5,355,0,WH-A,2024,3,13,1,162.0,-0.043,0,0
2024-04-07,SKU034,Food,196,488.26,95698.96,473,0,WH-B,2024,4,14,2,161.8,0.211,0,0
2024-04-14,SKU034,Food,159,147.76,23493.84,95,0,WH-B,2024,4,15,2,160.8,-0.011,0,0
2024-04-21,SKU034,Food,138,202.86,27994.68,806,0,WH-C,2024,4,16,2,162.0,-0.148,0,0
2024-04-28,SKU034,Food,139,60.76,8445.64,576,0,WH-B,2024,4,17,2,158.0,-0.12,0,0
2024-05-05,SKU034,Food,157,344.59,54100.63,174,0,WH-C,2024,5,18,2,148.2,0.059,0,0
2024-05-12,SKU034,Food,158,64.4,10175.2,329,0,WH-A,2024,5,19,2,148.0,0.068,0,0
2024-05-19,SKU034,Food,123,448.68,55187.64,731,0,WH-C,2024,5,20,2,144.2,-0.147,0,0
2024-05-26,SKU034,Food,146,50.06,7308.76,797,1,WH-A,2024,5,21,2,146.0,0.0,0,146
2024-06-02,SKU034,Food,125,246.05,30756.25,165,0,WH-A,2024,6,22,2,138.0,-0.094,0,0
2024-06-09,SKU034,Food,135,101.28,13672.8,777,0,WH-B,2024,6,23,2,132.2,0.021,0,0
2024-06-16,SKU034,Food,117,79.99,9358.83,981,1,WH-C,2024,6,24,2,130.8,-0.106,0,117
2024-06-23,SKU034,Food,130,15.08,1960.4,360,0,WH-C,2024,6,25,2,126.8,0.025,0,0
2024-06-30,SKU034,Food,118,109.25,12891.5,468,0,WH-C,2024,6,26,2,125.0,-0.056,0,0
2024-07-07,SKU034,Food,155,121.5,18832.5,269,0,WH-C,2024,7,27,3,130.0,0.192,0,0
2024-07-14,SKU034,Food,155,232.85,36091.75,251,0,WH-B,2024,7,28,3,139.5,0.111,0,0
2024-07-21,SKU034,Food,159,317.74,50520.66,827,1,WH-C,2024,7,29,3,146.8,0.083,0,159
2024-07-28,SKU034,Food,127,385.31,48934.37,650,0,WH-C,2024,7,30,3,149.0,-0.148,0,0
2024-08-04,SKU034,Food,134,48.73,6529.82,475,0,WH-C,2024,8,31,3,143.8,-0.068,0,0
2024-08-11,SKU034,Food,122,468.74,57186.28,265,0,WH-C,2024,8,32,3,135.5,-0.1,0,0
2024-08-18,SKU034,Food,156,355.37,55437.72,367,0,WH-A,2024,8,33,3,134.8,0.157,0,0
2024-08-25,SKU034,Food,163,487.41,79447.83,283,0,WH-B,2024,8,34,3,143.8,0.134,0,0
2024-09-01,SKU034,Food,124,152.84,18952.16,306,0,WH-B,2024,9,35,3,141.2,-0.122,0,0
2024-09-08,SKU034,Food,141,51.9,7317.9,387,0,WH-A,2024,9,36,3,146.0,-0.034,0,0
2024-09-15,SKU034,Food,124,422.5,52390.0,491,0,WH-C,2024,9,37,3,138.0,-0.101,0,0
2024-09-22,SKU034,Food,99,46.51,4604.49,406,0,WH-C,2024,9,38,3,122.0,-0.189,0,0
2024-09-29,SKU034,Food,117,99.33,11621.61,619,0,WH-A,2024,9,39,3,120.2,-0.027,0,0
2024-10-06,SKU034,Food,106,310.03,32863.18,95,1,WH-A,2024,10,40,4,111.5,-0.049,0,106
2024-10-13,SKU034,Food,71,304.5,21619.5,665,0,WH-C,2024,10,41,4,98.2,-0.277,0,0
2024-10-20,SKU034,Food,59,488.41,28816.19,613,0,WH-B,2024,10,42,4,88.2,-0.331,0,0
2024-10-27,SKU034,Food,88,297.26,26158.88,516,0,WH-A,2024,10,43,4,81.0,0.086,0,0
2024-11-03,SKU034,Food,89,281.81,25081.09,199,0,WH-B,2024,11,44,4,76.8,0.159,0,0
2024-11-10,SKU034,Food,109,292.41,31872.69,940,1,WH-C,2024,11,45,4,86.2,0.265,0,109
2024-11-17,SKU034,Food,86,482.79,41519.94,529,0,WH-A,2024,11,46,4,93.0,-0.075,0,0
2024-11-24,SKU034,Food,110,296.36,32599.6,873,0,WH-B,2024,11,47,4,98.5,0.117,0,0
2024-12-01,SKU034,Food,101,255.44,25799.44,385,0,WH-C,2024,12,48,4,101.5,-0.005,0,0
2024-12-08,SKU034,Food,120,448.56,53827.2,891,0,WH-A,2024,12,49,4,104.2,0.152,0,0
2024-12-15,SKU034,Food,72,266.69,19201.68,216,0,WH-C,2024,12,50,4,100.8,-0.286,0,0
2024-12-22,SKU034,Food,157,12.51,1964.07,314,0,WH-C,2024,12,51,4,112.5,0.396,0,0
2024-12-29,SKU034,Food,137,202.38,27726.06,450,0,WH-C,2024,12,52,4,121.5,0.128,0,0
2022-01-02,SKU035,Food,191,224.85,42946.35,14,0,WH-B,2022,1,52,1,191.0,0.0,1,0
2022-01-09,SKU035,Food,169,157.37,26595.53,859,0,WH-A,2022,1,1,1,180.0,-0.061,0,0
2022-01-16,SKU035,Food,191,268.81,51342.71,461,0,WH-C,2022,1,2,1,183.7,0.04,0,0
2022-01-23,SKU035,Food,202,244.13,49314.26,344,0,WH-A,2022,1,3,1,188.2,0.073,0,0
2022-01-30,SKU035,Food,256,311.62,79774.72,971,0,WH-C,2022,1,4,1,204.5,0.252,0,0
2022-02-06,SKU035,Food,266,327.46,87104.36,830,0,WH-A,2022,2,5,1,228.8,0.163,0,0
2022-02-13,SKU035,Food,280,479.81,134346.8,279,0,WH-B,2022,2,6,1,251.0,0.116,0,0
2022-02-20,SKU035,Food,260,209.56,54485.6,975,0,WH-C,2022,2,7,1,265.5,-0.021,0,0
2022-02-27,SKU035,Food,237,287.84,68218.08,326,0,WH-C,2022,2,8,1,260.8,-0.091,0,0
2022-03-06,SKU035,Food,263,299.47,78760.61,164,0,WH-B,2022,3,9,1,260.0,0.012,0,0
2022-03-13,SKU035,Food,169,415.68,70249.92,688,0,WH-C,2022,3,10,1,232.2,-0.272,0,0
2022-03-20,SKU035,Food,169,141.8,23964.2,298,0,WH-B,2022,3,11,1,209.5,-0.193,0,0
2022-03-27,SKU035,Food,227,344.74,78255.98,670,0,WH-A,2022,3,12,1,207.0,0.097,0,0
2022-04-03,SKU035,Food,265,322.03,85337.95,268,0,WH-C,2022,4,13,2,207.5,0.277,0,0
2022-04-10,SKU035,Food,236,165.81,39131.16,591,0,WH-A,2022,4,14,2,224.2,0.053,0,0
2022-04-17,SKU035,Food,212,379.83,80523.96,840,0,WH-B,2022,4,15,2,235.0,-0.098,0,0
2022-04-24,SKU035,Food,241,245.68,59208.88,389,1,WH-C,2022,4,16,2,238.5,0.01,0,241
2022-05-01,SKU035,Food,206,348.2,71729.2,27,1,WH-A,2022,5,17,2,223.8,-0.08,1,206
2022-05-08,SKU035,Food,167,224.55,37499.85,831,0,WH-A,2022,5,18,2,206.5,-0.191,0,0
2022-05-15,SKU035,Food,188,238.15,44772.2,269,0,WH-B,2022,5,19,2,200.5,-0.062,0,0
2022-05-22,SKU035,Food,179,111.92,20033.68,632,0,WH-B,2022,5,20,2,185.0,-0.032,0,0
2022-05-29,SKU035,Food,188,462.17,86887.96,194,0,WH-C,2022,5,21,2,180.5,0.042,0,0
2022-06-05,SKU035,Food,148,452.48,66967.04,577,0,WH-B,2022,6,22,2,175.8,-0.158,0,0
2022-06-12,SKU035,Food,143,498.24,71248.32,267,0,WH-A,2022,6,23,2,164.5,-0.131,0,0
2022-06-19,SKU035,Food,222,376.47,83576.34,480,0,WH-B,2022,6,24,2,175.2,0.267,0,0
2022-06-26,SKU035,Food,189,62.88,11884.32,315,0,WH-A,2022,6,25,2,175.5,0.077,0,0
2022-07-03,SKU035,Food,228,325.75,74271.0,404,0,WH-A,2022,7,26,3,195.5,0.166,0,0
2022-07-10,SKU035,Food,228,13.08,2982.24,749,0,WH-C,2022,7,27,3,216.8,0.052,0,0
2022-07-17,SKU035,Food,183,484.09,88588.47,384,0,WH-C,2022,7,28,3,207.0,-0.116,0,0
2022-07-24,SKU035,Food,156,51.03,7960.68,354,0,WH-B,2022,7,29,3,198.8,-0.215,0,0
2022-07-31,SKU035,Food,180,92.98,16736.4,586,0,WH-A,2022,7,30,3,186.8,-0.036,0,0
2022-08-07,SKU035,Food,166,456.18,75725.88,153,0,WH-B,2022,8,31,3,171.2,-0.03,0,0
2022-08-14,SKU035,Food,167,399.56,66726.52,552,1,WH-A,2022,8,32,3,167.2,-0.001,0,167
2022-08-21,SKU035,Food,161,481.39,77503.79,225,0,WH-A,2022,8,33,3,168.5,-0.045,0,0
2022-08-28,SKU035,Food,181,438.52,79372.12,125,0,WH-C,2022,8,34,3,168.8,0.072,0,0
2022-09-04,SKU035,Food,161,454.69,73205.09,849,0,WH-C,2022,9,35,3,167.5,-0.039,0,0
2022-09-11,SKU035,Food,161,231.71,37305.31,379,0,WH-C,2022,9,36,3,166.0,-0.03,0,0
2022-09-18,SKU035,Food,156,231.45,36106.2,897,0,WH-C,2022,9,37,3,164.8,-0.053,0,0
2022-09-25,SKU035,Food,144,102.66,14783.04,568,0,WH-B,2022,9,38,3,155.5,-0.074,0,0
2022-10-02,SKU035,Food,130,196.34,25524.2,613,0,WH-B,2022,10,39,4,147.8,-0.12,0,0
2022-10-09,SKU035,Food,122,367.1,44786.2,686,1,WH-B,2022,10,40,4,138.0,-0.116,0,122
2022-10-16,SKU035,Food,93,233.35,21701.55,731,0,WH-C,2022,10,41,4,122.2,-0.239,0,0
2022-10-23,SKU035,Food,113,164.76,18617.88,393,1,WH-B,2022,10,42,4,114.5,-0.013,0,113
2022-10-30,SKU035,Food,113,174.86,19759.18,387,0,WH-C,2022,10,43,4,110.2,0.025,0,0
2022-11-06,SKU035,Food,154,304.54,46899.16,214,0,WH-C,2022,11,44,4,118.2,0.303,0,0
2022-11-13,SKU035,Food,108,369.08,39860.64,333,0,WH-C,2022,11,45,4,122.0,-0.115,0,0
2022-11-20,SKU035,Food,93,409.15,38050.95,665,0,WH-B,2022,11,46,4,117.0,-0.205,0,0
2022-11-27,SKU035,Food,159,17.38,2763.42,561,1,WH-A,2022,11,47,4,128.5,0.237,0,159
2022-12-04,SKU035,Food,144,467.96,67386.24,757,0,WH-C,2022,12,48,4,126.0,0.143,0,0
2022-12-11,SKU035,Food,124,401.3,49761.2,446,0,WH-C,2022,12,49,4,130.0,-0.046,0,0
2022-12-18,SKU035,Food,205,458.49,93990.45,946,0,WH-C,2022,12,50,4,158.0,0.297,0,0
2022-12-25,SKU035,Food,161,107.3,17275.3,870,0,WH-A,2022,12,51,4,158.5,0.016,0,0
2023-01-01,SKU035,Food,179,377.23,67524.17,143,0,WH-B,2023,1,52,1,167.2,0.071,0,0
2023-01-08,SKU035,Food,202,410.38,82896.76,661,0,WH-B,2023,1,1,1,186.8,0.081,0,0
2023-01-15,SKU035,Food,190,183.04,34777.6,331,0,WH-A,2023,1,2,1,183.0,0.038,0,0
2023-01-22,SKU035,Food,225,331.32,74547.0,755,0,WH-C,2023,1,3,1,199.0,0.131,0,0
2023-01-29,SKU035,Food,238,454.86,108256.68,618,0,WH-C,2023,1,4,1,213.8,0.113,0,0
2023-02-05,SKU035,Food,253,244.13,61764.89,10,0,WH-A,2023,2,5,1,226.5,0.117,1,0
2023-02-12,SKU035,Food,254,411.02,104399.08,773,0,WH-A,2023,2,6,1,242.5,0.047,0,0
2023-02-19,SKU035,Food,244,176.86,43153.84,62,0,WH-C,2023,2,7,1,247.2,-0.013,0,0
2023-02-26,SKU035,Food,277,289.44,80174.88,898,0,WH-C,2023,2,8,1,257.0,0.078,0,0
2023-03-05,SKU035,Food,251,75.66,18990.66,489,0,WH-A,2023,3,9,1,256.5,-0.021,0,0
2023-03-12,SKU035,Food,236,100.82,23793.52,837,0,WH-A,2023,3,10,1,252.0,-0.063,0,0
2023-03-19,SKU035,Food,250,353.34,88335.0,446,0,WH-B,2023,3,11,1,253.5,-0.014,0,0
2023-03-26,SKU035,Food,223,404.41,90183.43,23,0,WH-B,2023,3,12,1,240.0,-0.071,1,0
2023-04-02,SKU035,Food,253,163.16,41279.48,693,0,WH-A,2023,4,13,2,240.5,0.052,0,0
2023-04-09,SKU035,Food,185,46.9,8676.5,662,0,WH-C,2023,4,14,2,227.8,-0.188,0,0
2023-04-16,SKU035,Food,183,453.06,82909.98,159,0,WH-C,2023,4,15,2,211.0,-0.133,0,0
2023-04-23,SKU035,Food,212,153.74,32592.88,288,0,WH-A,2023,4,16,2,208.2,0.018,0,0
2023-04-30,SKU035,Food,180,279.37,50286.6,700,0,WH-B,2023,4,17,2,190.0,-0.053,0,0
2023-05-07,SKU035,Food,195,139.64,27229.8,336,0,WH-A,2023,5,18,2,192.5,0.013,0,0
2023-05-14,SKU035,Food,172,343.13,59018.36,57,0,WH-C,2023,5,19,2,189.8,-0.094,0,0
2023-05-21,SKU035,Food,165,23.85,3935.25,756,0,WH-B,2023,5,20,2,178.0,-0.073,0,0
2023-05-28,SKU035,Food,193,439.9,84900.7,949,0,WH-B,2023,5,21,2,181.2,0.065,0,0
2023-06-04,SKU035,Food,182,382.71,69653.22,614,0,WH-A,2023,6,22,2,178.0,0.022,0,0
2023-06-11,SKU035,Food,169,155.19,26227.11,886,0,WH-A,2023,6,23,2,177.2,-0.046,0,0
2023-06-18,SKU035,Food,165,132.43,21850.95,139,0,WH-C,2023,6,24,2,177.2,-0.069,0,0
2023-06-25,SKU035,Food,163,327.63,53403.69,496,0,WH-A,2023,6,25,2,169.8,-0.04,0,0
2023-07-02,SKU035,Food,156,35.27,5502.12,801,0,WH-A,2023,7,26,3,163.2,-0.044,0,0
2023-07-09,SKU035,Food,177,386.0,68322.0,584,0,WH-B,2023,7,27,3,165.2,0.071,0,0
2023-07-16,SKU035,Food,155,496.05,76887.75,729,1,WH-A,2023,7,28,3,162.8,-0.048,0,155
2023-07-23,SKU035,Food,191,19.6,3743.6,573,0,WH-C,2023,7,29,3,169.8,0.125,0,0
2023-07-30,SKU035,Food,177,207.88,36794.76,236,0,WH-A,2023,7,30,3,175.0,0.011,0,0
2023-08-06,SKU035,Food,177,48.66,8612.82,166,0,WH-A,2023,8,31,3,175.0,0.011,0,0
2023-08-13,SKU035,Food,158,416.19,65758.02,493,0,WH-B,2023,8,32,3,175.8,-0.101,0,0
2023-08-20,SKU035,Food,174,449.05,78134.7,748,0,WH-A,2023,8,33,3,171.5,0.015,0,0
2023-08-27,SKU035,Food,138,123.13,16991.94,152,0,WH-A,2023,8,34,3,161.8,-0.147,0,0
2023-09-03,SKU035,Food,151,41.91,6328.41,287,0,WH-A,2023,9,35,3,155.2,-0.027,0,0
2023-09-10,SKU035,Food,153,428.19,65513.07,579,0,WH-C,2023,9,36,3,154.0,-0.006,0,0
2023-09-17,SKU035,Food,137,203.33,27856.21,260,0,WH-A,2023,9,37,3,144.8,-0.054,0,0
2023-09-24,SKU035,Food,118,487.84,57565.12,827,0,WH-A,2023,9,38,3,139.8,-0.156,0,0
2023-10-01,SKU035,Food,142,318.5,45227.0,765,1,WH-B,2023,10,39,4,137.5,0.033,0,142
2023-10-08,SKU035,Food,98,70.0,6860.0,185,1,WH-A,2023,10,40,4,123.8,-0.208,0,98
2023-10-15,SKU035,Food,97,360.11,34930.67,664,0,WH-A,2023,10,41,4,113.8,-0.148,0,0
2023-10-22,SKU035,Food,93,61.45,5714.85,608,0,WH-C,2023,10,42,4,107.5,-0.135,0,0
2023-10-29,SKU035,Food,99,170.1,16839.9,87,0,WH-B,2023,10,43,4,96.8,0.023,0,0
2023-11-05,SKU035,Food,102,116.33,11865.66,473,1,WH-B,2023,11,44,4,97.8,0.043,0,102
2023-11-12,SKU035,Food,113,214.76,24267.88,67,1,WH-B,2023,11,45,4,101.8,0.11,0,113
2023-11-19,SKU035,Food,91,34.64,3152.24,386,0,WH-B,2023,11,46,4,101.2,-0.101,0,0
2023-11-26,SKU035,Food,116,174.88,20286.08,847,0,WH-B,2023,11,47,4,105.5,0.1,0,0
2023-12-03,SKU035,Food,124,82.93,10283.32,956,0,WH-A,2023,12,48,4,111.0,0.117,0,0
2023-12-10,SKU035,Food,134,445.76,59731.84,158,0,WH-C,2023,12,49,4,116.2,0.153,0,0
2023-12-17,SKU035,Food,157,353.89,55560.73,358,1,WH-A,2023,12,50,4,132.8,0.182,0,157
2023-12-24,SKU035,Food,123,467.08,57450.84,88,0,WH-B,2023,12,51,4,134.5,-0.086,0,0
2023-12-31,SKU035,Food,137,163.52,22402.24,346,1,WH-B,2023,12,52,4,137.8,-0.006,0,137
2024-01-07,SKU035,Food,207,160.92,33310.44,940,0,WH-C,2024,1,1,1,156.0,0.327,0,0
2024-01-14,SKU035,Food,174,39.7,6907.8,288,0,WH-C,2024,1,2,1,160.2,0.086,0,0
2024-01-21,SKU035,Food,216,144.13,31132.08,353,1,WH-A,2024,1,3,1,183.5,0.177,0,216
2024-01-28,SKU035,Food,202,257.95,52105.9,608,0,WH-C,2024,1,4,1,199.8,0.011,0,0
2024-02-04,SKU035,Food,228,70.01,15962.28,715,0,WH-A,2024,2,5,1,205.0,0.112,0,0
2024-02-11,SKU035,Food,216,181.67,39240.72,449,0,WH-C,2024,2,6,1,215.5,0.002,0,0
2024-02-18,SKU035,Food,238,65.37,15558.06,150,0,WH-C,2024,2,7,1,221.0,0.077,0,0
2024-02-25,SKU035,Food,218,347.13,75674.34,130,0,WH-C,2024,2,8,1,225.0,-0.031,0,0
2024-03-03,SKU035,Food,250,146.79,36697.5,200,0,WH-C,2024,3,9,1,230.5,0.085,0,0
2024-03-10,SKU035,Food,228,157.45,35898.6,736,0,WH-B,2024,3,10,1,233.5,-0.024,0,0
2024-03-17,SKU035,Food,234,145.03,33937.02,201,0,WH-A,2024,3,11,1,232.5,0.006,0,0
2024-03-24,SKU035,Food,238,399.82,95157.16,464,0,WH-B,2024,3,12,1,237.5,0.002,0,0
2024-03-31,SKU035,Food,227,40.95,9295.65,763,0,WH-B,2024,3,13,1,231.8,-0.021,0,0
2024-04-07,SKU035,Food,193,456.42,88089.06,848,0,WH-C,2024,4,14,2,223.0,-0.135,0,0
2024-04-14,SKU035,Food,198,12.58,2490.84,849,0,WH-C,2024,4,15,2,214.0,-0.075,0,0
2024-04-21,SKU035,Food,211,381.0,80391.0,196,1,WH-A,2024,4,16,2,207.2,0.018,0,211
2024-04-28,SKU035,Food,213,40.29,8581.77,70,0,WH-B,2024,4,17,2,203.8,0.045,0,0
2024-05-05,SKU035,Food,181,106.53,19281.93,637,0,WH-C,2024,5,18,2,200.8,-0.099,0,0
2024-05-12,SKU035,Food,133,183.41,24393.53,931,1,WH-A,2024,5,19,2,184.5,-0.279,0,133
2024-05-19,SKU035,Food,139,168.72,23452.08,157,0,WH-A,2024,5,20,2,166.5,-0.165,0,0
2024-05-26,SKU035,Food,157,423.75,66528.75,740,0,WH-B,2024,5,21,2,152.5,0.03,0,0
2024-06-02,SKU035,Food,165,361.49,59645.85,109,0,WH-C,2024,6,22,2,148.5,0.111,0,0
2024-06-09,SKU035,Food,169,204.59,34575.71,214,1,WH-C,2024,6,23,2,157.5,0.073,0,169
2024-06-16,SKU035,Food,170,493.59,83910.3,851,0,WH-B,2024,6,24,2,165.2,0.029,0,0
2024-06-23,SKU035,Food,159,398.41,63347.19,122,0,WH-C,2024,6,25,2,165.8,-0.041,0,0
2024-06-30,SKU035,Food,186,247.13,45966.18,7,0,WH-A,2024,6,26,2,171.0,0.088,1,0
2024-07-07,SKU035,Food,157,112.25,17623.25,4,0,WH-A,2024,7,27,3,168.0,-0.065,1,0
2024-07-14,SKU035,Food,148,62.22,9208.56,320,0,WH-C,2024,7,28,3,162.5,-0.089,0,0
2024-07-21,SKU035,Food,195,140.81,27457.95,849,0,WH-B,2024,7,29,3,171.5,0.137,0,0
2024-07-28,SKU035,Food,174,102.53,17840.22,390,0,WH-C,2024,7,30,3,168.5,0.033,0,0
2024-08-04,SKU035,Food,148,338.11,50040.28,344,0,WH-C,2024,8,31,3,166.2,-0.11,0,0
2024-08-11,SKU035,Food,165,45.35,7482.75,178,0,WH-A,2024,8,32,3,170.5,-0.032,0,0
2024-08-18,SKU035,Food,149,268.81,40052.69,401,0,WH-B,2024,8,33,3,159.0,-0.063,0,0
2024-08-25,SKU035,Food,151,379.82,57352.82,22,0,WH-C,2024,8,34,3,153.2,-0.014,1,0
2024-09-01,SKU035,Food,137,22.52,3085.24,435,0,WH-B,2024,9,35,3,150.5,-0.09,0,0
2024-09-08,SKU035,Food,142,410.82,58336.44,21,0,WH-C,2024,9,36,3,144.8,-0.019,1,0
2024-09-15,SKU035,Food,117,237.34,27768.78,645,0,WH-B,2024,9,37,3,136.8,-0.145,0,0
2024-09-22,SKU035,Food,134,104.76,14037.84,97,0,WH-A,2024,9,38,3,132.5,0.011,0,0
2024-09-29,SKU035,Food,152,83.57,12702.64,429,0,WH-A,2024,9,39,3,136.2,0.116,0,0
2024-10-06,SKU035,Food,102,276.19,28171.38,465,1,WH-C,2024,10,40,4,126.2,-0.192,0,102
2024-10-13,SKU035,Food,124,381.78,47340.72,530,0,WH-C,2024,10,41,4,128.0,-0.031,0,0
2024-10-20,SKU035,Food,107,341.08,36495.56,660,0,WH-C,2024,10,42,4,121.2,-0.117,0,0
2024-10-27,SKU035,Food,101,96.5,9746.5,236,0,WH-B,2024,10,43,4,108.5,-0.069,0,0
2024-11-03,SKU035,Food,102,275.68,28119.36,63,0,WH-A,2024,11,44,4,108.5,-0.06,0,0
2024-11-10,SKU035,Food,101,121.05,12226.05,372,0,WH-B,2024,11,45,4,102.8,-0.018,0,0
2024-11-17,SKU035,Food,142,270.28,38379.76,619,0,WH-A,2024,11,46,4,111.5,0.274,0,0
2024-11-24,SKU035,Food,144,307.43,44269.92,380,0,WH-A,2024,11,47,4,122.2,0.178,0,0
2024-12-01,SKU035,Food,108,495.34,53496.72,187,0,WH-A,2024,12,48,4,123.8,-0.128,0,0
2024-12-08,SKU035,Food,164,449.45,73709.8,586,0,WH-B,2024,12,49,4,139.5,0.176,0,0
2024-12-15,SKU035,Food,123,111.41,13703.43,394,0,WH-B,2024,12,50,4,134.8,-0.088,0,0
2024-12-22,SKU035,Food,168,160.39,26945.52,118,0,WH-B,2024,12,51,4,140.8,0.193,0,0
2024-12-29,SKU035,Food,182,244.13,44431.66,174,1,WH-B,2024,12,52,4,159.2,0.143,0,182
2022-01-02,SKU036,Home,111,151.42,16807.62,133,0,WH-A,2022,1,52,1,111.0,0.0,0,0
2022-01-09,SKU036,Home,86,421.44,36243.84,80,0,WH-A,2022,1,1,1,98.5,-0.127,0,0
2022-01-16,SKU036,Home,116,32.23,3738.68,864,0,WH-B,2022,1,2,1,104.3,0.112,0,0
2022-01-23,SKU036,Home,136,335.41,45615.76,200,0,WH-C,2022,1,3,1,112.2,0.212,0,0
2022-01-30,SKU036,Home,206,90.24,18589.44,518,1,WH-A,2022,1,4,1,136.0,0.515,0,206
2022-02-06,SKU036,Home,82,132.53,10867.46,282,0,WH-C,2022,2,5,1,135.0,-0.393,0,0
2022-02-13,SKU036,Home,116,102.64,11906.24,588,0,WH-A,2022,2,6,1,135.0,-0.141,0,0
2022-02-20,SKU036,Home,135,61.84,8348.4,561,0,WH-C,2022,2,7,1,134.8,0.001,0,0
2022-02-27,SKU036,Home,151,219.12,33087.12,667,0,WH-C,2022,2,8,1,121.0,0.248,0,0
2022-03-06,SKU036,Home,147,264.04,38813.88,679,0,WH-C,2022,3,9,1,137.2,0.071,0,0
2022-03-13,SKU036,Home,132,126.42,16687.44,583,0,WH-B,2022,3,10,1,141.2,-0.065,0,0
2022-03-20,SKU036,Home,109,456.15,49720.35,138,0,WH-A,2022,3,11,1,134.8,-0.191,0,0
2022-03-27,SKU036,Home,149,62.15,9260.35,915,0,WH-C,2022,3,12,1,134.2,0.11,0,0
2022-04-03,SKU036,Home,138,341.01,47059.38,428,0,WH-C,2022,4,13,2,132.0,0.045,0,0
2022-04-10,SKU036,Home,117,58.81,6880.77,357,0,WH-C,2022,4,14,2,128.2,-0.087,0,0
2022-04-17,SKU036,Home,128,149.08,19082.24,533,0,WH-B,2022,4,15,2,133.0,-0.038,0,0
2022-04-24,SKU036,Home,116,37.16,4310.56,569,0,WH-A,2022,4,16,2,124.8,-0.071,0,0
2022-05-01,SKU036,Home,85,160.94,13679.9,689,0,WH-B,2022,5,17,2,111.5,-0.238,0,0
2022-05-08,SKU036,Home,90,145.1,13059.0,653,0,WH-C,2022,5,18,2,104.8,-0.141,0,0
2022-05-15,SKU036,Home,115,162.34,18669.1,269,0,WH-A,2022,5,19,2,101.5,0.133,0,0
2022-05-22,SKU036,Home,122,308.82,37676.04,170,0,WH-A,2022,5,20,2,103.0,0.184,0,0
2022-05-29,SKU036,Home,122,228.4,27864.8,682,0,WH-A,2022,5,21,2,112.2,0.087,0,0
2022-06-05,SKU036,Home,125,440.97,55121.25,216,1,WH-C,2022,6,22,2,121.0,0.033,0,125
2022-06-12,SKU036,Home,82,250.28,20522.96,11,0,WH-B,2022,6,23,2,112.8,-0.273,1,0
2022-06-19,SKU036,Home,126,203.01,25579.26,183,0,WH-C,2022,6,24,2,113.8,0.107,0,0
2022-06-26,SKU036,Home,116,460.31,53395.96,837,0,WH-B,2022,6,25,2,112.2,0.034,0,0
2022-07-03,SKU036,Home,53,290.43,15392.79,467,0,WH-C,2022,7,26,3,94.2,-0.437,0,0
2022-07-10,SKU036,Home,67,316.91,21232.97,542,0,WH-A,2022,7,27,3,90.5,-0.26,0,0
2022-07-17,SKU036,Home,67,43.63,2923.21,479,0,WH-A,2022,7,28,3,75.8,-0.116,0,0
2022-07-24,SKU036,Home,105,471.29,49485.45,501,0,WH-C,2022,7,29,3,73.0,0.438,0,0
2022-07-31,SKU036,Home,50,227.37,11368.5,888,0,WH-A,2022,7,30,3,72.2,-0.307,0,0
2022-08-07,SKU036,Home,63,466.61,29396.43,325,0,WH-A,2022,8,31,3,71.2,-0.115,0,0
2022-08-14,SKU036,Home,83,106.93,8875.19,746,0,WH-A,2022,8,32,3,75.2,0.104,0,0
2022-08-21,SKU036,Home,112,28.95,3242.4,749,0,WH-C,2022,8,33,3,77.0,0.455,0,0
2022-08-28,SKU036,Home,98,85.38,8367.24,902,0,WH-A,2022,8,34,3,89.0,0.101,0,0
2022-09-04,SKU036,Home,85,301.71,25645.35,913,0,WH-B,2022,9,35,3,94.5,-0.101,0,0
2022-09-11,SKU036,Home,62,372.31,23083.22,690,0,WH-A,2022,9,36,3,89.2,-0.305,0,0
2022-09-18,SKU036,Home,83,364.48,30251.84,163,0,WH-C,2022,9,37,3,82.0,0.012,0,0
2022-09-25,SKU036,Home,97,445.04,43168.88,130,0,WH-A,2022,9,38,3,81.8,0.186,0,0
2022-10-02,SKU036,Home,90,137.2,12348.0,645,0,WH-A,2022,10,39,4,83.0,0.084,0,0
2022-10-09,SKU036,Home,62,386.26,23948.12,424,0,WH-C,2022,10,40,4,83.0,-0.253,0,0
2022-10-16,SKU036,Home,52,243.27,12650.04,526,0,WH-A,2022,10,41,4,75.2,-0.309,0,0
2022-10-23,SKU036,Home,69,198.93,13726.17,963,0,WH-A,2022,10,42,4,68.2,0.012,0,0
2022-10-30,SKU036,Home,69,496.48,34257.12,927,0,WH-B,2022,10,43,4,63.0,0.095,0,0
2022-11-06,SKU036,Home,90,149.04,13413.6,144,0,WH-A,2022,11,44,4,70.0,0.286,0,0
2022-11-13,SKU036,Home,53,499.58,26477.74,973,0,WH-A,2022,11,45,4,70.2,-0.245,0,0
2022-11-20,SKU036,Home,66,156.27,10313.82,888,0,WH-A,2022,11,46,4,69.5,-0.05,0,0
2022-11-27,SKU036,Home,74,106.06,7848.44,529,0,WH-C,2022,11,47,4,70.8,0.045,0,0
2022-12-04,SKU036,Home,10,260.07,2600.7,125,0,WH-A,2022,12,48,4,50.8,-0.803,0,0
2022-12-11,SKU036,Home,86,69.03,5936.58,568,0,WH-C,2022,12,49,4,59.0,0.458,0,0
2022-12-18,SKU036,Home,76,20.47,1555.72,168,0,WH-C,2022,12,50,4,61.5,0.236,0,0
2022-12-25,SKU036,Home,55,125.9,6924.5,990,0,WH-B,2022,12,51,4,56.8,-0.032,0,0
2023-01-01,SKU036,Home,84,68.05,5716.2,841,0,WH-A,2023,1,52,1,75.2,0.117,0,0
2023-01-08,SKU036,Home,82,147.89,12126.98,763,1,WH-C,2023,1,1,1,74.2,0.105,0,82
2023-01-15,SKU036,Home,120,304.07,36488.4,140,0,WH-B,2023,1,2,1,85.2,0.408,0,0
2023-01-22,SKU036,Home,86,201.95,17367.7,74,0,WH-A,2023,1,3,1,93.0,-0.075,0,0
2023-01-29,SKU036,Home,113,42.15,4762.95,913,0,WH-C,2023,1,4,1,100.2,0.128,0,0
2023-02-05,SKU036,Home,92,446.87,41112.04,65,0,WH-A,2023,2,5,1,102.8,-0.105,0,0
2023-02-12,SKU036,Home,98,454.77,44567.46,386,0,WH-B,2023,2,6,1,97.2,0.008,0,0
2023-02-19,SKU036,Home,103,399.07,41104.21,833,0,WH-A,2023,2,7,1,101.5,0.015,0,0
2023-02-26,SKU036,Home,90,456.24,41061.6,467,0,WH-C,2023,2,8,1,95.8,-0.061,0,0
2023-03-05,SKU036,Home,141,79.97,11275.77,393,0,WH-B,2023,3,9,1,108.0,0.306,0,0
2023-03-12,SKU036,Home,126,38.92,4903.92,213,0,WH-C,2023,3,10,1,115.0,0.096,0,0
2023-03-19,SKU036,Home,128,366.7,46937.6,126,1,WH-C,2023,3,11,1,121.2,0.056,0,128
2023-03-26,SKU036,Home,89,217.19,19329.91,455,0,WH-A,2023,3,12,1,121.0,-0.264,0,0
2023-04-02,SKU036,Home,139,446.75,62098.25,308,0,WH-B,2023,4,13,2,120.5,0.154,0,0
2023-04-09,SKU036,Home,163,133.8,21809.4,673,0,WH-B,2023,4,14,2,129.8,0.256,0,0
2023-04-16,SKU036,Home,74,86.44,6396.56,279,0,WH-B,2023,4,15,2,116.2,-0.363,0,0
2023-04-23,SKU036,Home,133,460.44,61238.52,603,0,WH-A,2023,4,16,2,127.2,0.046,0,0
2023-04-30,SKU036,Home,100,489.38,48938.0,261,0,WH-B,2023,4,17,2,117.5,-0.149,0,0
2023-05-07,SKU036,Home,124,400.76,49694.24,297,0,WH-C,2023,5,18,2,107.8,0.15,0,0
2023-05-14,SKU036,Home,128,482.7,61785.6,188,0,WH-B,2023,5,19,2,121.2,0.056,0,0
2023-05-21,SKU036,Home,86,127.79,10989.94,939,0,WH-B,2023,5,20,2,109.5,-0.215,0,0
2023-05-28,SKU036,Home,126,136.32,17176.32,773,0,WH-A,2023,5,21,2,116.0,0.086,0,0
2023-06-04,SKU036,Home,93,99.97,9297.21,610,0,WH-A,2023,6,22,2,108.2,-0.14,0,0
2023-06-11,SKU036,Home,126,299.47,37733.22,950,0,WH-B,2023,6,23,2,107.8,0.169,0,0
2023-06-18,SKU036,Home,106,226.8,24040.8,792,0,WH-B,2023,6,24,2,112.8,-0.06,0,0
2023-06-25,SKU036,Home,84,151.73,12745.32,572,0,WH-A,2023,6,25,2,102.2,-0.178,0,0
2023-07-02,SKU036,Home,117,287.53,33641.01,522,0,WH-C,2023,7,26,3,108.2,0.081,0,0
2023-07-09,SKU036,Home,101,448.73,45321.73,863,0,WH-B,2023,7,27,3,102.0,-0.01,0,0
2023-07-16,SKU036,Home,59,67.5,3982.5,852,0,WH-B,2023,7,28,3,90.2,-0.346,0,0
2023-07-23,SKU036,Home,104,373.89,38884.56,563,0,WH-A,2023,7,29,3,95.2,0.092,0,0
2023-07-30,SKU036,Home,66,149.11,9841.26,33,0,WH-A,2023,7,30,3,82.5,-0.2,1,0
2023-08-06,SKU036,Home,81,289.11,23417.91,641,1,WH-B,2023,8,31,3,77.5,0.045,0,81
2023-08-13,SKU036,Home,90,147.74,13296.6,677,1,WH-A,2023,8,32,3,85.2,0.056,0,90
2023-08-20,SKU036,Home,94,198.22,18632.68,933,0,WH-A,2023,8,33,3,82.8,0.135,0,0
2023-08-27,SKU036,Home,78,79.65,6212.7,350,0,WH-C,2023,8,34,3,85.8,-0.091,0,0
2023-09-03,SKU036,Home,64,94.6,6054.4,777,1,WH-C,2023,9,35,3,81.5,-0.215,0,64
2023-09-10,SKU036,Home,90,345.83,31124.7,417,0,WH-A,2023,9,36,3,81.5,0.104,0,0
2023-09-17,SKU036,Home,47,373.89,17572.83,272,0,WH-B,2023,9,37,3,69.8,-0.327,0,0
2023-09-24,SKU036,Home,90,404.06,36365.4,474,0,WH-B,2023,9,38,3,72.8,0.236,0,0
2023-10-01,SKU036,Home,53,270.6,14341.8,659,0,WH-B,2023,10,39,4,70.0,-0.243,0,0
2023-10-08,SKU036,Home,45,450.93,20291.85,377,0,WH-B,2023,10,40,4,58.8,-0.235,0,0
2023-10-15,SKU036,Home,48,189.56,9098.88,553,0,WH-C,2023,10,41,4,59.0,-0.186,0,0
2023-10-22,SKU036,Home,53,353.98,18760.94,365,0,WH-B,2023,10,42,4,49.8,0.064,0,0
2023-10-29,SKU036,Home,49,261.19,12798.31,829,0,WH-A,2023,10,43,4,48.8,0.004,0,0
2023-11-05,SKU036,Home,32,126.27,4040.64,887,0,WH-B,2023,11,44,4,45.5,-0.297,0,0
2023-11-12,SKU036,Home,55,46.37,2550.35,344,0,WH-B,2023,11,45,4,47.2,0.165,0,0
2023-11-19,SKU036,Home,71,466.08,33091.68,513,0,WH-C,2023,11,46,4,51.8,0.371,0,0
2023-11-26,SKU036,Home,50,175.36,8768.0,808,0,WH-B,2023,11,47,4,52.0,-0.038,0,0
2023-12-03,SKU036,Home,81,284.95,23080.95,406,0,WH-B,2023,12,48,4,64.2,0.262,0,0
2023-12-10,SKU036,Home,61,303.15,18492.15,411,0,WH-C,2023,12,49,4,65.8,-0.073,0,0
2023-12-17,SKU036,Home,93,335.95,31243.35,827,0,WH-C,2023,12,50,4,71.2,0.306,0,0
2023-12-24,SKU036,Home,60,26.43,1585.8,488,0,WH-C,2023,12,51,4,73.8,-0.187,0,0
2023-12-31,SKU036,Home,86,248.98,21412.28,763,0,WH-C,2023,12,52,4,75.0,0.147,0,0
2024-01-07,SKU036,Home,115,44.65,5134.75,607,0,WH-B,2024,1,1,1,88.5,0.299,0,0
2024-01-14,SKU036,Home,101,294.26,29720.26,228,1,WH-C,2024,1,2,1,90.5,0.116,0,101
2024-01-21,SKU036,Home,129,187.02,24125.58,126,0,WH-B,2024,1,3,1,107.8,0.197,0,0
2024-01-28,SKU036,Home,128,14.58,1866.24,524,1,WH-B,2024,1,4,1,118.2,0.083,0,128
2024-02-04,SKU036,Home,113,270.08,30519.04,171,0,WH-C,2024,2,5,1,117.8,-0.041,0,0
2024-02-11,SKU036,Home,145,416.03,60324.35,145,0,WH-C,2024,2,6,1,128.8,0.126,0,0
2024-02-18,SKU036,Home,134,200.6,26880.4,515,0,WH-A,2024,2,7,1,130.0,0.031,0,0
2024-02-25,SKU036,Home,106,322.83,34219.98,316,0,WH-A,2024,2,8,1,124.5,-0.149,0,0
2024-03-03,SKU036,Home,113,417.36,47161.68,381,0,WH-C,2024,3,9,1,124.5,-0.092,0,0
2024-03-10,SKU036,Home,141,90.32,12735.12,800,0,WH-C,2024,3,10,1,123.5,0.142,0,0
2024-03-17,SKU036,Home,137,176.74,24213.38,759,1,WH-C,2024,3,11,1,124.2,0.103,0,137
2024-03-24,SKU036,Home,136,311.66,42385.76,960,0,WH-B,2024,3,12,1,131.8,0.032,0,0
2024-03-31,SKU036,Home,117,171.82,20102.94,671,1,WH-B,2024,3,13,1,132.8,-0.119,0,117
2024-04-07,SKU036,Home,72,88.65,6382.8,125,0,WH-B,2024,4,14,2,115.5,-0.377,0,0
2024-04-14,SKU036,Home,111,67.19,7458.09,922,0,WH-C,2024,4,15,2,109.0,0.018,0,0
2024-04-21,SKU036,Home,96,458.91,44055.36,414,0,WH-C,2024,4,16,2,99.0,-0.03,0,0
2024-04-28,SKU036,Home,95,182.09,17298.55,911,0,WH-A,2024,4,17,2,93.5,0.016,0,0
2024-05-05,SKU036,Home,115,173.18,19915.7,114,0,WH-C,2024,5,18,2,104.2,0.104,0,0
2024-05-12,SKU036,Home,76,60.26,4579.76,683,1,WH-C,2024,5,19,2,95.5,-0.204,0,76
2024-05-19,SKU036,Home,86,254.28,21868.08,630,0,WH-B,2024,5,20,2,93.0,-0.075,0,0
2024-05-26,SKU036,Home,90,464.12,41770.8,769,0,WH-A,2024,5,21,2,91.8,-0.02,0,0
2024-06-02,SKU036,Home,98,58.79,5761.42,358,1,WH-B,2024,6,22,2,87.5,0.12,0,98
2024-06-09,SKU036,Home,142,171.57,24362.94,461,0,WH-B,2024,6,23,2,104.0,0.365,0,0
2024-06-16,SKU036,Home,87,420.68,36599.16,941,1,WH-C,2024,6,24,2,104.2,-0.165,0,87
2024-06-23,SKU036,Home,133,43.2,5745.6,407,0,WH-A,2024,6,25,2,115.0,0.157,0,0
2024-06-30,SKU036,Home,109,212.88,23203.92,112,0,WH-B,2024,6,26,2,117.8,-0.075,0,0
2024-07-07,SKU036,Home,69,282.64,19502.16,901,0,WH-C,2024,7,27,3,99.5,-0.307,0,0
2024-07-14,SKU036,Home,86,28.87,2482.82,342,0,WH-A,2024,7,28,3,99.2,-0.133,0,0
2024-07-21,SKU036,Home,106,352.32,37345.92,735,0,WH-B,2024,7,29,3,92.5,0.146,0,0
2024-07-28,SKU036,Home,74,147.02,10879.48,793,1,WH-B,2024,7,30,3,83.8,-0.117,0,74
2024-08-04,SKU036,Home,108,494.37,53391.96,672,0,WH-B,2024,8,31,3,93.5,0.155,0,0
2024-08-11,SKU036,Home,100,481.09,48109.0,869,0,WH-C,2024,8,32,3,97.0,0.031,0,0
2024-08-18,SKU036,Home,73,72.52,5293.96,972,0,WH-C,2024,8,33,3,88.8,-0.178,0,0
2024-08-25,SKU036,Home,70,493.86,34570.2,472,0,WH-A,2024,8,34,3,87.8,-0.203,0,0
2024-09-01,SKU036,Home,73,53.9,3934.7,969,0,WH-C,2024,9,35,3,79.0,-0.076,0,0
2024-09-08,SKU036,Home,83,477.75,39653.25,359,0,WH-C,2024,9,36,3,74.8,0.11,0,0
2024-09-15,SKU036,Home,52,15.14,787.28,671,0,WH-B,2024,9,37,3,69.5,-0.252,0,0
2024-09-22,SKU036,Home,85,328.8,27948.0,803,0,WH-C,2024,9,38,3,73.2,0.161,0,0
2024-09-29,SKU036,Home,90,41.75,3757.5,629,0,WH-A,2024,9,39,3,77.5,0.161,0,0
2024-10-06,SKU036,Home,63,230.35,14512.05,898,0,WH-B,2024,10,40,4,72.5,-0.131,0,0
2024-10-13,SKU036,Home,81,194.02,15715.62,1,1,WH-C,2024,10,41,4,79.8,0.015,1,81
2024-10-20,SKU036,Home,66,417.18,27533.88,974,0,WH-C,2024,10,42,4,75.0,-0.12,0,0
2024-10-27,SKU036,Home,55,285.29,15690.95,304,0,WH-A,2024,10,43,4,66.2,-0.169,0,0
2024-11-03,SKU036,Home,51,187.75,9575.25,550,0,WH-A,2024,11,44,4,63.2,-0.193,0,0
2024-11-10,SKU036,Home,48,27.52,1320.96,286,0,WH-B,2024,11,45,4,55.0,-0.127,0,0
2024-11-17,SKU036,Home,56,71.01,3976.56,182,0,WH-C,2024,11,46,4,52.5,0.067,0,0
2024-11-24,SKU036,Home,53,276.61,14660.33,749,0,WH-C,2024,11,47,4,52.0,0.019,0,0
2024-12-01,SKU036,Home,66,14.89,982.74,845,0,WH-C,2024,12,48,4,55.8,0.183,0,0
2024-12-08,SKU036,Home,47,228.54,10741.38,436,0,WH-A,2024,12,49,4,55.5,-0.153,0,0
2024-12-15,SKU036,Home,94,149.52,14054.88,928,0,WH-A,2024,12,50,4,65.0,0.446,0,0
2024-12-22,SKU036,Home,88,146.21,12866.48,632,0,WH-C,2024,12,51,4,73.8,0.192,0,0
2024-12-29,SKU036,Home,60,233.13,13987.8,969,0,WH-C,2024,12,52,4,72.2,-0.169,0,0
2022-01-02,SKU037,Home,119,255.18,30366.42,354,0,WH-C,2022,1,52,1,119.0,0.0,0,0
2022-01-09,SKU037,Home,107,277.5,29692.5,25,0,WH-C,2022,1,1,1,113.0,-0.053,1,0
2022-01-16,SKU037,Home,110,227.38,25011.8,358,0,WH-C,2022,1,2,1,112.0,-0.018,0,0
2022-01-23,SKU037,Home,119,219.29,26095.51,545,0,WH-B,2022,1,3,1,113.8,0.046,0,0
2022-01-30,SKU037,Home,69,103.48,7140.12,895,0,WH-C,2022,1,4,1,101.2,-0.318,0,0
2022-02-06,SKU037,Home,169,278.49,47064.81,139,0,WH-A,2022,2,5,1,116.8,0.447,0,0
2022-02-13,SKU037,Home,116,55.18,6400.88,924,0,WH-B,2022,2,6,1,118.2,-0.019,0,0
2022-02-20,SKU037,Home,131,17.76,2326.56,188,0,WH-A,2022,2,7,1,121.2,0.081,0,0
2022-02-27,SKU037,Home,121,486.78,58900.38,602,1,WH-B,2022,2,8,1,134.2,-0.098,0,121
2022-03-06,SKU037,Home,131,244.75,32062.25,598,0,WH-A,2022,3,9,1,124.8,0.05,0,0
2022-03-13,SKU037,Home,90,56.9,5121.0,750,0,WH-A,2022,3,10,1,118.2,-0.239,0,0
2022-03-20,SKU037,Home,83,225.34,18703.22,548,0,WH-C,2022,3,11,1,106.2,-0.218,0,0
2022-03-27,SKU037,Home,141,346.45,48849.45,911,0,WH-A,2022,3,12,1,111.2,0.268,0,0
2022-04-03,SKU037,Home,123,491.94,60508.62,248,0,WH-C,2022,4,13,2,109.2,0.126,0,0
2022-04-10,SKU037,Home,102,364.03,37131.06,870,0,WH-B,2022,4,14,2,112.2,-0.091,0,0
2022-04-17,SKU037,Home,108,171.0,18468.0,663,0,WH-B,2022,4,15,2,118.5,-0.089,0,0
2022-04-24,SKU037,Home,77,410.15,31581.55,294,0,WH-C,2022,4,16,2,102.5,-0.249,0,0
2022-05-01,SKU037,Home,103,395.61,40747.83,974,0,WH-A,2022,5,17,2,97.5,0.056,0,0
2022-05-08,SKU037,Home,88,246.67,21706.96,2,0,WH-A,2022,5,18,2,94.0,-0.064,1,0
2022-05-15,SKU037,Home,121,379.13,45874.73,356,0,WH-B,2022,5,19,2,97.2,0.245,0,0
2022-05-22,SKU037,Home,58,101.65,5895.7,341,0,WH-A,2022,5,20,2,92.5,-0.373,0,0
2022-05-29,SKU037,Home,98,464.11,45482.78,386,0,WH-C,2022,5,21,2,91.2,0.075,0,0
2022-06-05,SKU037,Home,82,302.13,24774.66,761,0,WH-A,2022,6,22,2,89.8,-0.087,0,0
2022-06-12,SKU037,Home,123,183.44,22563.12,267,0,WH-B,2022,6,23,2,90.2,0.364,0,0
2022-06-19,SKU037,Home,83,219.52,18220.16,463,0,WH-B,2022,6,24,2,96.5,-0.14,0,0
2022-06-26,SKU037,Home,102,20.1,2050.2,802,0,WH-A,2022,6,25,2,97.5,0.046,0,0
2022-07-03,SKU037,Home,85,104.13,8851.05,509,0,WH-A,2022,7,26,3,98.2,-0.134,0,0
2022-07-10,SKU037,Home,113,470.82,53202.66,771,0,WH-C,2022,7,27,3,95.8,0.18,0,0
2022-07-17,SKU037,Home,97,15.92,1544.24,779,0,WH-B,2022,7,28,3,99.2,-0.022,0,0
2022-07-24,SKU037,Home,99,304.16,30111.84,754,0,WH-C,2022,7,29,3,98.5,0.005,0,0
2022-07-31,SKU037,Home,109,335.23,36540.07,772,0,WH-A,2022,7,30,3,104.5,0.043,0,0
2022-08-07,SKU037,Home,83,41.94,3481.02,884,1,WH-B,2022,8,31,3,97.0,-0.144,0,83
2022-08-14,SKU037,Home,98,154.71,15161.58,415,0,WH-B,2022,8,32,3,97.2,0.008,0,0
2022-08-21,SKU037,Home,109,23.09,2516.81,906,0,WH-B,2022,8,33,3,99.8,0.092,0,0
2022-08-28,SKU037,Home,118,284.52,33573.36,862,0,WH-C,2022,8,34,3,102.0,0.157,0,0
2022-09-04,SKU037,Home,90,401.03,36092.7,60,0,WH-A,2022,9,35,3,103.8,-0.133,0,0
2022-09-11,SKU037,Home,48,457.48,21959.04,884,0,WH-A,2022,9,36,3,91.2,-0.474,0,0
2022-09-18,SKU037,Home,40,19.46,778.4,543,0,WH-B,2022,9,37,3,74.0,-0.459,0,0
2022-09-25,SKU037,Home,40,249.005,9960.2,849,1,WH-C,2022,9,38,3,54.5,-0.266,0,40
2022-10-02,SKU037,Home,31,454.16,14078.96,713,1,WH-B,2022,10,39,4,39.8,-0.221,0,31
2022-10-09,SKU037,Home,37,472.32,17475.84,504,0,WH-C,2022,10,40,4,37.0,0.0,0,0
2022-10-16,SKU037,Home,63,437.37,27554.31,729,0,WH-A,2022,10,41,4,42.8,0.472,0,0
2022-10-23,SKU037,Home,57,325.96,18579.72,951,0,WH-A,2022,10,42,4,47.0,0.213,0,0
2022-10-30,SKU037,Home,48,12.54,601.92,424,0,WH-B,2022,10,43,4,51.2,-0.063,0,0
2022-11-06,SKU037,Home,42,12.84,539.28,933,0,WH-B,2022,11,44,4,52.5,-0.2,0,0
2022-11-13,SKU037,Home,59,228.29,13469.11,229,0,WH-B,2022,11,45,4,51.5,0.146,0,0
2022-11-20,SKU037,Home,73,451.97,32993.81,578,0,WH-A,2022,11,46,4,55.5,0.315,0,0
2022-11-27,SKU037,Home,82,179.27,14700.14,924,1,WH-A,2022,11,47,4,64.0,0.281,0,82
2022-12-04,SKU037,Home,78,111.53,8699.34,160,0,WH-C,2022,12,48,4,73.0,0.068,0,0
2022-12-11,SKU037,Home,91,108.99,9918.09,30,0,WH-B,2022,12,49,4,81.0,0.123,1,0
2022-12-18,SKU037,Home,73,241.91,17659.43,743,0,WH-C,2022,12,50,4,81.0,-0.099,0,0
2022-12-25,SKU037,Home,104,416.1,43274.4,26,0,WH-A,2022,12,51,4,86.5,0.202,1,0
2023-01-01,SKU037,Home,106,148.78,15770.68,420,0,WH-C,2023,1,52,1,93.5,0.134,0,0
2023-01-08,SKU037,Home,91,127.1,11566.1,535,0,WH-A,2023,1,1,1,93.5,-0.027,0,0
2023-01-15,SKU037,Home,97,462.96,44907.12,624,0,WH-C,2023,1,2,1,99.5,-0.025,0,0
2023-01-22,SKU037,Home,97,460.85,44702.45,547,1,WH-A,2023,1,3,1,97.8,-0.008,0,97
2023-01-29,SKU037,Home,101,112.93,11405.93,687,0,WH-B,2023,1,4,1,96.5,0.047,0,0
2023-02-05,SKU037,Home,130,392.52,51027.6,644,0,WH-C,2023,2,5,1,106.2,0.224,0,0
2023-02-12,SKU037,Home,81,112.37,9101.97,157,0,WH-A,2023,2,6,1,102.2,-0.207,0,0
2023-02-19,SKU037,Home,122,124.5,15189.0,695,0,WH-A,2023,2,7,1,108.5,0.124,0,0
2023-02-26,SKU037,Home,106,47.75,5061.5,803,1,WH-A,2023,2,8,1,109.8,-0.035,0,106
2023-03-05,SKU037,Home,129,256.3,33062.7,483,0,WH-A,2023,3,9,1,109.5,0.178,0,0
2023-03-12,SKU037,Home,107,338.12,36178.84,38,0,WH-B,2023,3,10,1,116.0,-0.078,1,0
2023-03-19,SKU037,Home,120,207.14,24856.8,152,0,WH-A,2023,3,11,1,115.5,0.039,0,0
2023-03-26,SKU037,Home,132,255.98,33789.36,768,0,WH-A,2023,3,12,1,122.0,0.082,0,0
2023-04-02,SKU037,Home,98,375.52,36800.96,545,0,WH-C,2023,4,13,2,114.2,-0.142,0,0
2023-04-09,SKU037,Home,86,455.5,39173.0,483,0,WH-C,2023,4,14,2,109.0,-0.211,0,0
2023-04-16,SKU037,Home,117,394.16,46116.72,659,0,WH-C,2023,4,15,2,108.2,0.081,0,0
2023-04-23,SKU037,Home,124,325.4,40349.6,488,0,WH-B,2023,4,16,2,106.2,0.168,0,0
2023-04-30,SKU037,Home,100,337.07,33707.0,227,1,WH-C,2023,4,17,2,106.8,-0.064,0,100
2023-05-07,SKU037,Home,81,167.51,13568.31,742,0,WH-C,2023,5,18,2,105.5,-0.232,0,0
2023-05-14,SKU037,Home,102,442.66,45151.32,377,0,WH-A,2023,5,19,2,101.8,0.002,0,0
2023-05-21,SKU037,Home,117,121.71,14240.07,99,0,WH-A,2023,5,20,2,100.0,0.17,0,0
2023-05-28,SKU037,Home,106,294.45,31211.7,283,1,WH-A,2023,5,21,2,101.5,0.044,0,106
2023-06-04,SKU037,Home,82,371.16,30435.12,89,0,WH-C,2023,6,22,2,101.8,-0.194,0,0
2023-06-11,SKU037,Home,91,251.34,22871.94,409,0,WH-C,2023,6,23,2,99.0,-0.081,0,0
2023-06-18,SKU037,Home,80,261.01,20880.8,389,0,WH-B,2023,6,24,2,89.8,-0.109,0,0
2023-06-25,SKU037,Home,68,195.13,13268.84,768,0,WH-B,2023,6,25,2,80.2,-0.152,0,0
2023-07-02,SKU037,Home,109,79.51,8666.59,994,0,WH-B,2023,7,26,3,87.0,0.253,0,0
2023-07-09,SKU037,Home,42,213.15,8952.3,76,1,WH-B,2023,7,27,3,74.8,-0.439,0,42
2023-07-16,SKU037,Home,58,460.03,26681.74,217,0,WH-C,2023,7,28,3,69.2,-0.162,0,0
2023-07-23,SKU037,Home,74,214.53,15875.22,759,0,WH-A,2023,7,29,3,70.8,0.045,0,0
2023-07-30,SKU037,Home,87,495.64,43120.68,468,0,WH-B,2023,7,30,3,65.2,0.334,0,0
2023-08-06,SKU037,Home,106,270.09,28629.54,753,0,WH-B,2023,8,31,3,81.2,0.305,0,0
2023-08-13,SKU037,Home,132,201.24,26563.68,740,0,WH-B,2023,8,32,3,99.8,0.323,0,0
2023-08-20,SKU037,Home,76,317.52,24131.52,774,0,WH-B,2023,8,33,3,100.2,-0.242,0,0
2023-08-27,SKU037,Home,104,166.62,17328.48,308,0,WH-C,2023,8,34,3,104.5,-0.005,0,0
2023-09-03,SKU037,Home,46,457.73,21055.58,596,0,WH-A,2023,9,35,3,89.5,-0.486,0,0
2023-09-10,SKU037,Home,90,45.9,4131.0,648,0,WH-B,2023,9,36,3,79.0,0.139,0,0
2023-09-17,SKU037,Home,55,364.73,20060.15,983,0,WH-B,2023,9,37,3,73.8,-0.255,0,0
2023-09-24,SKU037,Home,43,440.41,18937.63,71,0,WH-C,2023,9,38,3,58.5,-0.265,0,0
2023-10-01,SKU037,Home,68,155.29,10559.72,228,0,WH-B,2023,10,39,4,64.0,0.062,0,0
2023-10-08,SKU037,Home,32,204.29,6537.28,297,0,WH-B,2023,10,40,4,49.5,-0.354,0,0
2023-10-15,SKU037,Home,49,412.34,20204.66,537,0,WH-A,2023,10,41,4,48.0,0.021,0,0
2023-10-22,SKU037,Home,19,230.16,4373.04,819,0,WH-C,2023,10,42,4,42.0,-0.548,0,0
2023-10-29,SKU037,Home,20,331.05,6621.0,835,0,WH-C,2023,10,43,4,30.0,-0.333,0,0
2023-11-05,SKU037,Home,55,33.97,1868.35,670,0,WH-B,2023,11,44,4,35.8,0.536,0,0
2023-11-12,SKU037,Home,53,320.41,16981.73,94,0,WH-A,2023,11,45,4,36.8,0.44,0,0
2023-11-19,SKU037,Home,29,55.83,1619.07,616,0,WH-B,2023,11,46,4,39.2,-0.26,0,0
2023-11-26,SKU037,Home,90,254.33,22889.7,51,1,WH-B,2023,11,47,4,56.8,0.585,0,90
2023-12-03,SKU037,Home,73,477.59,34864.07,811,0,WH-B,2023,12,48,4,61.2,0.193,0,0
2023-12-10,SKU037,Home,90,203.51,18315.9,952,0,WH-B,2023,12,49,4,70.5,0.277,0,0
2023-12-17,SKU037,Home,85,203.06,17260.1,415,0,WH-B,2023,12,50,4,84.5,0.006,0,0
2023-12-24,SKU037,Home,86,272.88,23467.68,976,0,WH-C,2023,12,51,4,83.5,0.03,0,0
2023-12-31,SKU037,Home,66,11.46,756.36,519,0,WH-A,2023,12,52,4,81.8,-0.193,0,0
2024-01-07,SKU037,Home,85,151.95,12915.75,884,0,WH-C,2024,1,1,1,80.5,0.056,0,0
2024-01-14,SKU037,Home,141,319.34,45026.94,69,0,WH-A,2024,1,2,1,94.5,0.492,0,0
2024-01-21,SKU037,Home,135,128.88,17398.8,730,0,WH-B,2024,1,3,1,106.8,0.264,0,0
2024-01-28,SKU037,Home,110,455.37,50090.7,327,0,WH-B,2024,1,4,1,117.8,-0.066,0,0
2024-02-04,SKU037,Home,131,444.6,58242.6,669,1,WH-B,2024,2,5,1,129.2,0.014,0,131
2024-02-11,SKU037,Home,102,236.19,24091.38,427,0,WH-C,2024,2,6,1,119.5,-0.146,0,0
2024-02-18,SKU037,Home,130,360.19,46824.7,740,0,WH-A,2024,2,7,1,118.2,0.1,0,0
2024-02-25,SKU037,Home,126,95.53,12036.78,627,0,WH-B,2024,2,8,1,122.2,0.031,0,0
2024-03-03,SKU037,Home,122,420.1,51252.2,606,0,WH-C,2024,3,9,1,120.0,0.017,0,0
2024-03-10,SKU037,Home,142,179.48,25486.16,753,0,WH-B,2024,3,10,1,130.0,0.092,0,0
2024-03-17,SKU037,Home,117,117.62,13761.54,345,0,WH-A,2024,3,11,1,126.8,-0.077,0,0
2024-03-24,SKU037,Home,119,166.88,19858.72,515,1,WH-A,2024,3,12,1,125.0,-0.048,0,119
2024-03-31,SKU037,Home,102,92.92,9477.84,929,0,WH-A,2024,3,13,1,120.0,-0.15,0,0
2024-04-07,SKU037,Home,124,194.32,24095.68,242,0,WH-A,2024,4,14,2,115.5,0.074,0,0
2024-04-14,SKU037,Home,89,367.75,32729.75,955,0,WH-B,2024,4,15,2,108.5,-0.18,0,0
2024-04-21,SKU037,Home,75,337.98,25348.5,500,0,WH-C,2024,4,16,2,97.5,-0.231,0,0
2024-04-28,SKU037,Home,117,456.15,53369.55,869,0,WH-A,2024,4,17,2,101.2,0.156,0,0
2024-05-05,SKU037,Home,70,364.57,25519.9,524,0,WH-B,2024,5,18,2,87.8,-0.203,0,0
2024-05-12,SKU037,Home,57,461.1,26282.7,711,0,WH-C,2024,5,19,2,79.8,-0.286,0,0
2024-05-19,SKU037,Home,83,75.17,6239.11,445,0,WH-B,2024,5,20,2,81.8,0.015,0,0
2024-05-26,SKU037,Home,96,249.005,23904.48,948,0,WH-B,2024,5,21,2,76.5,0.255,0,0
2024-06-02,SKU037,Home,87,76.9,6690.3,700,0,WH-C,2024,6,22,2,80.8,0.077,0,0
2024-06-09,SKU037,Home,114,205.06,23376.84,896,0,WH-B,2024,6,23,2,95.0,0.2,0,0
2024-06-16,SKU037,Home,76,249.005,18924.38,242,0,WH-C,2024,6,24,2,93.2,-0.185,0,0
2024-06-23,SKU037,Home,75,271.59,20369.25,195,0,WH-A,2024,6,25,2,88.0,-0.148,0,0
2024-06-30,SKU037,Home,105,200.3,21031.5,768,0,WH-A,2024,6,26,2,92.5,0.135,0,0
2024-07-07,SKU037,Home,98,214.94,21064.12,256,0,WH-A,2024,7,27,3,88.5,0.107,0,0
2024-07-14,SKU037,Home,106,255.54,27087.24,971,0,WH-B,2024,7,28,3,96.0,0.104,0,0
2024-07-21,SKU037,Home,105,475.17,49892.85,103,1,WH-A,2024,7,29,3,103.5,0.014,0,105
2024-07-28,SKU037,Home,100,16.72,1672.0,792,0,WH-B,2024,7,30,3,102.2,-0.022,0,0
2024-08-04,SKU037,Home,111,389.98,43287.78,796,0,WH-B,2024,8,31,3,105.5,0.052,0,0
2024-08-11,SKU037,Home,107,110.92,11868.44,914,1,WH-B,2024,8,32,3,105.8,0.011,0,107
2024-08-18,SKU037,Home,63,485.83,30607.29,608,0,WH-A,2024,8,33,3,95.2,-0.338,0,0
2024-08-25,SKU037,Home,81,305.11,24713.91,641,0,WH-A,2024,8,34,3,90.5,-0.105,0,0
2024-09-01,SKU037,Home,88,218.8,19254.4,836,0,WH-A,2024,9,35,3,84.8,0.038,0,0
2024-09-08,SKU037,Home,93,26.68,2481.24,584,0,WH-A,2024,9,36,3,81.2,0.145,0,0
2024-09-15,SKU037,Home,67,213.64,14313.88,416,1,WH-B,2024,9,37,3,82.2,-0.185,0,67
2024-09-22,SKU037,Home,47,335.9,15787.3,246,0,WH-B,2024,9,38,3,73.8,-0.363,0,0
2024-09-29,SKU037,Home,68,70.46,4791.28,977,0,WH-C,2024,9,39,3,68.8,-0.012,0,0
2024-10-06,SKU037,Home,62,182.43,11310.66,373,1,WH-B,2024,10,40,4,61.0,0.016,0,62
2024-10-13,SKU037,Home,84,485.02,40741.68,84,0,WH-C,2024,10,41,4,65.2,0.288,0,0
2024-10-20,SKU037,Home,90,364.41,32796.9,145,0,WH-C,2024,10,42,4,76.0,0.184,0,0
2024-10-27,SKU037,Home,53,301.53,15981.09,789,0,WH-B,2024,10,43,4,72.2,-0.266,0,0
2024-11-03,SKU037,Home,73,63.19,4612.87,610,0,WH-C,2024,11,44,4,75.0,-0.027,0,0
2024-11-10,SKU037,Home,61,259.88,15852.68,428,0,WH-A,2024,11,45,4,69.2,-0.118,0,0
2024-11-17,SKU037,Home,38,311.65,11842.7,917,1,WH-B,2024,11,46,4,56.2,-0.324,0,38
2024-11-24,SKU037,Home,58,74.68,4331.44,595,0,WH-C,2024,11,47,4,57.5,0.009,0,0
2024-12-01,SKU037,Home,61,127.31,7765.91,786,0,WH-B,2024,12,48,4,54.5,0.119,0,0
2024-12-08,SKU037,Home,81,374.08,30300.48,7,0,WH-B,2024,12,49,4,59.5,0.361,1,0
2024-12-15,SKU037,Home,75,221.06,16579.5,373,0,WH-A,2024,12,50,4,68.8,0.09,0,0
2024-12-22,SKU037,Home,82,53.91,4420.62,546,1,WH-A,2024,12,51,4,74.8,0.096,0,82
2024-12-29,SKU037,Home,118,493.36,58216.48,354,0,WH-C,2024,12,52,4,89.0,0.326,0,0
2022-01-02,SKU038,Home,266,64.07,17042.62,435,0,WH-B,2022,1,52,1,266.0,0.0,0,0
2022-01-09,SKU038,Home,274,386.71,105958.54,252,0,WH-B,2022,1,1,1,270.0,0.015,0,0
2022-01-16,SKU038,Home,314,181.9,57116.6,735,0,WH-C,2022,1,2,1,284.7,0.103,0,0
2022-01-23,SKU038,Home,329,33.95,11169.55,788,0,WH-A,2022,1,3,1,295.8,0.112,0,0
2022-01-30,SKU038,Home,334,435.31,145393.54,903,0,WH-C,2022,1,4,1,312.8,0.068,0,0
2022-02-06,SKU038,Home,366,386.07,141301.62,497,1,WH-B,2022,2,5,1,335.8,0.09,0,366
2022-02-13,SKU038,Home,354,186.53,66031.62,365,0,WH-A,2022,2,6,1,345.8,0.024,0,0
2022-02-20,SKU038,Home,372,430.89,160291.08,781,0,WH-A,2022,2,7,1,356.5,0.043,0,0
2022-02-27,SKU038,Home,267,166.97,44580.99,985,0,WH-C,2022,2,8,1,339.8,-0.214,0,0
2022-03-06,SKU038,Home,398,323.86,128896.28,10,0,WH-B,2022,3,9,1,347.8,0.144,1,0
2022-03-13,SKU038,Home,369,352.47,130061.43,973,0,WH-C,2022,3,10,1,351.5,0.05,0,0
2022-03-20,SKU038,Home,368,73.43,27022.24,92,0,WH-A,2022,3,11,1,350.5,0.05,0,0
2022-03-27,SKU038,Home,336,183.99,61820.64,955,0,WH-C,2022,3,12,1,367.8,-0.086,0,0
2022-04-03,SKU038,Home,351,491.44,172495.44,286,0,WH-C,2022,4,13,2,356.0,-0.014,0,0
2022-04-10,SKU038,Home,310,238.69,73993.9,927,0,WH-B,2022,4,14,2,341.2,-0.091,0,0
2022-04-17,SKU038,Home,311,112.49,34984.39,144,0,WH-C,2022,4,15,2,327.0,-0.049,0,0
2022-04-24,SKU038,Home,291,418.03,121646.73,494,0,WH-B,2022,4,16,2,315.8,-0.079,0,0
2022-05-01,SKU038,Home,254,145.88,37053.52,599,0,WH-C,2022,5,17,2,291.5,-0.129,0,0
2022-05-08,SKU038,Home,262,135.53,35508.86,163,0,WH-A,2022,5,18,2,279.5,-0.063,0,0
2022-05-15,SKU038,Home,281,414.49,116471.69,109,0,WH-B,2022,5,19,2,272.0,0.033,0,0
2022-05-22,SKU038,Home,271,156.03,42284.13,426,0,WH-C,2022,5,20,2,267.0,0.015,0,0
2022-05-29,SKU038,Home,268,187.29,50193.72,777,0,WH-B,2022,5,21,2,270.5,-0.009,0,0
2022-06-05,SKU038,Home,252,84.02,21173.04,773,0,WH-C,2022,6,22,2,268.0,-0.06,0,0
2022-06-12,SKU038,Home,254,434.92,110469.68,121,0,WH-B,2022,6,23,2,261.2,-0.028,0,0
2022-06-19,SKU038,Home,253,217.25,54964.25,407,0,WH-A,2022,6,24,2,256.8,-0.015,0,0
2022-06-26,SKU038,Home,226,246.43,55693.18,995,0,WH-B,2022,6,25,2,246.2,-0.082,0,0
2022-07-03,SKU038,Home,271,297.98,80752.58,947,0,WH-A,2022,7,26,3,251.0,0.08,0,0
2022-07-10,SKU038,Home,244,408.79,99744.76,737,0,WH-C,2022,7,27,3,248.5,-0.018,0,0
2022-07-17,SKU038,Home,293,78.25,22927.25,104,0,WH-A,2022,7,28,3,258.5,0.133,0,0
2022-07-24,SKU038,Home,271,258.39,70023.69,952,0,WH-A,2022,7,29,3,269.8,0.004,0,0
2022-07-31,SKU038,Home,263,290.34,76359.42,85,0,WH-C,2022,7,30,3,267.8,-0.018,0,0
2022-08-07,SKU038,Home,291,322.86,93952.26,731,1,WH-C,2022,8,31,3,279.5,0.041,0,291
2022-08-14,SKU038,Home,249,73.09,18199.41,365,0,WH-A,2022,8,32,3,268.5,-0.073,0,0
2022-08-21,SKU038,Home,234,84.69,19817.46,241,1,WH-A,2022,8,33,3,259.2,-0.097,0,234
2022-08-28,SKU038,Home,274,458.15,125533.1,634,0,WH-B,2022,8,34,3,262.0,0.046,0,0
2022-09-04,SKU038,Home,231,27.96,6458.76,703,0,WH-C,2022,9,35,3,247.0,-0.065,0,0
2022-09-11,SKU038,Home,212,114.84,24346.08,555,0,WH-A,2022,9,36,3,237.8,-0.108,0,0
2022-09-18,SKU038,Home,207,258.39,53486.73,312,0,WH-C,2022,9,37,3,231.0,-0.104,0,0
2022-09-25,SKU038,Home,216,11.57,2499.12,942,0,WH-A,2022,9,38,3,216.5,-0.002,0,0
2022-10-02,SKU038,Home,174,483.35,84102.9,379,0,WH-A,2022,10,39,4,202.2,-0.139,0,0
2022-10-09,SKU038,Home,188,46.98,8832.24,537,0,WH-C,2022,10,40,4,196.2,-0.042,0,0
2022-10-16,SKU038,Home,150,393.83,59074.5,928,1,WH-B,2022,10,41,4,182.0,-0.176,0,150
2022-10-23,SKU038,Home,149,111.96,16682.04,865,1,WH-B,2022,10,42,4,165.2,-0.098,0,149
2022-10-30,SKU038,Home,129,232.7,30018.3,683,0,WH-C,2022,10,43,4,154.0,-0.162,0,0
2022-11-06,SKU038,Home,155,181.05,28062.75,19,0,WH-B,2022,11,44,4,145.8,0.063,1,0
2022-11-13,SKU038,Home,193,29.18,5631.74,987,0,WH-A,2022,11,45,4,156.5,0.233,0,0
2022-11-20,SKU038,Home,171,146.77,25097.67,823,0,WH-B,2022,11,46,4,162.0,0.056,0,0
2022-11-27,SKU038,Home,143,19.64,2808.52,582,0,WH-B,2022,11,47,4,165.5,-0.136,0,0
2022-12-04,SKU038,Home,183,388.43,71082.69,33,0,WH-A,2022,12,48,4,172.5,0.061,1,0
2022-12-11,SKU038,Home,210,91.7,19257.0,9,0,WH-C,2022,12,49,4,176.8,0.188,1,0
2022-12-18,SKU038,Home,210,258.39,54261.9,667,1,WH-A,2022,12,50,4,186.5,0.126,0,210
2022-12-25,SKU038,Home,253,477.36,120772.08,50,0,WH-B,2022,12,51,4,214.0,0.182,0,0
2023-01-01,SKU038,Home,267,322.41,86083.47,998,0,WH-B,2023,1,52,1,235.0,0.136,0,0
2023-01-08,SKU038,Home,294,499.31,146797.14,886,0,WH-C,2023,1,1,1,256.0,0.148,0,0
2023-01-15,SKU038,Home,279,411.96,114936.84,508,0,WH-A,2023,1,2,1,273.2,0.021,0,0
2023-01-22,SKU038,Home,310,352.71,109340.1,719,0,WH-C,2023,1,3,1,287.5,0.078,0,0
2023-01-29,SKU038,Home,305,353.59,107844.95,236,0,WH-C,2023,1,4,1,297.0,0.027,0,0
2023-02-05,SKU038,Home,337,456.75,153924.75,418,0,WH-A,2023,2,5,1,307.8,0.095,0,0
2023-02-12,SKU038,Home,363,77.32,28067.16,850,0,WH-B,2023,2,6,1,328.8,0.104,0,0
2023-02-19,SKU038,Home,396,258.39,102322.44,637,0,WH-A,2023,2,7,1,350.2,0.131,0,0
2023-02-26,SKU038,Home,394,148.23,58402.62,881,0,WH-B,2023,2,8,1,372.5,0.058,0,0
2023-03-05,SKU038,Home,380,476.85,181203.0,1,0,WH-A,2023,3,9,1,383.2,-0.008,1,0
2023-03-12,SKU038,Home,360,432.94,155858.4,471,0,WH-C,2023,3,10,1,382.5,-0.059,0,0
2023-03-19,SKU038,Home,360,431.77,155437.2,295,1,WH-A,2023,3,11,1,373.5,-0.036,0,360
2023-03-26,SKU038,Home,341,395.12,134735.92,609,0,WH-A,2023,3,12,1,360.2,-0.053,0,0
2023-04-02,SKU038,Home,338,331.06,111898.28,425,0,WH-C,2023,4,13,2,349.8,-0.034,0,0
2023-04-09,SKU038,Home,330,73.93,24396.9,987,0,WH-B,2023,4,14,2,342.2,-0.036,0,0
2023-04-16,SKU038,Home,334,83.3,27822.2,596,0,WH-A,2023,4,15,2,335.8,-0.005,0,0
2023-04-23,SKU038,Home,280,341.65,95662.0,15,0,WH-C,2023,4,16,2,320.5,-0.126,1,0
2023-04-30,SKU038,Home,282,339.22,95660.04,316,0,WH-B,2023,4,17,2,306.5,-0.08,0,0
2023-05-07,SKU038,Home,297,284.05,84362.85,270,0,WH-A,2023,5,18,2,298.2,-0.004,0,0
2023-05-14,SKU038,Home,268,321.96,86285.28,845,0,WH-C,2023,5,19,2,281.8,-0.049,0,0
2023-05-21,SKU038,Home,282,385.39,108679.98,98,0,WH-C,2023,5,20,2,282.2,-0.001,0,0
2023-05-28,SKU038,Home,273,427.92,116822.16,714,0,WH-B,2023,5,21,2,280.0,-0.025,0,0
2023-06-04,SKU038,Home,239,375.45,89732.55,404,0,WH-A,2023,6,22,2,265.5,-0.1,0,0
2023-06-11,SKU038,Home,273,481.4,131422.2,25,0,WH-A,2023,6,23,2,266.8,0.023,1,0
2023-06-18,SKU038,Home,253,259.88,65749.64,347,0,WH-A,2023,6,24,2,259.5,-0.025,0,0
2023-06-25,SKU038,Home,246,403.72,99315.12,212,0,WH-B,2023,6,25,2,252.8,-0.027,0,0
2023-07-02,SKU038,Home,254,247.99,62989.46,408,0,WH-B,2023,7,26,3,256.5,-0.01,0,0
2023-07-09,SKU038,Home,282,186.73,52657.86,226,0,WH-A,2023,7,27,3,258.8,0.09,0,0
2023-07-16,SKU038,Home,283,330.86,93633.38,228,0,WH-B,2023,7,28,3,266.2,0.063,0,0
2023-07-23,SKU038,Home,276,37.67,10396.92,387,0,WH-C,2023,7,29,3,273.8,0.008,0,0
2023-07-30,SKU038,Home,259,329.94,85454.46,884,1,WH-B,2023,7,30,3,275.0,-0.058,0,259
2023-08-06,SKU038,Home,249,381.75,95055.75,910,0,WH-B,2023,8,31,3,266.8,-0.067,0,0
2023-08-13,SKU038,Home,248,446.54,110741.92,222,1,WH-A,2023,8,32,3,258.0,-0.039,0,248
2023-08-20,SKU038,Home,267,455.8,121698.6,563,0,WH-B,2023,8,33,3,255.8,0.044,0,0
2023-08-27,SKU038,Home,249,247.21,61555.29,533,0,WH-B,2023,8,34,3,253.2,-0.017,0,0
2023-09-03,SKU038,Home,237,74.65,17692.05,902,0,WH-B,2023,9,35,3,250.2,-0.053,0,0
2023-09-10,SKU038,Home,241,200.25,48260.25,701,0,WH-C,2023,9,36,3,248.5,-0.03,0,0
2023-09-17,SKU038,Home,202,19.28,3894.56,892,0,WH-A,2023,9,37,3,232.2,-0.13,0,0
2023-09-24,SKU038,Home,210,189.11,39713.1,706,0,WH-B,2023,9,38,3,222.5,-0.056,0,0
2023-10-01,SKU038,Home,189,177.71,33587.19,990,0,WH-C,2023,10,39,4,210.5,-0.102,0,0
2023-10-08,SKU038,Home,175,320.6,56105.0,300,0,WH-A,2023,10,40,4,194.0,-0.098,0,0
2023-10-15,SKU038,Home,173,401.32,69428.36,605,0,WH-C,2023,10,41,4,186.8,-0.074,0,0
2023-10-22,SKU038,Home,143,377.38,53965.34,169,0,WH-A,2023,10,42,4,170.0,-0.159,0,0
2023-10-29,SKU038,Home,112,445.71,49919.52,519,0,WH-C,2023,10,43,4,150.8,-0.257,0,0
2023-11-05,SKU038,Home,152,210.57,32006.64,45,1,WH-B,2023,11,44,4,145.0,0.048,1,152
2023-11-12,SKU038,Home,129,75.65,9758.85,508,0,WH-C,2023,11,45,4,134.0,-0.037,0,0
2023-11-19,SKU038,Home,173,308.55,53379.15,279,1,WH-B,2023,11,46,4,141.5,0.223,0,173
2023-11-26,SKU038,Home,201,390.41,78472.41,626,0,WH-A,2023,11,47,4,163.8,0.227,0,0
2023-12-03,SKU038,Home,182,367.11,66814.02,566,0,WH-B,2023,12,48,4,171.2,0.063,0,0
2023-12-10,SKU038,Home,164,493.81,80984.84,764,1,WH-B,2023,12,49,4,180.0,-0.089,0,164
2023-12-17,SKU038,Home,220,482.0,106040.0,839,0,WH-A,2023,12,50,4,191.8,0.147,0,0
2023-12-24,SKU038,Home,276,205.58,56740.08,973,0,WH-B,2023,12,51,4,210.5,0.311,0,0
2023-12-31,SKU038,Home,268,168.07,45042.76,266,0,WH-C,2023,12,52,4,232.0,0.155,0,0
2024-01-07,SKU038,Home,292,243.01,70958.92,145,0,WH-B,2024,1,1,1,264.0,0.106,0,0
2024-01-14,SKU038,Home,322,426.94,137474.68,758,0,WH-B,2024,1,2,1,289.5,0.112,0,0
2024-01-21,SKU038,Home,315,358.97,113075.55,310,0,WH-B,2024,1,3,1,299.2,0.053,0,0
2024-01-28,SKU038,Home,367,96.25,35323.75,761,0,WH-A,2024,1,4,1,324.0,0.133,0,0
2024-02-04,SKU038,Home,374,79.51,29736.74,215,1,WH-B,2024,2,5,1,344.5,0.086,0,374
2024-02-11,SKU038,Home,354,159.41,56431.14,390,0,WH-A,2024,2,6,1,352.5,0.004,0,0
2024-02-18,SKU038,Home,410,149.95,61479.5,456,0,WH-A,2024,2,7,1,376.2,0.09,0,0
2024-02-25,SKU038,Home,372,141.84,52764.48,521,0,WH-C,2024,2,8,1,377.5,-0.015,0,0
2024-03-03,SKU038,Home,361,198.7,71730.7,553,0,WH-B,2024,3,9,1,374.2,-0.035,0,0
2024-03-10,SKU038,Home,400,76.94,30776.0,426,1,WH-B,2024,3,10,1,385.8,0.037,0,400
2024-03-17,SKU038,Home,378,287.24,108576.72,518,0,WH-A,2024,3,11,1,377.8,0.001,0,0
2024-03-24,SKU038,Home,347,483.4,167739.8,328,1,WH-B,2024,3,12,1,371.5,-0.066,0,347
2024-03-31,SKU038,Home,330,239.62,79074.6,109,1,WH-C,2024,3,13,1,363.8,-0.093,0,330
2024-04-07,SKU038,Home,325,105.14,34170.5,221,0,WH-A,2024,4,14,2,345.0,-0.058,0,0
2024-04-14,SKU038,Home,281,441.24,123988.44,692,0,WH-B,2024,4,15,2,320.8,-0.124,0,0
2024-04-21,SKU038,Home,322,391.29,125995.38,338,1,WH-C,2024,4,16,2,314.5,0.024,0,322
2024-04-28,SKU038,Home,304,131.37,39936.48,250,0,WH-B,2024,4,17,2,308.0,-0.013,0,0
2024-05-05,SKU038,Home,279,167.12,46626.48,64,0,WH-C,2024,5,18,2,296.5,-0.059,0,0
2024-05-12,SKU038,Home,298,397.08,118329.84,197,0,WH-B,2024,5,19,2,300.8,-0.009,0,0
2024-05-19,SKU038,Home,267,402.56,107483.52,267,0,WH-C,2024,5,20,2,287.0,-0.07,0,0
2024-05-26,SKU038,Home,226,435.7,98468.2,361,0,WH-A,2024,5,21,2,267.5,-0.155,0,0
2024-06-02,SKU038,Home,268,215.73,57815.64,662,0,WH-A,2024,6,22,2,264.8,0.012,0,0
2024-06-09,SKU038,Home,226,270.99,61243.74,839,0,WH-C,2024,6,23,2,246.8,-0.084,0,0
2024-06-16,SKU038,Home,272,186.26,50662.72,432,1,WH-C,2024,6,24,2,248.0,0.097,0,272
2024-06-23,SKU038,Home,291,233.16,67849.56,159,0,WH-A,2024,6,25,2,264.2,0.101,0,0
2024-06-30,SKU038,Home,277,278.61,77174.97,823,0,WH-B,2024,6,26,2,266.5,0.039,0,0
2024-07-07,SKU038,Home,250,258.39,64597.5,646,0,WH-B,2024,7,27,3,272.5,-0.083,0,0
2024-07-14,SKU038,Home,287,271.37,77883.19,623,0,WH-B,2024,7,28,3,276.2,0.039,0,0
2024-07-21,SKU038,Home,249,443.32,110386.68,433,0,WH-B,2024,7,29,3,265.8,-0.063,0,0
2024-07-28,SKU038,Home,261,177.25,46262.25,872,0,WH-A,2024,7,30,3,261.8,-0.003,0,0
2024-08-04,SKU038,Home,254,362.14,91983.56,587,0,WH-A,2024,8,31,3,262.8,-0.033,0,0
2024-08-11,SKU038,Home,276,64.31,17749.56,242,0,WH-B,2024,8,32,3,260.0,0.062,0,0
2024-08-18,SKU038,Home,250,18.11,4527.5,846,1,WH-B,2024,8,33,3,260.2,-0.039,0,250
2024-08-25,SKU038,Home,260,161.78,42062.8,113,0,WH-B,2024,8,34,3,260.0,0.0,0,0
2024-09-01,SKU038,Home,262,161.82,42396.84,890,0,WH-A,2024,9,35,3,262.0,0.0,0,0
2024-09-08,SKU038,Home,159,45.73,7271.07,861,0,WH-B,2024,9,36,3,232.8,-0.317,0,0
2024-09-15,SKU038,Home,211,73.34,15474.74,66,0,WH-C,2024,9,37,3,223.0,-0.054,0,0
2024-09-22,SKU038,Home,267,282.77,75499.59,801,0,WH-C,2024,9,38,3,224.8,0.188,0,0
2024-09-29,SKU038,Home,171,95.56,16340.76,436,0,WH-A,2024,9,39,3,202.0,-0.153,0,0
2024-10-06,SKU038,Home,167,468.32,78209.44,616,0,WH-A,2024,10,40,4,204.0,-0.181,0,0
2024-10-13,SKU038,Home,165,206.24,34029.6,459,0,WH-C,2024,10,41,4,192.5,-0.143,0,0
2024-10-20,SKU038,Home,136,12.89,1753.04,337,0,WH-A,2024,10,42,4,159.8,-0.149,0,0
2024-10-27,SKU038,Home,115,489.22,56260.3,399,0,WH-A,2024,10,43,4,145.8,-0.211,0,0
2024-11-03,SKU038,Home,145,419.49,60826.05,859,0,WH-B,2024,11,44,4,140.2,0.034,0,0
2024-11-10,SKU038,Home,165,440.26,72642.9,348,0,WH-B,2024,11,45,4,140.2,0.177,0,0
2024-11-17,SKU038,Home,267,256.07,68370.69,256,0,WH-B,2024,11,46,4,173.0,0.543,0,0
2024-11-24,SKU038,Home,178,277.36,49370.08,551,0,WH-C,2024,11,47,4,188.8,-0.057,0,0
2024-12-01,SKU038,Home,196,106.65,20903.4,845,0,WH-B,2024,12,48,4,201.5,-0.027,0,0
2024-12-08,SKU038,Home,209,14.97,3128.73,719,0,WH-C,2024,12,49,4,212.5,-0.016,0,0
2024-12-15,SKU038,Home,201,396.93,79782.93,488,0,WH-B,2024,12,50,4,196.0,0.026,0,0
2024-12-22,SKU038,Home,254,302.58,76855.32,454,0,WH-C,2024,12,51,4,215.0,0.181,0,0
2024-12-29,SKU038,Home,243,143.98,34987.14,355,0,WH-A,2024,12,52,4,226.8,0.071,0,0
2022-01-02,SKU039,Home,132,158.37,20904.84,570,1,WH-A,2022,1,52,1,132.0,0.0,0,132
2022-01-09,SKU039,Home,168,268.98,45188.64,842,0,WH-A,2022,1,1,1,150.0,0.12,0,0
2022-01-16,SKU039,Home,176,434.81,76526.56,453,0,WH-C,2022,1,2,1,158.7,0.109,0,0
2022-01-23,SKU039,Home,192,448.63,86136.96,676,0,WH-A,2022,1,3,1,167.0,0.15,0,0
2022-01-30,SKU039,Home,182,325.05,59159.1,197,0,WH-B,2022,1,4,1,179.5,0.014,0,0
2022-02-06,SKU039,Home,159,56.24,8942.16,133,0,WH-A,2022,2,5,1,177.2,-0.103,0,0
2022-02-13,SKU039,Home,196,403.89,79162.44,233,0,WH-C,2022,2,6,1,182.2,0.076,0,0
2022-02-20,SKU039,Home,160,174.16,27865.6,83,0,WH-A,2022,2,7,1,174.2,-0.082,0,0
2022-02-27,SKU039,Home,219,116.83,25585.77,486,1,WH-C,2022,2,8,1,183.5,0.193,0,219
2022-03-06,SKU039,Home,154,377.14,58079.56,66,0,WH-A,2022,3,9,1,182.2,-0.155,0,0
2022-03-13,SKU039,Home,208,340.88,70903.04,727,0,WH-A,2022,3,10,1,185.2,0.123,0,0
2022-03-20,SKU039,Home,203,394.55,80093.65,336,0,WH-B,2022,3,11,1,196.0,0.036,0,0
2022-03-27,SKU039,Home,198,282.53,55940.94,78,0,WH-C,2022,3,12,1,190.8,0.038,0,0
2022-04-03,SKU039,Home,236,82.59,19491.24,304,0,WH-C,2022,4,13,2,211.2,0.117,0,0
2022-04-10,SKU039,Home,154,255.33,39320.82,680,0,WH-C,2022,4,14,2,197.8,-0.221,0,0
2022-04-17,SKU039,Home,159,181.4,28842.6,674,1,WH-B,2022,4,15,2,186.8,-0.149,0,159
2022-04-24,SKU039,Home,149,388.15,57834.35,211,0,WH-A,2022,4,16,2,174.5,-0.146,0,0
2022-05-01,SKU039,Home,140,35.7,4998.0,560,0,WH-B,2022,5,17,2,150.5,-0.07,0,0
2022-05-08,SKU039,Home,140,419.59,58742.6,639,0,WH-B,2022,5,18,2,147.0,-0.048,0,0
2022-05-15,SKU039,Home,116,120.77,14009.32,366,1,WH-B,2022,5,19,2,136.2,-0.148,0,116
2022-05-22,SKU039,Home,154,209.32,32235.28,849,0,WH-A,2022,5,20,2,137.5,0.12,0,0
2022-05-29,SKU039,Home,167,159.96,26713.32,993,0,WH-C,2022,5,21,2,144.2,0.158,0,0
2022-06-05,SKU039,Home,116,367.35,42612.6,707,1,WH-B,2022,6,22,2,138.2,-0.161,0,116
2022-06-12,SKU039,Home,121,48.35,5850.35,329,0,WH-C,2022,6,23,2,139.5,-0.133,0,0
2022-06-19,SKU039,Home,119,242.32,28836.08,691,0,WH-B,2022,6,24,2,130.8,-0.09,0,0
2022-06-26,SKU039,Home,140,349.83,48976.2,804,1,WH-B,2022,6,25,2,124.0,0.129,0,140
2022-07-03,SKU039,Home,132,467.05,61650.6,785,1,WH-B,2022,7,26,3,128.0,0.031,0,132
2022-07-10,SKU039,Home,160,121.67,19467.2,792,1,WH-B,2022,7,27,3,137.8,0.161,0,160
2022-07-17,SKU039,Home,173,121.07,20945.11,391,0,WH-C,2022,7,28,3,151.2,0.144,0,0
2022-07-24,SKU039,Home,144,30.58,4403.52,110,0,WH-B,2022,7,29,3,152.2,-0.054,0,0
2022-07-31,SKU039,Home,145,334.95,48567.75,854,0,WH-C,2022,7,30,3,155.5,-0.068,0,0
2022-08-07,SKU039,Home,142,308.14,43755.88,329,0,WH-C,2022,8,31,3,151.0,-0.06,0,0
2022-08-14,SKU039,Home,142,380.17,53984.14,45,0,WH-C,2022,8,32,3,143.2,-0.008,1,0
2022-08-21,SKU039,Home,175,43.85,7673.75,742,0,WH-B,2022,8,33,3,151.0,0.159,0,0
2022-08-28,SKU039,Home,145,340.31,49344.95,726,0,WH-B,2022,8,34,3,151.0,-0.04,0,0
2022-09-04,SKU039,Home,125,197.53,24691.25,954,1,WH-B,2022,9,35,3,146.8,-0.149,0,125
2022-09-11,SKU039,Home,121,154.01,18635.21,908,0,WH-C,2022,9,36,3,141.5,-0.145,0,0
2022-09-18,SKU039,Home,98,483.17,47350.66,97,0,WH-A,2022,9,37,3,122.2,-0.198,0,0
2022-09-25,SKU039,Home,119,408.26,48582.94,538,0,WH-A,2022,9,38,3,115.8,0.028,0,0
2022-10-02,SKU039,Home,89,375.28,33399.92,183,0,WH-C,2022,10,39,4,106.8,-0.167,0,0
2022-10-09,SKU039,Home,79,263.84,20843.36,185,0,WH-C,2022,10,40,4,96.2,-0.179,0,0
2022-10-16,SKU039,Home,103,86.65,8924.95,618,0,WH-A,2022,10,41,4,97.5,0.056,0,0
2022-10-23,SKU039,Home,74,217.12,16066.88,608,0,WH-C,2022,10,42,4,86.2,-0.142,0,0
2022-10-30,SKU039,Home,85,141.82,12054.7,957,0,WH-A,2022,10,43,4,85.2,-0.002,0,0
2022-11-06,SKU039,Home,81,225.61,18274.41,490,0,WH-B,2022,11,44,4,85.8,-0.056,0,0
2022-11-13,SKU039,Home,96,143.17,13744.32,632,1,WH-B,2022,11,45,4,84.0,0.143,0,96
2022-11-20,SKU039,Home,108,433.19,46784.52,257,0,WH-A,2022,11,46,4,92.5,0.168,0,0
2022-11-27,SKU039,Home,105,499.51,52448.55,993,0,WH-B,2022,11,47,4,97.5,0.077,0,0
2022-12-04,SKU039,Home,101,263.04,26567.04,620,0,WH-A,2022,12,48,4,102.5,-0.015,0,0
2022-12-11,SKU039,Home,121,16.79,2031.59,883,0,WH-B,2022,12,49,4,108.8,0.112,0,0
2022-12-18,SKU039,Home,123,252.36,31040.28,467,0,WH-C,2022,12,50,4,112.5,0.093,0,0
2022-12-25,SKU039,Home,150,224.91,33736.5,902,0,WH-A,2022,12,51,4,123.8,0.212,0,0
2023-01-01,SKU039,Home,146,321.46,46933.16,804,0,WH-B,2023,1,52,1,135.0,0.081,0,0
2023-01-08,SKU039,Home,130,99.88,12984.4,115,0,WH-A,2023,1,1,1,137.2,-0.052,0,0
2023-01-15,SKU039,Home,200,83.67,16734.0,321,0,WH-A,2023,1,2,1,156.5,0.278,0,0
2023-01-22,SKU039,Home,177,129.2,22868.4,768,0,WH-C,2023,1,3,1,163.2,0.085,0,0
2023-01-29,SKU039,Home,220,58.2,12804.0,524,0,WH-A,2023,1,4,1,181.8,0.21,0,0
2023-02-05,SKU039,Home,205,151.9,31139.5,594,0,WH-A,2023,2,5,1,200.5,0.022,0,0
2023-02-12,SKU039,Home,172,252.35,43404.2,61,0,WH-C,2023,2,6,1,193.5,-0.111,0,0
2023-02-19,SKU039,Home,218,131.22,28605.96,234,0,WH-B,2023,2,7,1,203.8,0.07,0,0
2023-02-26,SKU039,Home,223,375.91,83827.93,700,0,WH-A,2023,2,8,1,204.5,0.09,0,0
2023-03-05,SKU039,Home,195,110.88,21621.6,642,0,WH-B,2023,3,9,1,202.0,-0.035,0,0
2023-03-12,SKU039,Home,215,353.37,75974.55,128,0,WH-C,2023,3,10,1,212.8,0.01,0,0
2023-03-19,SKU039,Home,198,323.85,64122.3,774,0,WH-C,2023,3,11,1,207.8,-0.047,0,0
2023-03-26,SKU039,Home,167,481.34,80383.78,796,0,WH-A,2023,3,12,1,193.8,-0.138,0,0
2023-04-02,SKU039,Home,157,285.4,44807.8,395,0,WH-A,2023,4,13,2,184.2,-0.148,0,0
2023-04-09,SKU039,Home,172,93.13,16018.36,419,0,WH-C,2023,4,14,2,173.5,-0.009,0,0
2023-04-16,SKU039,Home,168,89.94,15109.92,414,1,WH-C,2023,4,15,2,166.0,0.012,0,168
2023-04-23,SKU039,Home,172,122.04,20990.88,900,0,WH-C,2023,4,16,2,167.2,0.029,0,0
2023-04-30,SKU039,Home,155,390.01,60451.55,314,0,WH-A,2023,4,17,2,166.8,-0.071,0,0
2023-05-07,SKU039,Home,175,448.32,78456.0,206,0,WH-A,2023,5,18,2,167.5,0.045,0,0
2023-05-14,SKU039,Home,149,179.93,26809.57,470,0,WH-A,2023,5,19,2,162.8,-0.085,0,0
2023-05-21,SKU039,Home,137,12.18,1668.66,168,0,WH-C,2023,5,20,2,154.0,-0.11,0,0
2023-05-28,SKU039,Home,127,298.41,37898.07,862,0,WH-C,2023,5,21,2,147.0,-0.136,0,0
2023-06-04,SKU039,Home,168,442.89,74405.52,349,0,WH-A,2023,6,22,2,145.2,0.157,0,0
2023-06-11,SKU039,Home,100,282.1,28210.0,376,1,WH-A,2023,6,23,2,133.0,-0.248,0,100
2023-06-18,SKU039,Home,146,376.01,54897.46,235,0,WH-C,2023,6,24,2,135.2,0.08,0,0
2023-06-25,SKU039,Home,158,387.21,61179.18,474,0,WH-A,2023,6,25,2,143.0,0.105,0,0
2023-07-02,SKU039,Home,142,249.97,35495.74,48,0,WH-A,2023,7,26,3,136.5,0.04,1,0
2023-07-09,SKU039,Home,148,257.46,38104.08,529,0,WH-B,2023,7,27,3,148.5,-0.003,0,0
2023-07-16,SKU039,Home,115,153.71,17676.65,696,0,WH-A,2023,7,28,3,140.8,-0.183,0,0
2023-07-23,SKU039,Home,142,406.08,57663.36,965,0,WH-B,2023,7,29,3,136.8,0.038,0,0
2023-07-30,SKU039,Home,148,286.67,42427.16,407,0,WH-C,2023,7,30,3,138.2,0.071,0,0
2023-08-06,SKU039,Home,161,394.84,63569.24,427,0,WH-A,2023,8,31,3,141.5,0.138,0,0
2023-08-13,SKU039,Home,115,399.58,45951.7,521,0,WH-A,2023,8,32,3,141.5,-0.187,0,0
2023-08-20,SKU039,Home,149,238.94,35602.06,840,0,WH-C,2023,8,33,3,143.2,0.041,0,0
2023-08-27,SKU039,Home,121,171.68,20773.28,929,0,WH-C,2023,8,34,3,136.5,-0.114,0,0
2023-09-03,SKU039,Home,172,401.99,69142.28,966,0,WH-C,2023,9,35,3,139.2,0.236,0,0
2023-09-10,SKU039,Home,148,414.07,61282.36,546,1,WH-C,2023,9,36,3,147.5,0.003,0,148
2023-09-17,SKU039,Home,117,403.36,47193.12,745,0,WH-C,2023,9,37,3,139.5,-0.161,0,0
2023-09-24,SKU039,Home,100,226.37,22637.0,199,0,WH-B,2023,9,38,3,134.2,-0.255,0,0
2023-10-01,SKU039,Home,94,176.37,16578.78,681,1,WH-C,2023,10,39,4,114.8,-0.181,0,94
2023-10-08,SKU039,Home,68,407.06,27680.08,271,0,WH-A,2023,10,40,4,94.8,-0.283,0,0
2023-10-15,SKU039,Home,89,351.75,31305.75,876,0,WH-C,2023,10,41,4,87.8,0.014,0,0
2023-10-22,SKU039,Home,73,453.66,33117.18,555,0,WH-A,2023,10,42,4,81.0,-0.099,0,0
2023-10-29,SKU039,Home,53,268.98,14255.94,376,0,WH-B,2023,10,43,4,70.8,-0.251,0,0
2023-11-05,SKU039,Home,88,390.56,34369.28,102,0,WH-A,2023,11,44,4,75.8,0.161,0,0
2023-11-12,SKU039,Home,98,268.98,26360.04,518,0,WH-B,2023,11,45,4,78.0,0.256,0,0
2023-11-19,SKU039,Home,149,403.04,60052.96,337,0,WH-A,2023,11,46,4,97.0,0.536,0,0
2023-11-26,SKU039,Home,103,368.0,37904.0,282,0,WH-C,2023,11,47,4,109.5,-0.059,0,0
2023-12-03,SKU039,Home,113,426.65,48211.45,548,0,WH-B,2023,12,48,4,115.8,-0.024,0,0
2023-12-10,SKU039,Home,117,14.47,1692.99,16,1,WH-B,2023,12,49,4,120.5,-0.029,1,117
2023-12-17,SKU039,Home,103,405.88,41805.64,412,0,WH-C,2023,12,50,4,109.0,-0.055,0,0
2023-12-24,SKU039,Home,141,376.39,53070.99,867,0,WH-C,2023,12,51,4,118.5,0.19,0,0
2023-12-31,SKU039,Home,134,92.73,12425.82,581,0,WH-B,2023,12,52,4,123.8,0.082,0,0
2024-01-07,SKU039,Home,168,457.94,76933.92,176,0,WH-C,2024,1,1,1,136.5,0.231,0,0
2024-01-14,SKU039,Home,195,43.84,8548.8,6,0,WH-C,2024,1,2,1,159.5,0.223,1,0
2024-01-21,SKU039,Home,185,173.61,32117.85,582,0,WH-B,2024,1,3,1,170.5,0.085,0,0
2024-01-28,SKU039,Home,184,284.18,52289.12,416,0,WH-B,2024,1,4,1,183.0,0.005,0,0
2024-02-04,SKU039,Home,204,294.64,60106.56,78,0,WH-C,2024,2,5,1,192.0,0.062,0,0
2024-02-11,SKU039,Home,237,289.94,68715.78,759,0,WH-B,2024,2,6,1,202.5,0.17,0,0
2024-02-18,SKU039,Home,247,285.47,70511.09,553,0,WH-B,2024,2,7,1,218.0,0.133,0,0
2024-02-25,SKU039,Home,214,260.79,55809.06,541,1,WH-C,2024,2,8,1,225.5,-0.051,0,214
2024-03-03,SKU039,Home,205,418.33,85757.65,190,0,WH-B,2024,3,9,1,225.8,-0.092,0,0
2024-03-10,SKU039,Home,215,428.04,92028.6,994,0,WH-A,2024,3,10,1,220.2,-0.024,0,0
2024-03-17,SKU039,Home,194,48.68,9443.92,850,0,WH-A,2024,3,11,1,207.0,-0.063,0,0
2024-03-24,SKU039,Home,236,263.05,62079.8,998,0,WH-C,2024,3,12,1,212.5,0.111,0,0
2024-03-31,SKU039,Home,171,266.69,45603.99,288,0,WH-A,2024,3,13,1,204.0,-0.162,0,0
2024-04-07,SKU039,Home,190,361.2,68628.0,608,0,WH-B,2024,4,14,2,197.8,-0.039,0,0
2024-04-14,SKU039,Home,156,70.64,11019.84,757,0,WH-C,2024,4,15,2,188.2,-0.171,0,0
2024-04-21,SKU039,Home,186,44.63,8301.18,625,0,WH-C,2024,4,16,2,175.8,0.058,0,0
2024-04-28,SKU039,Home,195,410.57,80061.15,46,0,WH-A,2024,4,17,2,181.8,0.073,1,0
2024-05-05,SKU039,Home,148,109.9,16265.2,893,0,WH-B,2024,5,18,2,171.2,-0.136,0,0
2024-05-12,SKU039,Home,170,60.97,10364.9,46,0,WH-A,2024,5,19,2,174.8,-0.027,1,0
2024-05-19,SKU039,Home,184,51.11,9404.24,62,0,WH-B,2024,5,20,2,174.2,0.056,0,0
2024-05-26,SKU039,Home,180,426.35,76743.0,962,0,WH-B,2024,5,21,2,170.5,0.056,0,0
2024-06-02,SKU039,Home,149,273.55,40758.95,536,0,WH-B,2024,6,22,2,170.8,-0.128,0,0
2024-06-09,SKU039,Home,132,91.82,12120.24,850,0,WH-A,2024,6,23,2,161.2,-0.181,0,0
2024-06-16,SKU039,Home,127,113.62,14429.74,872,0,WH-B,2024,6,24,2,147.0,-0.136,0,0
2024-06-23,SKU039,Home,138,386.62,53353.56,581,0,WH-B,2024,6,25,2,136.5,0.011,0,0
2024-06-30,SKU039,Home,151,214.82,32437.82,121,0,WH-C,2024,6,26,2,137.0,0.102,0,0
2024-07-07,SKU039,Home,157,370.91,58232.87,437,0,WH-C,2024,7,27,3,143.2,0.096,0,0
2024-07-14,SKU039,Home,189,142.57,26945.73,321,0,WH-B,2024,7,28,3,158.8,0.19,0,0
2024-07-21,SKU039,Home,160,448.6,71776.0,900,0,WH-A,2024,7,29,3,164.2,-0.026,0,0
2024-07-28,SKU039,Home,167,371.24,61997.08,489,0,WH-A,2024,7,30,3,168.2,-0.007,0,0
2024-08-04,SKU039,Home,182,465.61,84741.02,943,0,WH-C,2024,8,31,3,174.5,0.043,0,0
2024-08-11,SKU039,Home,172,32.34,5562.48,154,0,WH-A,2024,8,32,3,170.2,0.011,0,0
2024-08-18,SKU039,Home,180,357.48,64346.4,339,0,WH-B,2024,8,33,3,175.2,0.027,0,0
2024-08-25,SKU039,Home,180,238.02,42843.6,891,0,WH-B,2024,8,34,3,178.5,0.008,0,0
2024-09-01,SKU039,Home,154,34.01,5237.54,261,1,WH-B,2024,9,35,3,171.5,-0.102,0,154
2024-09-08,SKU039,Home,175,301.88,52829.0,911,0,WH-B,2024,9,36,3,172.2,0.016,0,0
2024-09-15,SKU039,Home,125,211.77,26471.25,807,0,WH-A,2024,9,37,3,158.5,-0.211,0,0
2024-09-22,SKU039,Home,136,378.11,51422.96,760,0,WH-C,2024,9,38,3,147.5,-0.078,0,0
2024-09-29,SKU039,Home,119,276.69,32926.11,255,0,WH-B,2024,9,39,3,138.8,-0.143,0,0
2024-10-06,SKU039,Home,117,183.96,21523.32,826,0,WH-C,2024,10,40,4,124.2,-0.058,0,0
2024-10-13,SKU039,Home,106,439.39,46575.34,860,0,WH-B,2024,10,41,4,119.5,-0.113,0,0
2024-10-20,SKU039,Home,70,268.75,18812.5,267,0,WH-C,2024,10,42,4,103.0,-0.32,0,0
2024-10-27,SKU039,Home,92,87.35,8036.2,253,1,WH-B,2024,10,43,4,96.2,-0.044,0,92
2024-11-03,SKU039,Home,85,278.93,23709.05,995,0,WH-C,2024,11,44,4,88.2,-0.036,0,0
2024-11-10,SKU039,Home,104,263.66,27420.64,688,1,WH-A,2024,11,45,4,87.8,0.185,0,104
2024-11-17,SKU039,Home,79,23.34,1843.86,438,1,WH-C,2024,11,46,4,90.0,-0.122,0,79
2024-11-24,SKU039,Home,121,406.24,49155.04,399,0,WH-A,2024,11,47,4,97.2,0.245,0,0
2024-12-01,SKU039,Home,86,393.85,33871.1,362,0,WH-B,2024,12,48,4,97.5,-0.118,0,0
2024-12-08,SKU039,Home,117,406.2,47525.4,151,0,WH-C,2024,12,49,4,100.8,0.161,0,0
2024-12-15,SKU039,Home,136,298.65,40616.4,720,0,WH-A,2024,12,50,4,115.0,0.183,0,0
2024-12-22,SKU039,Home,179,251.52,45022.08,288,0,WH-C,2024,12,51,4,129.5,0.382,0,0
2024-12-29,SKU039,Home,200,267.91,53582.0,822,0,WH-B,2024,12,52,4,158.0,0.266,0,0
2022-01-02,SKU040,Home,347,345.82,119999.54,180,0,WH-C,2022,1,52,1,347.0,0.0,0,0
2022-01-09,SKU040,Home,353,277.3,97886.9,741,0,WH-B,2022,1,1,1,350.0,0.009,0,0
2022-01-16,SKU040,Home,388,454.68,176415.84,404,0,WH-C,2022,1,2,1,362.7,0.07,0,0
2022-01-23,SKU040,Home,389,417.25,162310.25,676,0,WH-B,2022,1,3,1,369.2,0.054,0,0
2022-01-30,SKU040,Home,437,379.84,165990.08,396,0,WH-C,2022,1,4,1,391.8,0.115,0,0
2022-02-06,SKU040,Home,450,101.53,45688.5,306,0,WH-A,2022,2,5,1,416.0,0.082,0,0
2022-02-13,SKU040,Home,480,72.34,34723.2,816,0,WH-C,2022,2,6,1,439.0,0.093,0,0
2022-02-20,SKU040,Home,472,463.36,218705.92,876,0,WH-A,2022,2,7,1,459.8,0.027,0,0
2022-02-27,SKU040,Home,515,192.39,99080.85,969,0,WH-C,2022,2,8,1,479.2,0.075,0,0
2022-03-06,SKU040,Home,458,496.09,227209.22,62,0,WH-C,2022,3,9,1,481.2,-0.048,0,0
2022-03-13,SKU040,Home,433,184.26,79784.58,652,0,WH-B,2022,3,10,1,469.5,-0.078,0,0
2022-03-20,SKU040,Home,490,412.66,202203.4,315,0,WH-A,2022,3,11,1,474.0,0.034,0,0
2022-03-27,SKU040,Home,435,327.69,142545.15,838,0,WH-A,2022,3,12,1,454.0,-0.042,0,0
2022-04-03,SKU040,Home,444,206.45,91663.8,368,0,WH-C,2022,4,13,2,450.5,-0.014,0,0
2022-04-10,SKU040,Home,359,178.19,63970.21,939,0,WH-A,2022,4,14,2,432.0,-0.169,0,0
2022-04-17,SKU040,Home,397,285.05,113164.85,556,1,WH-C,2022,4,15,2,408.8,-0.029,0,397
2022-04-24,SKU040,Home,372,164.39,61153.08,309,0,WH-C,2022,4,16,2,393.0,-0.053,0,0
2022-05-01,SKU040,Home,354,18.42,6520.68,892,0,WH-B,2022,5,17,2,370.5,-0.045,0,0
2022-05-08,SKU040,Home,401,432.66,173496.66,833,0,WH-C,2022,5,18,2,381.0,0.052,0,0
2022-05-15,SKU040,Home,345,86.02,29676.9,584,0,WH-B,2022,5,19,2,368.0,-0.062,0,0
2022-05-22,SKU040,Home,291,424.71,123590.61,399,0,WH-B,2022,5,20,2,347.8,-0.163,0,0
2022-05-29,SKU040,Home,347,484.73,168201.31,667,0,WH-B,2022,5,21,2,346.0,0.003,0,0
2022-06-05,SKU040,Home,288,408.53,117656.64,375,0,WH-A,2022,6,22,2,317.8,-0.094,0,0
2022-06-12,SKU040,Home,329,233.18,76716.22,383,0,WH-C,2022,6,23,2,313.8,0.048,0,0
2022-06-19,SKU040,Home,302,115.16,34778.32,17,0,WH-A,2022,6,24,2,316.5,-0.046,1,0
2022-06-26,SKU040,Home,354,329.78,116742.12,942,0,WH-B,2022,6,25,2,318.2,0.113,0,0
2022-07-03,SKU040,Home,325,75.73,24612.25,7,0,WH-C,2022,7,26,3,327.5,-0.008,1,0
2022-07-10,SKU040,Home,331,383.42,126912.02,93,0,WH-A,2022,7,27,3,328.0,0.009,0,0
2022-07-17,SKU040,Home,381,340.74,129821.94,229,0,WH-A,2022,7,28,3,347.8,0.095,0,0
2022-07-24,SKU040,Home,362,121.45,43964.9,10,0,WH-A,2022,7,29,3,349.8,0.035,1,0
2022-07-31,SKU040,Home,345,387.42,133659.9,304,0,WH-A,2022,7,30,3,354.8,-0.028,0,0
2022-08-07,SKU040,Home,354,477.04,168872.16,524,0,WH-C,2022,8,31,3,360.5,-0.018,0,0
2022-08-14,SKU040,Home,297,250.84,74499.48,157,0,WH-B,2022,8,32,3,339.5,-0.125,0,0
2022-08-21,SKU040,Home,326,415.21,135358.46,593,1,WH-C,2022,8,33,3,330.5,-0.014,0,326
2022-08-28,SKU040,Home,338,389.65,131701.7,628,0,WH-C,2022,8,34,3,328.8,0.028,0,0
2022-09-04,SKU040,Home,293,386.5,113244.5,658,0,WH-A,2022,9,35,3,313.5,-0.065,0,0
2022-09-11,SKU040,Home,256,454.73,116410.88,818,0,WH-C,2022,9,36,3,303.2,-0.156,0,0
2022-09-18,SKU040,Home,281,282.83,79475.23,925,0,WH-B,2022,9,37,3,292.0,-0.038,0,0
2022-09-25,SKU040,Home,302,326.52,98609.04,59,0,WH-B,2022,9,38,3,283.0,0.067,0,0
2022-10-02,SKU040,Home,251,449.65,112862.15,836,0,WH-C,2022,10,39,4,272.5,-0.079,0,0
2022-10-09,SKU040,Home,250,447.82,111955.0,585,0,WH-A,2022,10,40,4,271.0,-0.077,0,0
2022-10-16,SKU040,Home,217,16.34,3545.78,968,1,WH-A,2022,10,41,4,255.0,-0.149,0,217
2022-10-23,SKU040,Home,257,225.14,57860.98,668,0,WH-C,2022,10,42,4,243.8,0.054,0,0
2022-10-30,SKU040,Home,160,349.58,55932.8,497,0,WH-B,2022,10,43,4,221.0,-0.276,0,0
2022-11-06,SKU040,Home,198,161.47,31971.06,41,0,WH-A,2022,11,44,4,208.0,-0.048,1,0
2022-11-13,SKU040,Home,219,54.46,11926.74,809,0,WH-A,2022,11,45,4,208.5,0.05,0,0
2022-11-20,SKU040,Home,237,281.21,66646.77,956,0,WH-C,2022,11,46,4,203.5,0.165,0,0
2022-11-27,SKU040,Home,230,29.39,6759.7,737,0,WH-A,2022,11,47,4,221.0,0.041,0,0
2022-12-04,SKU040,Home,222,155.61,34545.42,527,0,WH-B,2022,12,48,4,227.0,-0.022,0,0
2022-12-11,SKU040,Home,296,422.82,125154.72,817,0,WH-B,2022,12,49,4,246.2,0.202,0,0
2022-12-18,SKU040,Home,302,358.08,108140.16,495,0,WH-A,2022,12,50,4,262.5,0.15,0,0
2022-12-25,SKU040,Home,305,209.43,63876.15,998,0,WH-B,2022,12,51,4,281.2,0.085,0,0
2023-01-01,SKU040,Home,334,69.64,23259.76,42,0,WH-C,2023,1,52,1,309.2,0.08,1,0
2023-01-08,SKU040,Home,397,498.05,197725.85,508,0,WH-A,2023,1,1,1,334.5,0.187,0,0
2023-01-15,SKU040,Home,409,299.17,122360.53,810,0,WH-A,2023,1,2,1,361.2,0.132,0,0
2023-01-22,SKU040,Home,429,191.74,82256.46,561,1,WH-B,2023,1,3,1,392.2,0.094,0,429
2023-01-29,SKU040,Home,441,129.75,57219.75,570,1,WH-B,2023,1,4,1,419.0,0.053,0,441
2023-02-05,SKU040,Home,494,261.99,129423.06,224,1,WH-A,2023,2,5,1,443.2,0.115,0,494
2023-02-12,SKU040,Home,472,219.63,103665.36,487,0,WH-B,2023,2,6,1,459.0,0.028,0,0
2023-02-19,SKU040,Home,487,389.58,189725.46,55,0,WH-A,2023,2,7,1,473.5,0.029,0,0
2023-02-26,SKU040,Home,500,329.86,164930.0,5,0,WH-B,2023,2,8,1,488.2,0.024,1,0
2023-03-05,SKU040,Home,476,358.04,170427.04,975,0,WH-B,2023,3,9,1,483.8,-0.016,0,0
2023-03-12,SKU040,Home,511,162.78,83180.58,688,1,WH-C,2023,3,10,1,493.5,0.035,0,511
2023-03-19,SKU040,Home,481,145.56,70014.36,764,0,WH-C,2023,3,11,1,492.0,-0.022,0,0
2023-03-26,SKU040,Home,426,453.07,193007.82,756,1,WH-B,2023,3,12,1,473.5,-0.1,0,426
2023-04-02,SKU040,Home,408,437.77,178610.16,703,0,WH-B,2023,4,13,2,456.5,-0.106,0,0
2023-04-09,SKU040,Home,418,395.72,165410.96,772,0,WH-C,2023,4,14,2,433.2,-0.035,0,0
2023-04-16,SKU040,Home,415,359.67,149263.05,724,0,WH-C,2023,4,15,2,416.8,-0.004,0,0
2023-04-23,SKU040,Home,439,36.21,15896.19,273,0,WH-B,2023,4,16,2,420.0,0.045,0,0
2023-04-30,SKU040,Home,382,374.54,143074.28,853,1,WH-C,2023,4,17,2,413.5,-0.076,0,382
2023-05-07,SKU040,Home,394,266.49,104997.06,686,1,WH-A,2023,5,18,2,407.5,-0.033,0,394
2023-05-14,SKU040,Home,391,428.91,167703.81,133,0,WH-B,2023,5,19,2,401.5,-0.026,0,0
2023-05-21,SKU040,Home,354,301.13,106600.02,822,0,WH-C,2023,5,20,2,380.2,-0.069,0,0
2023-05-28,SKU040,Home,348,253.28,88141.44,604,0,WH-A,2023,5,21,2,371.8,-0.064,0,0
2023-06-04,SKU040,Home,330,124.43,41061.9,129,0,WH-C,2023,6,22,2,355.8,-0.073,0,0
2023-06-11,SKU040,Home,336,368.27,123738.72,613,0,WH-C,2023,6,23,2,342.0,-0.018,0,0
2023-06-18,SKU040,Home,332,10.74,3565.68,632,0,WH-A,2023,6,24,2,336.5,-0.013,0,0
2023-06-25,SKU040,Home,366,278.5,101931.0,987,0,WH-A,2023,6,25,2,341.0,0.073,0,0
2023-07-02,SKU040,Home,344,282.27,97100.88,309,0,WH-C,2023,7,26,3,344.5,-0.001,0,0
2023-07-09,SKU040,Home,367,110.27,40469.09,660,0,WH-C,2023,7,27,3,352.2,0.042,0,0
2023-07-16,SKU040,Home,362,189.88,68736.56,66,0,WH-A,2023,7,28,3,359.8,0.006,0,0
2023-07-23,SKU040,Home,311,353.33,109885.63,530,0,WH-A,2023,7,29,3,346.0,-0.101,0,0
2023-07-30,SKU040,Home,380,134.63,51159.4,659,0,WH-A,2023,7,30,3,355.0,0.07,0,0
2023-08-06,SKU040,Home,374,427.7,159959.8,948,0,WH-C,2023,8,31,3,356.8,0.048,0,0
2023-08-13,SKU040,Home,380,89.91,34165.8,106,0,WH-A,2023,8,32,3,361.2,0.052,0,0
2023-08-20,SKU040,Home,323,461.22,148974.06,594,0,WH-A,2023,8,33,3,364.2,-0.113,0,0
2023-08-27,SKU040,Home,314,210.97,66244.58,398,0,WH-B,2023,8,34,3,347.8,-0.097,0,0
2023-09-03,SKU040,Home,307,333.8,102476.6,508,0,WH-A,2023,9,35,3,331.0,-0.073,0,0
2023-09-10,SKU040,Home,333,469.94,156490.02,74,0,WH-A,2023,9,36,3,319.2,0.043,0,0
2023-09-17,SKU040,Home,287,369.15,105946.05,514,0,WH-B,2023,9,37,3,310.2,-0.075,0,0
2023-09-24,SKU040,Home,284,408.48,116008.32,771,0,WH-B,2023,9,38,3,302.8,-0.062,0,0
2023-10-01,SKU040,Home,272,83.3,22657.6,87,0,WH-C,2023,10,39,4,294.0,-0.075,0,0
2023-10-08,SKU040,Home,178,121.09,21554.02,15,0,WH-C,2023,10,40,4,255.2,-0.303,1,0
2023-10-15,SKU040,Home,222,455.89,101207.58,412,0,WH-C,2023,10,41,4,239.0,-0.071,0,0
2023-10-22,SKU040,Home,207,105.48,21834.36,156,0,WH-B,2023,10,42,4,219.8,-0.058,0,0
2023-10-29,SKU040,Home,248,336.49,83449.52,890,0,WH-A,2023,10,43,4,213.8,0.16,0,0
2023-11-05,SKU040,Home,220,440.14,96830.8,432,0,WH-A,2023,11,44,4,224.2,-0.019,0,0
2023-11-12,SKU040,Home,219,65.3,14300.7,759,0,WH-B,2023,11,45,4,223.5,-0.02,0,0
2023-11-19,SKU040,Home,263,53.79,14146.77,533,0,WH-B,2023,11,46,4,237.5,0.107,0,0
2023-11-26,SKU040,Home,223,117.64,26233.72,369,0,WH-C,2023,11,47,4,231.2,-0.035,0,0
2023-12-03,SKU040,Home,244,467.17,113989.48,472,0,WH-A,2023,12,48,4,237.2,0.029,0,0
2023-12-10,SKU040,Home,282,395.71,111590.22,916,0,WH-B,2023,12,49,4,253.0,0.115,0,0
2023-12-17,SKU040,Home,304,13.94,4237.76,148,0,WH-C,2023,12,50,4,263.2,0.155,0,0
2023-12-24,SKU040,Home,325,115.94,37680.5,121,1,WH-C,2023,12,51,4,288.8,0.125,0,325
2023-12-31,SKU040,Home,388,194.45,75446.6,750,0,WH-B,2023,12,52,4,324.8,0.195,0,0
2024-01-07,SKU040,Home,403,459.97,185367.91,842,0,WH-B,2024,1,1,1,355.0,0.135,0,0
2024-01-14,SKU040,Home,415,250.46,103940.9,969,0,WH-A,2024,1,2,1,382.8,0.084,0,0
2024-01-21,SKU040,Home,463,466.8,216128.4,652,0,WH-C,2024,1,3,1,417.2,0.11,0,0
2024-01-28,SKU040,Home,441,75.58,33330.78,947,0,WH-A,2024,1,4,1,430.5,0.024,0,0
2024-02-04,SKU040,Home,492,418.83,206064.36,586,0,WH-C,2024,2,5,1,452.8,0.087,0,0
2024-02-11,SKU040,Home,517,19.89,10283.13,219,0,WH-C,2024,2,6,1,478.2,0.081,0,0
2024-02-18,SKU040,Home,525,326.75,171543.75,270,0,WH-B,2024,2,7,1,493.8,0.063,0,0
2024-02-25,SKU040,Home,562,364.55,204877.1,103,0,WH-A,2024,2,8,1,524.0,0.073,0,0
2024-03-03,SKU040,Home,519,470.73,244308.87,578,0,WH-B,2024,3,9,1,530.8,-0.022,0,0
2024-03-10,SKU040,Home,511,93.01,47528.11,771,0,WH-C,2024,3,10,1,529.2,-0.034,0,0
2024-03-17,SKU040,Home,519,69.07,35847.33,171,0,WH-A,2024,3,11,1,527.8,-0.017,0,0
2024-03-24,SKU040,Home,502,81.71,41018.42,133,0,WH-C,2024,3,12,1,512.8,-0.021,0,0
2024-03-31,SKU040,Home,524,20.47,10726.28,300,1,WH-A,2024,3,13,1,514.0,0.019,0,524
2024-04-07,SKU040,Home,498,360.65,179603.7,902,0,WH-A,2024,4,14,2,510.8,-0.025,0,0
2024-04-14,SKU040,Home,457,163.18,74573.26,317,0,WH-B,2024,4,15,2,495.2,-0.077,0,0
2024-04-21,SKU040,Home,395,375.28,148235.6,297,0,WH-A,2024,4,16,2,468.5,-0.157,0,0
2024-04-28,SKU040,Home,404,346.87,140135.48,475,0,WH-B,2024,4,17,2,438.5,-0.079,0,0
2024-05-05,SKU040,Home,356,311.08,110744.48,704,1,WH-A,2024,5,18,2,403.0,-0.117,0,356
2024-05-12,SKU040,Home,381,211.67,80646.27,461,0,WH-B,2024,5,19,2,384.0,-0.008,0,0
2024-05-19,SKU040,Home,352,267.01,93987.52,382,0,WH-C,2024,5,20,2,373.2,-0.057,0,0
2024-05-26,SKU040,Home,358,448.42,160534.36,46,0,WH-A,2024,5,21,2,361.8,-0.011,1,0
2024-06-02,SKU040,Home,347,42.17,14632.99,810,0,WH-A,2024,6,22,2,359.5,-0.035,0,0
2024-06-09,SKU040,Home,338,222.47,75194.86,75,0,WH-A,2024,6,23,2,348.8,-0.031,0,0
2024-06-16,SKU040,Home,354,135.86,48094.44,984,0,WH-B,2024,6,24,2,349.2,0.014,0,0
2024-06-23,SKU040,Home,388,485.73,188463.24,58,0,WH-A,2024,6,25,2,356.8,0.087,0,0
2024-06-30,SKU040,Home,350,313.19,109616.5,245,0,WH-B,2024,6,26,2,357.5,-0.021,0,0
2024-07-07,SKU040,Home,371,149.62,55509.02,288,0,WH-C,2024,7,27,3,365.8,0.014,0,0
2024-07-14,SKU040,Home,388,99.35,38547.8,699,0,WH-A,2024,7,28,3,374.2,0.037,0,0
2024-07-21,SKU040,Home,404,11.47,4633.88,90,0,WH-C,2024,7,29,3,378.2,0.068,0,0
2024-07-28,SKU040,Home,371,148.46,55078.66,467,0,WH-C,2024,7,30,3,383.5,-0.033,0,0
2024-08-04,SKU040,Home,385,115.39,44425.15,765,0,WH-B,2024,8,31,3,387.0,-0.005,0,0
2024-08-11,SKU040,Home,358,463.1,165789.8,0,0,WH-B,2024,8,32,3,379.5,-0.057,1,0
2024-08-18,SKU040,Home,393,350.15,137608.95,771,0,WH-B,2024,8,33,3,376.8,0.043,0,0
2024-08-25,SKU040,Home,388,34.96,13564.48,359,0,WH-C,2024,8,34,3,381.0,0.018,0,0
2024-09-01,SKU040,Home,355,447.87,158993.85,204,0,WH-A,2024,9,35,3,373.5,-0.05,0,0
2024-09-08,SKU040,Home,295,129.1,38084.5,631,0,WH-A,2024,9,36,3,357.8,-0.176,0,0
2024-09-15,SKU040,Home,283,89.36,25288.88,479,0,WH-A,2024,9,37,3,330.2,-0.143,0,0
2024-09-22,SKU040,Home,254,93.97,23868.38,133,0,WH-C,2024,9,38,3,296.8,-0.144,0,0
2024-09-29,SKU040,Home,275,232.79,64017.25,927,0,WH-B,2024,9,39,3,276.8,-0.007,0,0
2024-10-06,SKU040,Home,275,25.58,7034.5,876,0,WH-A,2024,10,40,4,271.8,0.012,0,0
2024-10-13,SKU040,Home,241,78.81,18993.21,636,0,WH-C,2024,10,41,4,261.2,-0.077,0,0
2024-10-20,SKU040,Home,231,106.14,24518.34,265,1,WH-C,2024,10,42,4,255.5,-0.096,0,231
2024-10-27,SKU040,Home,222,494.14,109699.08,488,0,WH-A,2024,10,43,4,242.2,-0.083,0,0
2024-11-03,SKU040,Home,226,105.46,23833.96,899,0,WH-C,2024,11,44,4,230.0,-0.017,0,0
2024-11-10,SKU040,Home,354,377.11,133496.94,234,0,WH-A,2024,11,45,4,258.2,0.371,0,0
2024-11-17,SKU040,Home,237,171.96,40754.52,140,0,WH-C,2024,11,46,4,259.8,-0.088,0,0
2024-11-24,SKU040,Home,225,426.91,96054.75,597,0,WH-C,2024,11,47,4,260.5,-0.136,0,0
2024-12-01,SKU040,Home,238,152.02,36180.76,676,0,WH-A,2024,12,48,4,263.5,-0.097,0,0
2024-12-08,SKU040,Home,309,140.88,43531.92,726,0,WH-B,2024,12,49,4,252.2,0.225,0,0
2024-12-15,SKU040,Home,358,264.16,94569.28,851,0,WH-B,2024,12,50,4,282.5,0.267,0,0
2024-12-22,SKU040,Home,367,206.38,75741.46,438,0,WH-A,2024,12,51,4,318.0,0.154,0,0
2024-12-29,SKU040,Home,375,477.5,179062.5,789,0,WH-A,2024,12,52,4,352.2,0.065,0,0
2022-01-02,SKU041,Home,162,34.19,5538.78,951,0,WH-A,2022,1,52,1,162.0,0.0,0,0
2022-01-09,SKU041,Home,197,164.63,32432.11,693,0,WH-C,2022,1,1,1,179.5,0.097,0,0
2022-01-16,SKU041,Home,161,317.31,51086.91,329,0,WH-A,2022,1,2,1,173.3,-0.071,0,0
2022-01-23,SKU041,Home,217,32.68,7091.56,44,0,WH-B,2022,1,3,1,184.2,0.178,1,0
2022-01-30,SKU041,Home,197,73.08,14396.76,448,0,WH-C,2022,1,4,1,193.0,0.021,0,0
2022-02-06,SKU041,Home,228,367.09,83696.52,195,1,WH-B,2022,2,5,1,200.8,0.135,0,228
2022-02-13,SKU041,Home,243,247.45,60130.35,153,0,WH-B,2022,2,6,1,221.2,0.099,0,0
2022-02-20,SKU041,Home,230,299.06,68783.8,633,0,WH-A,2022,2,7,1,224.5,0.024,0,0
2022-02-27,SKU041,Home,238,192.46,45805.48,320,0,WH-B,2022,2,8,1,234.8,0.014,0,0
2022-03-06,SKU041,Home,252,110.81,27924.12,51,0,WH-C,2022,3,9,1,240.8,0.047,0,0
2022-03-13,SKU041,Home,196,227.41,44572.36,237,0,WH-C,2022,3,10,1,229.0,-0.144,0,0
2022-03-20,SKU041,Home,231,302.54,69886.74,291,0,WH-B,2022,3,11,1,229.2,0.008,0,0
2022-03-27,SKU041,Home,189,65.85,12445.65,440,0,WH-A,2022,3,12,1,217.0,-0.129,0,0
2022-04-03,SKU041,Home,197,178.11,35087.67,228,0,WH-B,2022,4,13,2,203.2,-0.031,0,0
2022-04-10,SKU041,Home,193,420.82,81218.26,262,0,WH-C,2022,4,14,2,202.5,-0.047,0,0
2022-04-17,SKU041,Home,186,410.99,76444.14,169,0,WH-B,2022,4,15,2,191.2,-0.027,0,0
2022-04-24,SKU041,Home,174,29.2,5080.8,90,0,WH-C,2022,4,16,2,187.5,-0.072,0,0
2022-05-01,SKU041,Home,179,282.51,50569.29,534,0,WH-A,2022,5,17,2,183.0,-0.022,0,0
2022-05-08,SKU041,Home,191,46.26,8835.66,389,0,WH-A,2022,5,18,2,182.5,0.047,0,0
2022-05-15,SKU041,Home,165,385.74,63647.1,706,0,WH-A,2022,5,19,2,177.2,-0.069,0,0
2022-05-22,SKU041,Home,162,252.92,40973.04,892,0,WH-C,2022,5,20,2,174.2,-0.07,0,0
2022-05-29,SKU041,Home,168,355.78,59771.04,477,0,WH-B,2022,5,21,2,171.5,-0.02,0,0
2022-06-05,SKU041,Home,179,13.61,2436.19,555,0,WH-A,2022,6,22,2,168.5,0.062,0,0
2022-06-12,SKU041,Home,170,230.84,39242.8,945,0,WH-C,2022,6,23,2,169.8,0.001,0,0
2022-06-19,SKU041,Home,133,70.97,9439.01,522,0,WH-C,2022,6,24,2,162.5,-0.182,0,0
2022-06-26,SKU041,Home,147,344.78,50682.66,995,0,WH-B,2022,6,25,2,157.2,-0.065,0,0
2022-07-03,SKU041,Home,153,159.91,24466.23,31,1,WH-A,2022,7,26,3,150.8,0.015,1,153
2022-07-10,SKU041,Home,154,27.22,4191.88,498,1,WH-A,2022,7,27,3,146.8,0.049,0,154
2022-07-17,SKU041,Home,177,135.22,23933.94,199,0,WH-B,2022,7,28,3,157.8,0.122,0,0
2022-07-24,SKU041,Home,129,379.44,48947.76,879,0,WH-A,2022,7,29,3,153.2,-0.158,0,0
2022-07-31,SKU041,Home,151,311.35,47013.85,360,0,WH-B,2022,7,30,3,152.8,-0.012,0,0
2022-08-07,SKU041,Home,157,297.49,46705.93,7,0,WH-B,2022,8,31,3,153.5,0.023,1,0
2022-08-14,SKU041,Home,179,329.04,58898.16,264,0,WH-C,2022,8,32,3,154.0,0.162,0,0
2022-08-21,SKU041,Home,166,98.42,16337.72,664,0,WH-A,2022,8,33,3,163.2,0.017,0,0
2022-08-28,SKU041,Home,162,161.06,26091.72,844,0,WH-C,2022,8,34,3,166.0,-0.024,0,0
2022-09-04,SKU041,Home,125,384.2,48025.0,774,0,WH-C,2022,9,35,3,158.0,-0.209,0,0
2022-09-11,SKU041,Home,127,265.04,33660.08,630,0,WH-A,2022,9,36,3,145.0,-0.124,0,0
2022-09-18,SKU041,Home,112,154.11,17260.32,410,0,WH-B,2022,9,37,3,131.5,-0.148,0,0
2022-09-25,SKU041,Home,127,41.79,5307.33,76,0,WH-A,2022,9,38,3,122.8,0.034,0,0
2022-10-02,SKU041,Home,100,38.49,3849.0,820,0,WH-B,2022,10,39,4,116.5,-0.142,0,0
2022-10-09,SKU041,Home,128,276.58,35402.24,359,0,WH-A,2022,10,40,4,116.8,0.096,0,0
2022-10-16,SKU041,Home,79,173.83,13732.57,754,0,WH-C,2022,10,41,4,108.5,-0.272,0,0
2022-10-23,SKU041,Home,78,402.07,31361.46,962,0,WH-B,2022,10,42,4,96.2,-0.189,0,0
2022-10-30,SKU041,Home,78,154.03,12014.34,309,0,WH-B,2022,10,43,4,90.8,-0.141,0,0
2022-11-06,SKU041,Home,102,197.99,20194.98,819,0,WH-A,2022,11,44,4,84.2,0.211,0,0
2022-11-13,SKU041,Home,82,188.98,15496.36,370,0,WH-B,2022,11,45,4,85.0,-0.035,0,0
2022-11-20,SKU041,Home,107,112.65,12053.55,216,0,WH-B,2022,11,46,4,92.2,0.161,0,0
2022-11-27,SKU041,Home,115,230.76,26537.4,610,0,WH-B,2022,11,47,4,101.5,0.133,0,0
2022-12-04,SKU041,Home,96,277.8,26668.8,57,0,WH-B,2022,12,48,4,100.0,-0.04,0,0
2022-12-11,SKU041,Home,117,42.71,4997.07,580,1,WH-C,2022,12,49,4,108.8,0.075,0,117
2022-12-18,SKU041,Home,151,162.86,24591.86,922,0,WH-B,2022,12,50,4,119.8,0.26,0,0
2022-12-25,SKU041,Home,177,477.84,84577.68,338,0,WH-B,2022,12,51,4,135.2,0.309,0,0
2023-01-01,SKU041,Home,186,435.72,81043.92,408,0,WH-A,2023,1,52,1,157.8,0.179,0,0
2023-01-08,SKU041,Home,163,19.1,3113.3,369,0,WH-A,2023,1,1,1,169.2,-0.037,0,0
2023-01-15,SKU041,Home,214,312.19,66808.66,909,0,WH-A,2023,1,2,1,185.0,0.157,0,0
2023-01-22,SKU041,Home,175,157.26,27520.5,542,0,WH-B,2023,1,3,1,184.5,-0.051,0,0
2023-01-29,SKU041,Home,173,224.27,38798.71,908,0,WH-C,2023,1,4,1,181.2,-0.045,0,0
2023-02-05,SKU041,Home,246,359.86,88525.56,601,1,WH-A,2023,2,5,1,202.0,0.218,0,246
2023-02-12,SKU041,Home,251,197.77,49640.27,759,0,WH-C,2023,2,6,1,211.2,0.188,0,0
2023-02-19,SKU041,Home,275,378.39,104057.25,329,0,WH-A,2023,2,7,1,236.2,0.164,0,0
2023-02-26,SKU041,Home,200,336.11,67222.0,120,1,WH-B,2023,2,8,1,243.0,-0.177,0,200
2023-03-05,SKU041,Home,276,53.66,14810.16,908,0,WH-A,2023,3,9,1,250.5,0.102,0,0
2023-03-12,SKU041,Home,247,345.22,85269.34,410,0,WH-B,2023,3,10,1,249.5,-0.01,0,0
2023-03-19,SKU041,Home,255,176.1,44905.5,129,0,WH-A,2023,3,11,1,244.5,0.043,0,0
2023-03-26,SKU041,Home,237,303.82,72005.34,621,1,WH-A,2023,3,12,1,253.8,-0.066,0,237
2023-04-02,SKU041,Home,221,238.45,52697.45,9,0,WH-A,2023,4,13,2,240.0,-0.079,1,0
2023-04-09,SKU041,Home,199,459.67,91474.33,738,0,WH-B,2023,4,14,2,228.0,-0.127,0,0
2023-04-16,SKU041,Home,156,20.38,3179.28,595,0,WH-B,2023,4,15,2,203.2,-0.232,0,0
2023-04-23,SKU041,Home,184,209.04,38463.36,334,0,WH-A,2023,4,16,2,190.0,-0.032,0,0
2023-04-30,SKU041,Home,152,232.62,35358.24,4,1,WH-C,2023,4,17,2,172.8,-0.12,1,152
2023-05-07,SKU041,Home,218,23.72,5170.96,634,0,WH-A,2023,5,18,2,177.5,0.228,0,0
2023-05-14,SKU041,Home,132,332.33,43867.56,830,0,WH-A,2023,5,19,2,171.5,-0.23,0,0
2023-05-21,SKU041,Home,163,230.685,37601.66,811,0,WH-B,2023,5,20,2,166.2,-0.019,0,0
2023-05-28,SKU041,Home,163,209.84,34203.92,688,1,WH-A,2023,5,21,2,169.0,-0.036,0,163
2023-06-04,SKU041,Home,162,435.88,70612.56,848,0,WH-C,2023,6,22,2,155.0,0.045,0,0
2023-06-11,SKU041,Home,179,230.61,41279.19,98,0,WH-C,2023,6,23,2,166.8,0.073,0,0
2023-06-18,SKU041,Home,153,180.16,27564.48,795,1,WH-A,2023,6,24,2,164.2,-0.068,0,153
2023-06-25,SKU041,Home,156,126.31,19704.36,917,0,WH-C,2023,6,25,2,162.5,-0.04,0,0
2023-07-02,SKU041,Home,163,399.55,65126.65,368,0,WH-B,2023,7,26,3,162.8,0.001,0,0
2023-07-09,SKU041,Home,188,363.48,68334.24,421,0,WH-C,2023,7,27,3,165.0,0.139,0,0
2023-07-16,SKU041,Home,188,147.39,27709.32,58,1,WH-C,2023,7,28,3,173.8,0.082,0,188
2023-07-23,SKU041,Home,164,139.92,22946.88,673,1,WH-A,2023,7,29,3,175.8,-0.067,0,164
2023-07-30,SKU041,Home,152,76.92,11691.84,503,0,WH-A,2023,7,30,3,173.0,-0.121,0,0
2023-08-06,SKU041,Home,154,230.685,35525.49,149,0,WH-A,2023,8,31,3,164.5,-0.064,0,0
2023-08-13,SKU041,Home,175,223.64,39137.0,942,0,WH-B,2023,8,32,3,161.2,0.086,0,0
2023-08-20,SKU041,Home,159,340.06,54069.54,98,0,WH-B,2023,8,33,3,160.0,-0.006,0,0
2023-08-27,SKU041,Home,143,464.82,66469.26,277,0,WH-C,2023,8,34,3,157.8,-0.094,0,0
2023-09-03,SKU041,Home,124,129.32,16035.68,293,0,WH-A,2023,9,35,3,150.2,-0.174,0,0
2023-09-10,SKU041,Home,123,215.58,26516.34,61,0,WH-C,2023,9,36,3,137.2,-0.103,0,0
2023-09-17,SKU041,Home,76,135.58,10304.08,563,0,WH-C,2023,9,37,3,116.5,-0.348,0,0
2023-09-24,SKU041,Home,136,306.51,41685.36,572,0,WH-C,2023,9,38,3,114.8,0.185,0,0
2023-10-01,SKU041,Home,117,43.9,5136.3,95,1,WH-C,2023,10,39,4,113.0,0.035,0,117
2023-10-08,SKU041,Home,84,444.74,37358.16,224,0,WH-C,2023,10,40,4,103.2,-0.186,0,0
2023-10-15,SKU041,Home,87,299.53,26059.11,974,0,WH-C,2023,10,41,4,106.0,-0.179,0,0
2023-10-22,SKU041,Home,127,441.97,56130.19,814,0,WH-A,2023,10,42,4,103.8,0.224,0,0
2023-10-29,SKU041,Home,113,305.98,34575.74,616,0,WH-C,2023,10,43,4,102.8,0.099,0,0
2023-11-05,SKU041,Home,60,248.79,14927.4,863,0,WH-A,2023,11,44,4,96.8,-0.38,0,0
2023-11-12,SKU041,Home,99,47.23,4675.77,84,1,WH-C,2023,11,45,4,99.8,-0.008,0,99
2023-11-19,SKU041,Home,114,185.8,21181.2,842,0,WH-B,2023,11,46,4,96.5,0.181,0,0
2023-11-26,SKU041,Home,88,333.54,29351.52,642,1,WH-C,2023,11,47,4,90.2,-0.024,0,88
2023-12-03,SKU041,Home,116,338.83,39304.28,217,1,WH-C,2023,12,48,4,104.2,0.113,0,116
2023-12-10,SKU041,Home,105,180.88,18992.4,485,0,WH-C,2023,12,49,4,105.8,-0.008,0,0
2023-12-17,SKU041,Home,145,445.03,64529.35,472,0,WH-C,2023,12,50,4,113.5,0.278,0,0
2023-12-24,SKU041,Home,168,229.56,38566.08,332,0,WH-C,2023,12,51,4,133.5,0.258,0,0
2023-12-31,SKU041,Home,153,123.16,18843.48,967,1,WH-C,2023,12,52,4,142.8,0.071,0,153
2024-01-07,SKU041,Home,226,236.04,53345.04,735,0,WH-A,2024,1,1,1,173.0,0.306,0,0
2024-01-14,SKU041,Home,211,101.43,21401.73,252,0,WH-A,2024,1,2,1,189.5,0.113,0,0
2024-01-21,SKU041,Home,222,62.29,13828.38,809,0,WH-C,2024,1,3,1,203.0,0.094,0,0
2024-01-28,SKU041,Home,198,49.6,9820.8,62,0,WH-A,2024,1,4,1,214.2,-0.076,0,0
2024-02-04,SKU041,Home,254,30.73,7805.42,752,0,WH-B,2024,2,5,1,221.2,0.148,0,0
2024-02-11,SKU041,Home,213,205.39,43748.07,832,0,WH-A,2024,2,6,1,221.8,-0.04,0,0
2024-02-18,SKU041,Home,227,318.94,72399.38,270,1,WH-B,2024,2,7,1,223.0,0.018,0,227
2024-02-25,SKU041,Home,224,118.91,26635.84,656,0,WH-B,2024,2,8,1,229.5,-0.024,0,0
2024-03-03,SKU041,Home,256,198.54,50826.24,944,1,WH-A,2024,3,9,1,230.0,0.113,0,256
2024-03-10,SKU041,Home,232,495.32,114914.24,463,0,WH-C,2024,3,10,1,234.8,-0.012,0,0
2024-03-17,SKU041,Home,236,322.32,76067.52,764,0,WH-B,2024,3,11,1,237.0,-0.004,0,0
2024-03-24,SKU041,Home,264,31.26,8252.64,657,0,WH-A,2024,3,12,1,247.0,0.069,0,0
2024-03-31,SKU041,Home,251,298.9,75023.9,69,0,WH-C,2024,3,13,1,245.8,0.021,0,0
2024-04-07,SKU041,Home,221,456.41,100866.61,605,0,WH-A,2024,4,14,2,243.0,-0.091,0,0
2024-04-14,SKU041,Home,221,392.33,86704.93,411,0,WH-B,2024,4,15,2,239.2,-0.076,0,0
2024-04-21,SKU041,Home,236,119.91,28298.76,294,0,WH-B,2024,4,16,2,232.2,0.016,0,0
2024-04-28,SKU041,Home,204,295.84,60351.36,327,1,WH-A,2024,4,17,2,220.5,-0.075,0,204
2024-05-05,SKU041,Home,179,230.685,41292.62,382,0,WH-C,2024,5,18,2,210.0,-0.148,0,0
2024-05-12,SKU041,Home,137,169.85,23269.45,43,0,WH-A,2024,5,19,2,189.0,-0.275,1,0
2024-05-19,SKU041,Home,190,464.95,88340.5,537,0,WH-A,2024,5,20,2,177.5,0.07,0,0
2024-05-26,SKU041,Home,190,279.84,53169.6,34,0,WH-B,2024,5,21,2,174.0,0.092,1,0
2024-06-02,SKU041,Home,177,65.37,11570.49,405,0,WH-A,2024,6,22,2,173.5,0.02,0,0
2024-06-09,SKU041,Home,209,50.66,10587.94,888,0,WH-B,2024,6,23,2,191.5,0.091,0,0
2024-06-16,SKU041,Home,161,230.685,37140.29,896,0,WH-C,2024,6,24,2,184.2,-0.126,0,0
2024-06-23,SKU041,Home,189,257.43,48654.27,753,0,WH-A,2024,6,25,2,184.0,0.027,0,0
2024-06-30,SKU041,Home,195,273.13,53260.35,140,0,WH-B,2024,6,26,2,188.5,0.034,0,0
2024-07-07,SKU041,Home,189,131.57,24866.73,822,0,WH-C,2024,7,27,3,183.5,0.03,0,0
2024-07-14,SKU041,Home,212,337.11,71467.32,481,1,WH-A,2024,7,28,3,196.2,0.081,0,212
2024-07-21,SKU041,Home,135,431.46,58247.1,320,0,WH-B,2024,7,29,3,182.8,-0.261,0,0
2024-07-28,SKU041,Home,154,384.83,59263.82,388,0,WH-A,2024,7,30,3,172.5,-0.107,0,0
2024-08-04,SKU041,Home,163,336.99,54929.37,799,0,WH-C,2024,8,31,3,166.0,-0.018,0,0
2024-08-11,SKU041,Home,187,59.95,11210.65,626,0,WH-A,2024,8,32,3,159.8,0.17,0,0
2024-08-18,SKU041,Home,157,66.72,10475.04,180,0,WH-C,2024,8,33,3,165.2,-0.05,0,0
2024-08-25,SKU041,Home,127,276.49,35114.23,123,0,WH-C,2024,8,34,3,158.5,-0.199,0,0
2024-09-01,SKU041,Home,163,322.25,52526.75,547,0,WH-B,2024,9,35,3,158.5,0.028,0,0
2024-09-08,SKU041,Home,149,364.75,54347.75,417,0,WH-A,2024,9,36,3,149.0,0.0,0,0
2024-09-15,SKU041,Home,138,332.2,45843.6,635,0,WH-B,2024,9,37,3,144.2,-0.043,0,0
2024-09-22,SKU041,Home,116,407.56,47276.96,769,0,WH-B,2024,9,38,3,141.5,-0.18,0,0
2024-09-29,SKU041,Home,149,417.65,62229.85,223,0,WH-C,2024,9,39,3,138.0,0.08,0,0
2024-10-06,SKU041,Home,163,42.46,6920.98,150,0,WH-A,2024,10,40,4,141.5,0.152,0,0
2024-10-13,SKU041,Home,115,493.92,56800.8,627,0,WH-C,2024,10,41,4,135.8,-0.153,0,0
2024-10-20,SKU041,Home,83,287.76,23884.08,344,0,WH-B,2024,10,42,4,127.5,-0.349,0,0
2024-10-27,SKU041,Home,100,389.36,38936.0,362,0,WH-C,2024,10,43,4,115.2,-0.132,0,0
2024-11-03,SKU041,Home,77,89.25,6872.25,460,0,WH-C,2024,11,44,4,93.8,-0.179,0,0
2024-11-10,SKU041,Home,126,179.84,22659.84,899,0,WH-B,2024,11,45,4,96.5,0.306,0,0
2024-11-17,SKU041,Home,108,26.94,2909.52,728,0,WH-B,2024,11,46,4,102.8,0.051,0,0
2024-11-24,SKU041,Home,128,83.16,10644.48,591,1,WH-C,2024,11,47,4,109.8,0.166,0,128
2024-12-01,SKU041,Home,105,230.685,24221.92,778,0,WH-C,2024,12,48,4,116.8,-0.101,0,0
2024-12-08,SKU041,Home,135,444.74,60039.9,950,0,WH-B,2024,12,49,4,119.0,0.134,0,0
2024-12-15,SKU041,Home,145,168.47,24428.15,497,0,WH-B,2024,12,50,4,128.2,0.131,0,0
2024-12-22,SKU041,Home,212,104.45,22143.4,93,0,WH-C,2024,12,51,4,149.2,0.421,0,0
2024-12-29,SKU041,Home,186,430.32,80039.52,412,0,WH-B,2024,12,52,4,169.5,0.097,0,0
2022-01-02,SKU042,Home,89,442.16,39352.24,105,1,WH-C,2022,1,52,1,89.0,0.0,0,89
2022-01-09,SKU042,Home,71,306.37,21752.27,840,0,WH-C,2022,1,1,1,80.0,-0.112,0,0
2022-01-16,SKU042,Home,97,458.12,44437.64,563,1,WH-A,2022,1,2,1,85.7,0.132,0,97
2022-01-23,SKU042,Home,72,481.64,34678.08,368,0,WH-A,2022,1,3,1,82.2,-0.124,0,0
2022-01-30,SKU042,Home,96,135.51,13008.96,911,0,WH-B,2022,1,4,1,84.0,0.143,0,0
2022-02-06,SKU042,Home,89,371.02,33020.78,981,0,WH-B,2022,2,5,1,88.5,0.006,0,0
2022-02-13,SKU042,Home,104,458.08,47640.32,837,0,WH-B,2022,2,6,1,90.2,0.153,0,0
2022-02-20,SKU042,Home,126,168.96,21288.96,537,0,WH-C,2022,2,7,1,103.8,0.214,0,0
2022-02-27,SKU042,Home,133,291.35,38749.55,505,0,WH-B,2022,2,8,1,113.0,0.177,0,0
2022-03-06,SKU042,Home,88,191.71,16870.48,651,0,WH-C,2022,3,9,1,112.8,-0.22,0,0
2022-03-13,SKU042,Home,145,120.62,17489.9,299,1,WH-C,2022,3,10,1,123.0,0.179,0,145
2022-03-20,SKU042,Home,122,490.03,59783.66,485,0,WH-C,2022,3,11,1,122.0,0.0,0,0
2022-03-27,SKU042,Home,104,72.85,7576.4,551,1,WH-C,2022,3,12,1,114.8,-0.094,0,104
2022-04-03,SKU042,Home,146,446.83,65237.18,867,0,WH-A,2022,4,13,2,129.2,0.13,0,0
2022-04-10,SKU042,Home,139,410.67,57083.13,826,0,WH-C,2022,4,14,2,127.8,0.088,0,0
2022-04-17,SKU042,Home,122,310.55,37887.1,42,1,WH-B,2022,4,15,2,127.8,-0.045,1,122
2022-04-24,SKU042,Home,132,118.06,15583.92,558,0,WH-B,2022,4,16,2,134.8,-0.021,0,0
2022-05-01,SKU042,Home,98,491.63,48179.74,24,0,WH-B,2022,5,17,2,122.8,-0.202,1,0
2022-05-08,SKU042,Home,105,452.75,47538.75,157,0,WH-C,2022,5,18,2,114.2,-0.081,0,0
2022-05-15,SKU042,Home,91,58.49,5322.59,628,0,WH-A,2022,5,19,2,106.5,-0.146,0,0
2022-05-22,SKU042,Home,90,67.27,6054.3,943,0,WH-A,2022,5,20,2,96.0,-0.062,0,0
2022-05-29,SKU042,Home,78,372.86,29083.08,899,0,WH-A,2022,5,21,2,91.0,-0.143,0,0
2022-06-05,SKU042,Home,60,195.41,11724.6,612,0,WH-B,2022,6,22,2,79.8,-0.248,0,0
2022-06-12,SKU042,Home,71,400.41,28429.11,471,0,WH-C,2022,6,23,2,74.8,-0.051,0,0
2022-06-19,SKU042,Home,94,400.91,37685.54,264,0,WH-B,2022,6,24,2,75.8,0.24,0,0
2022-06-26,SKU042,Home,80,45.29,3623.2,599,0,WH-C,2022,6,25,2,76.2,0.05,0,0
2022-07-03,SKU042,Home,106,125.41,13293.46,93,0,WH-B,2022,7,26,3,87.8,0.207,0,0
2022-07-10,SKU042,Home,85,473.37,40236.45,392,1,WH-A,2022,7,27,3,91.2,-0.068,0,85
2022-07-17,SKU042,Home,93,458.7,42659.1,858,0,WH-A,2022,7,28,3,91.0,0.022,0,0
2022-07-24,SKU042,Home,68,464.09,31558.12,961,0,WH-C,2022,7,29,3,88.0,-0.227,0,0
2022-07-31,SKU042,Home,90,136.14,12252.6,590,1,WH-C,2022,7,30,3,84.0,0.071,0,90
2022-08-07,SKU042,Home,112,105.99,11870.88,925,0,WH-C,2022,8,31,3,90.8,0.233,0,0
2022-08-14,SKU042,Home,90,350.3,31527.0,876,0,WH-A,2022,8,32,3,90.0,0.0,0,0
2022-08-21,SKU042,Home,85,226.31,19236.35,488,0,WH-B,2022,8,33,3,94.2,-0.098,0,0
2022-08-28,SKU042,Home,120,436.64,52396.8,767,0,WH-B,2022,8,34,3,101.8,0.179,0,0
2022-09-04,SKU042,Home,96,324.01,31104.96,328,0,WH-C,2022,9,35,3,97.8,-0.018,0,0
2022-09-11,SKU042,Home,105,432.96,45460.8,518,0,WH-A,2022,9,36,3,101.5,0.034,0,0
2022-09-18,SKU042,Home,72,455.67,32808.24,651,0,WH-B,2022,9,37,3,98.2,-0.267,0,0
2022-09-25,SKU042,Home,65,135.23,8789.95,194,0,WH-B,2022,9,38,3,84.5,-0.231,0,0
2022-10-02,SKU042,Home,53,283.36,15018.08,232,0,WH-C,2022,10,39,4,73.8,-0.282,0,0
2022-10-09,SKU042,Home,73,203.26,14837.98,519,0,WH-A,2022,10,40,4,65.8,0.109,0,0
2022-10-16,SKU042,Home,48,475.33,22815.84,453,0,WH-C,2022,10,41,4,59.8,-0.197,0,0
2022-10-23,SKU042,Home,72,451.78,32528.16,144,0,WH-A,2022,10,42,4,61.5,0.171,0,0
2022-10-30,SKU042,Home,74,352.52,26086.48,983,0,WH-A,2022,10,43,4,66.8,0.108,0,0
2022-11-06,SKU042,Home,44,286.51,12606.44,942,0,WH-C,2022,11,44,4,59.5,-0.261,0,0
2022-11-13,SKU042,Home,6,33.02,198.12,94,0,WH-A,2022,11,45,4,49.0,-0.878,0,0
2022-11-20,SKU042,Home,65,483.4,31421.0,575,0,WH-C,2022,11,46,4,47.2,0.377,0,0
2022-11-27,SKU042,Home,76,396.17,30108.92,706,0,WH-B,2022,11,47,4,47.8,0.59,0,0
2022-12-04,SKU042,Home,69,94.72,6535.68,944,0,WH-B,2022,12,48,4,54.0,0.278,0,0
2022-12-11,SKU042,Home,37,392.9,14537.3,244,1,WH-C,2022,12,49,4,61.8,-0.401,0,37
2022-12-18,SKU042,Home,64,86.1,5510.4,996,0,WH-B,2022,12,50,4,61.5,0.041,0,0
2022-12-25,SKU042,Home,54,165.65,8945.1,717,0,WH-C,2022,12,51,4,56.0,-0.036,0,0
2023-01-01,SKU042,Home,81,483.82,39189.42,468,0,WH-A,2023,1,52,1,59.0,0.373,0,0
2023-01-08,SKU042,Home,91,174.65,15893.15,628,0,WH-A,2023,1,1,1,72.5,0.255,0,0
2023-01-15,SKU042,Home,93,184.57,17165.01,22,0,WH-A,2023,1,2,1,79.8,0.165,1,0
2023-01-22,SKU042,Home,94,91.08,8561.52,605,0,WH-C,2023,1,3,1,89.8,0.047,0,0
2023-01-29,SKU042,Home,77,126.71,9756.67,905,0,WH-A,2023,1,4,1,88.8,-0.133,0,0
2023-02-05,SKU042,Home,121,131.29,15886.09,791,0,WH-C,2023,2,5,1,96.2,0.258,0,0
2023-02-12,SKU042,Home,141,97.5,13747.5,507,1,WH-C,2023,2,6,1,108.2,0.303,0,141
2023-02-19,SKU042,Home,123,450.73,55439.79,757,0,WH-B,2023,2,7,1,115.5,0.065,0,0
2023-02-26,SKU042,Home,90,10.34,930.6,278,0,WH-C,2023,2,8,1,118.8,-0.242,0,0
2023-03-05,SKU042,Home,118,470.18,55481.24,534,0,WH-A,2023,3,9,1,118.0,0.0,0,0
2023-03-12,SKU042,Home,95,93.47,8879.65,491,1,WH-C,2023,3,10,1,106.5,-0.108,0,95
2023-03-19,SKU042,Home,102,252.01,25705.02,592,0,WH-C,2023,3,11,1,101.2,0.008,0,0
2023-03-26,SKU042,Home,120,115.72,13886.4,572,0,WH-B,2023,3,12,1,108.8,0.103,0,0
2023-04-02,SKU042,Home,79,298.21,23558.59,829,0,WH-A,2023,4,13,2,99.0,-0.202,0,0
2023-04-09,SKU042,Home,119,71.46,8503.74,111,0,WH-B,2023,4,14,2,105.0,0.133,0,0
2023-04-16,SKU042,Home,85,496.44,42197.4,276,0,WH-C,2023,4,15,2,100.8,-0.157,0,0
2023-04-23,SKU042,Home,69,83.56,5765.64,485,0,WH-C,2023,4,16,2,88.0,-0.216,0,0
2023-04-30,SKU042,Home,95,340.77,32373.15,513,1,WH-C,2023,4,17,2,92.0,0.033,0,95
2023-05-07,SKU042,Home,101,19.42,1961.42,22,0,WH-A,2023,5,18,2,87.5,0.154,1,0
2023-05-14,SKU042,Home,58,37.35,2166.3,567,0,WH-C,2023,5,19,2,80.8,-0.282,0,0
2023-05-21,SKU042,Home,77,360.11,27728.47,496,0,WH-C,2023,5,20,2,82.8,-0.07,0,0
2023-05-28,SKU042,Home,102,445.87,45478.74,90,0,WH-A,2023,5,21,2,84.5,0.207,0,0
2023-06-04,SKU042,Home,119,281.94,33550.86,630,0,WH-A,2023,6,22,2,89.0,0.337,0,0
2023-06-11,SKU042,Home,90,315.99,28439.1,179,0,WH-C,2023,6,23,2,97.0,-0.072,0,0
2023-06-18,SKU042,Home,71,78.76,5591.96,933,0,WH-C,2023,6,24,2,95.5,-0.257,0,0
2023-06-25,SKU042,Home,60,239.55,14373.0,498,0,WH-A,2023,6,25,2,85.0,-0.294,0,0
2023-07-02,SKU042,Home,83,262.42,21780.86,694,0,WH-A,2023,7,26,3,76.0,0.092,0,0
2023-07-09,SKU042,Home,106,316.09,33505.54,27,0,WH-C,2023,7,27,3,80.0,0.325,1,0
2023-07-16,SKU042,Home,101,451.5,45601.5,812,1,WH-A,2023,7,28,3,87.5,0.154,0,101
2023-07-23,SKU042,Home,90,447.78,40300.2,42,0,WH-B,2023,7,29,3,95.0,-0.053,1,0
2023-07-30,SKU042,Home,100,13.9,1390.0,360,0,WH-A,2023,7,30,3,99.2,0.008,0,0
2023-08-06,SKU042,Home,102,118.24,12060.48,921,0,WH-A,2023,8,31,3,98.2,0.039,0,0
2023-08-13,SKU042,Home,90,154.46,13901.4,654,1,WH-C,2023,8,32,3,95.5,-0.058,0,90
2023-08-20,SKU042,Home,60,313.88,18832.8,711,0,WH-C,2023,8,33,3,88.0,-0.318,0,0
2023-08-27,SKU042,Home,115,460.1,52911.5,189,0,WH-A,2023,8,34,3,91.8,0.253,0,0
2023-09-03,SKU042,Home,81,321.1,26009.1,961,0,WH-B,2023,9,35,3,86.5,-0.064,0,0
2023-09-10,SKU042,Home,69,36.81,2539.89,67,0,WH-A,2023,9,36,3,81.2,-0.15,0,0
2023-09-17,SKU042,Home,82,495.45,40626.9,722,0,WH-A,2023,9,37,3,86.8,-0.055,0,0
2023-09-24,SKU042,Home,75,431.13,32334.75,575,0,WH-B,2023,9,38,3,76.8,-0.023,0,0
2023-10-01,SKU042,Home,39,101.07,3941.73,612,1,WH-A,2023,10,39,4,66.2,-0.411,0,39
2023-10-08,SKU042,Home,37,158.77,5874.49,561,0,WH-C,2023,10,40,4,58.2,-0.364,0,0
2023-10-15,SKU042,Home,49,281.94,13815.06,375,0,WH-C,2023,10,41,4,50.0,-0.02,0,0
2023-10-22,SKU042,Home,18,363.13,6536.34,561,0,WH-C,2023,10,42,4,35.8,-0.497,0,0
2023-10-29,SKU042,Home,8,193.15,1545.2,868,0,WH-C,2023,10,43,4,28.0,-0.714,0,0
2023-11-05,SKU042,Home,66,75.56,4986.96,30,1,WH-C,2023,11,44,4,35.2,0.875,1,66
2023-11-12,SKU042,Home,77,173.27,13341.79,446,0,WH-A,2023,11,45,4,42.2,0.825,0,0
2023-11-19,SKU042,Home,18,288.56,5194.08,38,0,WH-A,2023,11,46,4,42.2,-0.573,1,0
2023-11-26,SKU042,Home,101,288.57,29145.57,560,0,WH-B,2023,11,47,4,65.5,0.542,0,0
2023-12-03,SKU042,Home,77,281.94,21709.38,216,0,WH-B,2023,12,48,4,68.2,0.129,0,0
2023-12-10,SKU042,Home,67,478.48,32058.16,550,0,WH-B,2023,12,49,4,65.8,0.018,0,0
2023-12-17,SKU042,Home,122,40.46,4936.12,235,0,WH-B,2023,12,50,4,91.8,0.329,0,0
2023-12-24,SKU042,Home,71,38.06,2702.26,265,0,WH-A,2023,12,51,4,84.2,-0.157,0,0
2023-12-31,SKU042,Home,97,384.81,37326.57,517,0,WH-A,2023,12,52,4,89.2,0.087,0,0
2024-01-07,SKU042,Home,92,94.1,8657.2,919,0,WH-A,2024,1,1,1,95.5,-0.037,0,0
2024-01-14,SKU042,Home,111,248.18,27547.98,193,0,WH-A,2024,1,2,1,92.8,0.196,0,0
2024-01-21,SKU042,Home,103,187.71,19334.13,366,0,WH-B,2024,1,3,1,100.8,0.022,0,0
2024-01-28,SKU042,Home,119,42.54,5062.26,741,0,WH-C,2024,1,4,1,106.2,0.121,0,0
2024-02-04,SKU042,Home,121,97.54,11802.34,743,0,WH-C,2024,2,5,1,113.5,0.066,0,0
2024-02-11,SKU042,Home,141,479.02,67541.82,220,0,WH-A,2024,2,6,1,121.0,0.165,0,0
2024-02-18,SKU042,Home,141,267.97,37783.77,631,0,WH-C,2024,2,7,1,130.5,0.08,0,0
2024-02-25,SKU042,Home,136,241.35,32823.6,942,0,WH-A,2024,2,8,1,134.8,0.009,0,0
2024-03-03,SKU042,Home,115,173.18,19915.7,196,0,WH-C,2024,3,9,1,133.2,-0.137,0,0
2024-03-10,SKU042,Home,132,413.33,54559.56,291,0,WH-C,2024,3,10,1,131.0,0.008,0,0
2024-03-17,SKU042,Home,91,322.7,29365.7,891,0,WH-B,2024,3,11,1,118.5,-0.232,0,0
2024-03-24,SKU042,Home,110,148.92,16381.2,82,0,WH-A,2024,3,12,1,112.0,-0.018,0,0
2024-03-31,SKU042,Home,115,311.26,35794.9,483,0,WH-B,2024,3,13,1,112.0,0.027,0,0
2024-04-07,SKU042,Home,118,40.29,4754.22,87,0,WH-A,2024,4,14,2,108.5,0.088,0,0
2024-04-14,SKU042,Home,121,281.94,34114.74,538,0,WH-B,2024,4,15,2,116.0,0.043,0,0
2024-04-21,SKU042,Home,139,172.85,24026.15,155,0,WH-A,2024,4,16,2,123.2,0.128,0,0
2024-04-28,SKU042,Home,94,55.85,5249.9,697,0,WH-C,2024,4,17,2,118.0,-0.203,0,0
2024-05-05,SKU042,Home,87,396.6,34504.2,80,0,WH-C,2024,5,18,2,110.2,-0.211,0,0
2024-05-12,SKU042,Home,120,430.78,51693.6,13,0,WH-B,2024,5,19,2,110.0,0.091,1,0
2024-05-19,SKU042,Home,76,453.86,34493.36,475,0,WH-A,2024,5,20,2,94.2,-0.193,0,0
2024-05-26,SKU042,Home,82,134.36,11017.52,258,0,WH-B,2024,5,21,2,91.2,-0.101,0,0
2024-06-02,SKU042,Home,70,390.51,27335.7,708,0,WH-C,2024,6,22,2,87.0,-0.195,0,0
2024-06-09,SKU042,Home,69,121.77,8402.13,280,0,WH-A,2024,6,23,2,74.2,-0.07,0,0
2024-06-16,SKU042,Home,90,481.69,43352.1,821,0,WH-B,2024,6,24,2,77.8,0.157,0,0
2024-06-23,SKU042,Home,37,281.94,10431.78,871,0,WH-A,2024,6,25,2,66.5,-0.444,0,0
2024-06-30,SKU042,Home,113,69.24,7824.12,176,0,WH-B,2024,6,26,2,77.2,0.464,0,0
2024-07-07,SKU042,Home,76,357.54,27173.04,343,0,WH-A,2024,7,27,3,79.0,-0.038,0,0
2024-07-14,SKU042,Home,84,486.84,40894.56,654,0,WH-B,2024,7,28,3,77.5,0.084,0,0
2024-07-21,SKU042,Home,90,424.12,38170.8,136,0,WH-B,2024,7,29,3,90.8,-0.009,0,0
2024-07-28,SKU042,Home,70,116.66,8166.2,932,0,WH-A,2024,7,30,3,80.0,-0.125,0,0
2024-08-04,SKU042,Home,90,77.71,6993.9,599,0,WH-B,2024,8,31,3,83.5,0.078,0,0
2024-08-11,SKU042,Home,111,292.01,32413.11,472,0,WH-B,2024,8,32,3,90.2,0.231,0,0
2024-08-18,SKU042,Home,95,302.09,28698.55,750,0,WH-A,2024,8,33,3,91.5,0.038,0,0
2024-08-25,SKU042,Home,81,150.12,12159.72,265,0,WH-C,2024,8,34,3,94.2,-0.14,0,0
2024-09-01,SKU042,Home,69,189.21,13055.49,236,0,WH-A,2024,9,35,3,89.0,-0.225,0,0
2024-09-08,SKU042,Home,99,417.73,41355.27,582,0,WH-B,2024,9,36,3,86.0,0.151,0,0
2024-09-15,SKU042,Home,90,40.39,3635.1,47,0,WH-B,2024,9,37,3,84.8,0.061,1,0
2024-09-22,SKU042,Home,64,125.18,8011.52,866,0,WH-C,2024,9,38,3,80.5,-0.205,0,0
2024-09-29,SKU042,Home,71,493.45,35034.95,754,0,WH-C,2024,9,39,3,81.0,-0.123,0,0
2024-10-06,SKU042,Home,65,179.54,11670.1,731,0,WH-A,2024,10,40,4,72.5,-0.103,0,0
2024-10-13,SKU042,Home,64,460.11,29447.04,415,0,WH-C,2024,10,41,4,66.0,-0.03,0,0
2024-10-20,SKU042,Home,58,70.07,4064.06,353,0,WH-C,2024,10,42,4,64.5,-0.101,0,0
2024-10-27,SKU042,Home,37,321.66,11901.42,193,0,WH-B,2024,10,43,4,56.0,-0.339,0,0
2024-11-03,SKU042,Home,93,471.36,43836.48,973,1,WH-A,2024,11,44,4,63.0,0.476,0,93
2024-11-10,SKU042,Home,94,323.43,30402.42,713,0,WH-B,2024,11,45,4,70.5,0.333,0,0
2024-11-17,SKU042,Home,34,147.84,5026.56,578,0,WH-A,2024,11,46,4,64.5,-0.473,0,0
2024-11-24,SKU042,Home,35,198.39,6943.65,942,0,WH-C,2024,11,47,4,64.0,-0.453,0,0
2024-12-01,SKU042,Home,48,189.67,9104.16,897,0,WH-C,2024,12,48,4,52.8,-0.091,0,0
2024-12-08,SKU042,Home,111,463.06,51399.66,411,0,WH-B,2024,12,49,4,57.0,0.947,0,0
2024-12-15,SKU042,Home,94,262.33,24659.02,817,0,WH-B,2024,12,50,4,72.0,0.306,0,0
2024-12-22,SKU042,Home,97,222.25,21558.25,474,0,WH-B,2024,12,51,4,87.5,0.109,0,0
2024-12-29,SKU042,Home,91,353.49,32167.59,576,0,WH-B,2024,12,52,4,98.2,-0.073,0,0
2022-01-02,SKU043,Home,381,369.15,140646.15,32,0,WH-C,2022,1,52,1,381.0,0.0,1,0
2022-01-09,SKU043,Home,411,168.95,69438.45,199,0,WH-B,2022,1,1,1,396.0,0.038,0,0
2022-01-16,SKU043,Home,425,366.32,155686.0,275,0,WH-C,2022,1,2,1,405.7,0.048,0,0
2022-01-23,SKU043,Home,514,107.82,55419.48,309,0,WH-A,2022,1,3,1,432.8,0.188,0,0
2022-01-30,SKU043,Home,495,137.45,68037.75,995,0,WH-A,2022,1,4,1,461.2,0.073,0,0
2022-02-06,SKU043,Home,519,449.67,233378.73,952,0,WH-C,2022,2,5,1,488.2,0.063,0,0
2022-02-13,SKU043,Home,525,356.92,187383.0,589,0,WH-B,2022,2,6,1,513.2,0.023,0,0
2022-02-20,SKU043,Home,564,150.48,84870.72,203,1,WH-C,2022,2,7,1,525.8,0.073,0,564
2022-02-27,SKU043,Home,521,141.29,73612.09,56,0,WH-C,2022,2,8,1,532.2,-0.021,0,0
2022-03-06,SKU043,Home,547,42.97,23504.59,778,0,WH-C,2022,3,9,1,539.2,0.014,0,0
2022-03-13,SKU043,Home,565,429.16,242475.4,483,1,WH-B,2022,3,10,1,549.2,0.029,0,565
2022-03-20,SKU043,Home,517,89.43,46235.31,871,0,WH-A,2022,3,11,1,537.5,-0.038,0,0
2022-03-27,SKU043,Home,516,286.24,147699.84,477,0,WH-B,2022,3,12,1,536.2,-0.038,0,0
2022-04-03,SKU043,Home,501,291.26,145921.26,777,0,WH-A,2022,4,13,2,524.8,-0.045,0,0
2022-04-10,SKU043,Home,481,129.56,62318.36,513,0,WH-C,2022,4,14,2,503.8,-0.045,0,0
2022-04-17,SKU043,Home,477,351.35,167593.95,843,1,WH-C,2022,4,15,2,493.8,-0.034,0,477
2022-04-24,SKU043,Home,439,95.18,41784.02,262,1,WH-C,2022,4,16,2,474.5,-0.075,0,439
2022-05-01,SKU043,Home,439,339.27,148939.53,469,0,WH-A,2022,5,17,2,459.0,-0.044,0,0
2022-05-08,SKU043,Home,369,336.2,124057.8,20,0,WH-B,2022,5,18,2,431.0,-0.144,1,0
2022-05-15,SKU043,Home,394,168.49,66385.06,714,0,WH-A,2022,5,19,2,410.2,-0.039,0,0
2022-05-22,SKU043,Home,389,290.83,113132.87,616,0,WH-B,2022,5,20,2,397.8,-0.022,0,0
2022-05-29,SKU043,Home,395,36.72,14504.4,898,0,WH-A,2022,5,21,2,386.8,0.021,0,0
2022-06-05,SKU043,Home,404,36.4,14705.6,711,0,WH-B,2022,6,22,2,395.5,0.021,0,0
2022-06-12,SKU043,Home,377,166.5,62770.5,713,0,WH-C,2022,6,23,2,391.2,-0.036,0,0
2022-06-19,SKU043,Home,385,421.19,162158.15,73,1,WH-B,2022,6,24,2,390.2,-0.013,0,385
2022-06-26,SKU043,Home,348,10.87,3782.76,592,0,WH-B,2022,6,25,2,378.5,-0.081,0,0
2022-07-03,SKU043,Home,365,109.56,39989.4,653,0,WH-B,2022,7,26,3,368.8,-0.01,0,0
2022-07-10,SKU043,Home,381,420.73,160298.13,351,0,WH-C,2022,7,27,3,369.8,0.03,0,0
2022-07-17,SKU043,Home,374,160.48,60019.52,306,0,WH-A,2022,7,28,3,367.0,0.019,0,0
2022-07-24,SKU043,Home,381,29.58,11269.98,200,0,WH-C,2022,7,29,3,375.2,0.015,0,0
2022-07-31,SKU043,Home,356,181.76,64706.56,737,0,WH-C,2022,7,30,3,373.0,-0.046,0,0
2022-08-07,SKU043,Home,411,464.9,191073.9,877,1,WH-C,2022,8,31,3,380.5,0.08,0,411
2022-08-14,SKU043,Home,376,462.67,173963.92,460,0,WH-B,2022,8,32,3,381.0,-0.013,0,0
2022-08-21,SKU043,Home,350,307.24,107534.0,50,1,WH-B,2022,8,33,3,373.2,-0.062,0,350
2022-08-28,SKU043,Home,380,431.77,164072.6,793,0,WH-A,2022,8,34,3,379.2,0.002,0,0
2022-09-04,SKU043,Home,378,108.58,41043.24,530,0,WH-C,2022,9,35,3,371.0,0.019,0,0
2022-09-11,SKU043,Home,320,405.67,129814.4,365,1,WH-A,2022,9,36,3,357.0,-0.104,0,320
2022-09-18,SKU043,Home,299,222.27,66458.73,398,1,WH-C,2022,9,37,3,344.2,-0.131,0,299
2022-09-25,SKU043,Home,324,465.7,150886.8,874,0,WH-B,2022,9,38,3,330.2,-0.019,0,0
2022-10-02,SKU043,Home,291,228.51,66496.41,937,0,WH-A,2022,10,39,4,308.5,-0.057,0,0
2022-10-09,SKU043,Home,271,344.45,93345.95,6,0,WH-A,2022,10,40,4,296.2,-0.085,1,0
2022-10-16,SKU043,Home,220,346.89,76315.8,583,0,WH-C,2022,10,41,4,276.5,-0.204,0,0
2022-10-23,SKU043,Home,241,476.94,114942.54,883,0,WH-B,2022,10,42,4,255.8,-0.058,0,0
2022-10-30,SKU043,Home,195,298.28,58164.6,76,0,WH-B,2022,10,43,4,231.8,-0.159,0,0
2022-11-06,SKU043,Home,179,206.53,36968.87,564,0,WH-A,2022,11,44,4,208.8,-0.143,0,0
2022-11-13,SKU043,Home,211,273.04,57611.44,509,1,WH-B,2022,11,45,4,206.5,0.022,0,211
2022-11-20,SKU043,Home,203,469.07,95221.21,848,0,WH-A,2022,11,46,4,197.0,0.03,0,0
2022-11-27,SKU043,Home,218,416.09,90707.62,919,0,WH-A,2022,11,47,4,202.8,0.075,0,0
2022-12-04,SKU043,Home,246,217.73,53561.58,692,0,WH-B,2022,12,48,4,219.5,0.121,0,0
2022-12-11,SKU043,Home,304,265.55,80727.2,17,1,WH-B,2022,12,49,4,242.8,0.252,1,304
2022-12-18,SKU043,Home,322,50.44,16241.68,273,0,WH-C,2022,12,50,4,272.5,0.182,0,0
2022-12-25,SKU043,Home,314,341.2,107136.8,249,0,WH-A,2022,12,51,4,296.5,0.059,0,0
2023-01-01,SKU043,Home,351,331.47,116345.97,279,0,WH-A,2023,1,52,1,322.8,0.087,0,0
2023-01-08,SKU043,Home,403,96.41,38853.23,593,0,WH-B,2023,1,1,1,347.5,0.16,0,0
2023-01-15,SKU043,Home,452,125.22,56599.44,476,0,WH-B,2023,1,2,1,380.0,0.189,0,0
2023-01-22,SKU043,Home,456,222.36,101396.16,119,0,WH-A,2023,1,3,1,415.5,0.097,0,0
2023-01-29,SKU043,Home,490,144.58,70844.2,328,0,WH-C,2023,1,4,1,450.2,0.088,0,0
2023-02-05,SKU043,Home,507,321.89,163198.23,940,0,WH-A,2023,2,5,1,476.2,0.065,0,0
2023-02-12,SKU043,Home,365,316.4,115486.0,647,1,WH-B,2023,2,6,1,454.5,-0.197,0,365
2023-02-19,SKU043,Home,556,347.76,193354.56,711,0,WH-B,2023,2,7,1,479.5,0.16,0,0
2023-02-26,SKU043,Home,502,286.01,143577.02,552,1,WH-B,2023,2,8,1,482.5,0.04,0,502
2023-03-05,SKU043,Home,532,77.95,41469.4,872,0,WH-C,2023,3,9,1,488.8,0.088,0,0
2023-03-12,SKU043,Home,365,264.2,96433.0,658,0,WH-C,2023,3,10,1,488.8,-0.253,0,0
2023-03-19,SKU043,Home,510,129.25,65917.5,100,0,WH-C,2023,3,11,1,477.2,0.069,0,0
2023-03-26,SKU043,Home,540,110.86,59864.4,637,0,WH-B,2023,3,12,1,486.8,0.109,0,0
2023-04-02,SKU043,Home,477,208.0,99216.0,918,0,WH-C,2023,4,13,2,473.0,0.008,0,0
2023-04-09,SKU043,Home,468,63.84,29877.12,346,0,WH-C,2023,4,14,2,498.8,-0.062,0,0
2023-04-16,SKU043,Home,437,319.8,139752.6,228,1,WH-A,2023,4,15,2,480.5,-0.091,0,437
2023-04-23,SKU043,Home,429,53.0,22737.0,733,1,WH-A,2023,4,16,2,452.8,-0.053,0,429
2023-04-30,SKU043,Home,391,237.45,92842.95,204,1,WH-C,2023,4,17,2,431.2,-0.093,0,391
2023-05-07,SKU043,Home,400,256.38,102552.0,17,1,WH-C,2023,5,18,2,414.2,-0.034,1,400
2023-05-14,SKU043,Home,413,139.68,57687.84,11,1,WH-A,2023,5,19,2,408.2,0.012,1,413
2023-05-21,SKU043,Home,363,449.55,163186.65,72,0,WH-A,2023,5,20,2,391.8,-0.074,0,0
2023-05-28,SKU043,Home,357,472.4,168646.8,799,0,WH-A,2023,5,21,2,383.2,-0.068,0,0
2023-06-04,SKU043,Home,359,129.49,46486.91,828,0,WH-C,2023,6,22,2,373.0,-0.038,0,0
2023-06-11,SKU043,Home,357,322.09,114986.13,575,0,WH-A,2023,6,23,2,359.0,-0.006,0,0
2023-06-18,SKU043,Home,352,273.16,96152.32,512,0,WH-A,2023,6,24,2,356.2,-0.012,0,0
2023-06-25,SKU043,Home,351,85.63,30056.13,400,0,WH-B,2023,6,25,2,354.8,-0.011,0,0
2023-07-02,SKU043,Home,346,116.61,40347.06,725,0,WH-C,2023,7,26,3,351.5,-0.016,0,0
2023-07-09,SKU043,Home,396,70.63,27969.48,554,0,WH-C,2023,7,27,3,361.2,0.096,0,0
2023-07-16,SKU043,Home,358,19.82,7095.56,529,1,WH-A,2023,7,28,3,362.8,-0.013,0,358
2023-07-23,SKU043,Home,376,67.45,25361.2,608,0,WH-B,2023,7,29,3,369.0,0.019,0,0
2023-07-30,SKU043,Home,365,475.65,173612.25,479,0,WH-A,2023,7,30,3,373.8,-0.024,0,0
2023-08-06,SKU043,Home,343,129.02,44253.86,844,0,WH-B,2023,8,31,3,360.5,-0.049,0,0
2023-08-13,SKU043,Home,386,477.53,184326.58,793,0,WH-B,2023,8,32,3,367.5,0.05,0,0
2023-08-20,SKU043,Home,348,18.67,6497.16,820,0,WH-A,2023,8,33,3,360.5,-0.035,0,0
2023-08-27,SKU043,Home,309,464.65,143576.85,995,0,WH-A,2023,8,34,3,346.5,-0.108,0,0
2023-09-03,SKU043,Home,328,256.34,84079.52,280,0,WH-A,2023,9,35,3,342.8,-0.043,0,0
2023-09-10,SKU043,Home,302,237.65,71770.3,127,0,WH-B,2023,9,36,3,321.8,-0.062,0,0
2023-09-17,SKU043,Home,307,429.28,131788.96,983,0,WH-A,2023,9,37,3,311.5,-0.014,0,0
2023-09-24,SKU043,Home,278,365.03,101478.34,926,0,WH-A,2023,9,38,3,303.8,-0.085,0,0
2023-10-01,SKU043,Home,290,250.5,72645.0,214,0,WH-A,2023,10,39,4,294.2,-0.014,0,0
2023-10-08,SKU043,Home,237,291.76,69147.12,294,0,WH-C,2023,10,40,4,278.0,-0.147,0,0
2023-10-15,SKU043,Home,202,233.74,47215.48,15,0,WH-A,2023,10,41,4,251.8,-0.198,1,0
2023-10-22,SKU043,Home,365,130.41,47599.65,978,0,WH-A,2023,10,42,4,273.5,0.335,0,0
2023-10-29,SKU043,Home,209,240.59,50283.31,604,0,WH-A,2023,10,43,4,253.2,-0.175,0,0
2023-11-05,SKU043,Home,227,436.8,99153.6,453,1,WH-A,2023,11,44,4,250.8,-0.095,0,227
2023-11-12,SKU043,Home,365,57.06,20826.9,254,0,WH-B,2023,11,45,4,291.5,0.252,0,0
2023-11-19,SKU043,Home,232,442.41,102639.12,770,0,WH-B,2023,11,46,4,258.2,-0.101,0,0
2023-11-26,SKU043,Home,233,198.8,46320.4,865,0,WH-A,2023,11,47,4,264.2,-0.118,0,0
2023-12-03,SKU043,Home,221,327.16,72302.36,459,0,WH-C,2023,12,48,4,262.8,-0.159,0,0
2023-12-10,SKU043,Home,290,341.02,98895.8,218,0,WH-A,2023,12,49,4,244.0,0.189,0,0
2023-12-17,SKU043,Home,287,455.52,130734.24,399,0,WH-C,2023,12,50,4,257.8,0.113,0,0
2023-12-24,SKU043,Home,365,465.55,169925.75,254,1,WH-C,2023,12,51,4,290.8,0.255,0,365
2023-12-31,SKU043,Home,355,422.59,150019.45,586,0,WH-C,2023,12,52,4,324.2,0.095,0,0
2024-01-07,SKU043,Home,417,98.41,41036.97,9,0,WH-B,2024,1,1,1,356.0,0.171,1,0
2024-01-14,SKU043,Home,415,135.52,56240.8,360,0,WH-B,2024,1,2,1,388.0,0.07,0,0
2024-01-21,SKU043,Home,460,317.87,146220.2,443,0,WH-C,2024,1,3,1,411.8,0.117,0,0
2024-01-28,SKU043,Home,464,201.28,93393.92,186,0,WH-B,2024,1,4,1,439.0,0.057,0,0
2024-02-04,SKU043,Home,524,309.93,162403.32,103,0,WH-A,2024,2,5,1,465.8,0.125,0,0
2024-02-11,SKU043,Home,515,140.83,72527.45,60,0,WH-B,2024,2,6,1,490.8,0.049,0,0
2024-02-18,SKU043,Home,518,256.17,132696.06,256,0,WH-B,2024,2,7,1,505.2,0.025,0,0
2024-02-25,SKU043,Home,491,140.51,68990.41,3,0,WH-C,2024,2,8,1,512.0,-0.041,1,0
2024-03-03,SKU043,Home,527,269.88,142226.76,133,1,WH-B,2024,3,9,1,512.8,0.028,0,527
2024-03-10,SKU043,Home,499,426.0,212574.0,695,0,WH-B,2024,3,10,1,508.8,-0.019,0,0
2024-03-17,SKU043,Home,505,157.16,79365.8,627,0,WH-B,2024,3,11,1,505.5,-0.001,0,0
2024-03-24,SKU043,Home,460,419.01,192744.6,216,0,WH-C,2024,3,12,1,497.8,-0.076,0,0
2024-03-31,SKU043,Home,459,399.75,183485.25,376,0,WH-A,2024,3,13,1,480.8,-0.045,0,0
2024-04-07,SKU043,Home,455,119.85,54531.75,764,0,WH-C,2024,4,14,2,469.8,-0.032,0,0
2024-04-14,SKU043,Home,442,77.9,34431.8,215,1,WH-A,2024,4,15,2,454.0,-0.026,0,442
2024-04-21,SKU043,Home,426,168.89,71947.14,449,0,WH-A,2024,4,16,2,445.5,-0.044,0,0
2024-04-28,SKU043,Home,366,351.28,128568.48,598,1,WH-A,2024,4,17,2,422.2,-0.133,0,366
2024-05-05,SKU043,Home,354,300.07,106224.78,230,0,WH-A,2024,5,18,2,397.0,-0.108,0,0
2024-05-12,SKU043,Home,385,118.63,45672.55,387,0,WH-B,2024,5,19,2,382.8,0.006,0,0
2024-05-19,SKU043,Home,378,192.84,72893.52,970,0,WH-B,2024,5,20,2,370.8,0.019,0,0
2024-05-26,SKU043,Home,319,170.69,54450.11,849,0,WH-C,2024,5,21,2,359.0,-0.111,0,0
2024-06-02,SKU043,Home,339,273.63,92760.57,764,0,WH-B,2024,6,22,2,355.2,-0.046,0,0
2024-06-09,SKU043,Home,341,212.19,72356.79,761,0,WH-B,2024,6,23,2,344.2,-0.009,0,0
2024-06-16,SKU043,Home,350,281.93,98675.5,470,0,WH-B,2024,6,24,2,337.2,0.038,0,0
2024-06-23,SKU043,Home,355,161.3,57261.5,487,0,WH-A,2024,6,25,2,346.2,0.025,0,0
2024-06-30,SKU043,Home,357,14.46,5162.22,987,1,WH-C,2024,6,26,2,350.8,0.018,0,357
2024-07-07,SKU043,Home,364,447.09,162740.76,549,1,WH-C,2024,7,27,3,356.5,0.021,0,364
2024-07-14,SKU043,Home,366,224.7,82240.2,62,0,WH-B,2024,7,28,3,360.5,0.015,0,0
2024-07-21,SKU043,Home,385,124.2,47817.0,905,0,WH-A,2024,7,29,3,368.0,0.046,0,0
2024-07-28,SKU043,Home,375,496.33,186123.75,676,0,WH-C,2024,7,30,3,372.5,0.007,0,0
2024-08-04,SKU043,Home,361,422.09,152374.49,309,0,WH-A,2024,8,31,3,371.8,-0.029,0,0
2024-08-11,SKU043,Home,352,354.92,124931.84,798,0,WH-A,2024,8,32,3,368.2,-0.044,0,0
2024-08-18,SKU043,Home,355,52.49,18633.95,31,1,WH-C,2024,8,33,3,360.8,-0.016,1,355
2024-08-25,SKU043,Home,338,138.93,46958.34,327,0,WH-C,2024,8,34,3,351.5,-0.038,0,0
2024-09-01,SKU043,Home,347,233.04,80864.88,142,0,WH-C,2024,9,35,3,348.0,-0.003,0,0
2024-09-08,SKU043,Home,282,120.14,33879.48,560,0,WH-B,2024,9,36,3,330.5,-0.147,0,0
2024-09-15,SKU043,Home,281,447.09,125632.29,179,0,WH-C,2024,9,37,3,312.0,-0.099,0,0
2024-09-22,SKU043,Home,266,254.18,67611.88,91,0,WH-B,2024,9,38,3,294.0,-0.095,0,0
2024-09-29,SKU043,Home,281,289.72,81411.32,851,0,WH-B,2024,9,39,3,277.5,0.013,0,0
2024-10-06,SKU043,Home,225,35.97,8093.25,785,0,WH-C,2024,10,40,4,263.2,-0.145,0,0
2024-10-13,SKU043,Home,228,422.58,96348.24,180,0,WH-C,2024,10,41,4,250.0,-0.088,0,0
2024-10-20,SKU043,Home,239,457.85,109426.15,725,0,WH-C,2024,10,42,4,243.2,-0.017,0,0
2024-10-27,SKU043,Home,202,27.75,5605.5,505,0,WH-A,2024,10,43,4,223.5,-0.096,0,0
2024-11-03,SKU043,Home,207,485.4,100477.8,460,0,WH-A,2024,11,44,4,219.0,-0.055,0,0
2024-11-10,SKU043,Home,190,304.25,57807.5,93,0,WH-A,2024,11,45,4,209.5,-0.093,0,0
2024-11-17,SKU043,Home,236,392.4,92606.4,482,0,WH-C,2024,11,46,4,208.8,0.13,0,0
2024-11-24,SKU043,Home,260,446.16,116001.6,440,0,WH-A,2024,11,47,4,223.2,0.165,0,0
2024-12-01,SKU043,Home,230,251.88,57932.4,424,0,WH-B,2024,12,48,4,229.0,0.004,0,0
2024-12-08,SKU043,Home,365,247.14,90206.1,358,0,WH-B,2024,12,49,4,272.8,0.338,0,0
2024-12-15,SKU043,Home,309,493.77,152574.93,267,0,WH-A,2024,12,50,4,291.0,0.062,0,0
2024-12-22,SKU043,Home,308,131.7,40563.6,505,0,WH-B,2024,12,51,4,303.0,0.017,0,0
2024-12-29,SKU043,Home,350,261.36,91476.0,423,1,WH-B,2024,12,52,4,333.0,0.051,0,350
2022-01-02,SKU044,Home,246,409.82,100815.72,693,0,WH-A,2022,1,52,1,246.0,0.0,0,0
2022-01-09,SKU044,Home,289,471.01,136121.89,163,0,WH-A,2022,1,1,1,267.5,0.08,0,0
2022-01-16,SKU044,Home,239,201.28,48105.92,760,0,WH-C,2022,1,2,1,258.0,-0.074,0,0
2022-01-23,SKU044,Home,304,60.91,18516.64,260,0,WH-B,2022,1,3,1,269.5,0.128,0,0
2022-01-30,SKU044,Home,292,482.59,140916.28,443,0,WH-A,2022,1,4,1,281.0,0.039,0,0
2022-02-06,SKU044,Home,313,299.71,93809.23,383,0,WH-A,2022,2,5,1,287.0,0.091,0,0
2022-02-13,SKU044,Home,323,321.22,103754.06,244,0,WH-B,2022,2,6,1,308.0,0.049,0,0
2022-02-20,SKU044,Home,380,116.2,44156.0,988,0,WH-A,2022,2,7,1,327.0,0.162,0,0
2022-02-27,SKU044,Home,329,228.29,75107.41,173,0,WH-A,2022,2,8,1,336.2,-0.021,0,0
2022-03-06,SKU044,Home,345,490.79,169322.55,598,0,WH-C,2022,3,9,1,344.2,0.002,0,0
2022-03-13,SKU044,Home,322,196.3,63208.6,102,0,WH-A,2022,3,10,1,344.0,-0.064,0,0
2022-03-20,SKU044,Home,343,446.62,153190.66,751,0,WH-B,2022,3,11,1,334.8,0.024,0,0
2022-03-27,SKU044,Home,321,435.1,139667.1,909,0,WH-A,2022,3,12,1,332.8,-0.035,0,0
2022-04-03,SKU044,Home,308,145.36,44770.88,145,0,WH-A,2022,4,13,2,323.5,-0.048,0,0
2022-04-10,SKU044,Home,295,423.96,125068.2,808,0,WH-A,2022,4,14,2,316.8,-0.069,0,0
2022-04-17,SKU044,Home,283,183.27,51865.41,18,0,WH-B,2022,4,15,2,301.8,-0.062,1,0
2022-04-24,SKU044,Home,288,411.35,118468.8,873,1,WH-B,2022,4,16,2,293.5,-0.019,0,288
2022-05-01,SKU044,Home,246,264.59,65089.14,69,0,WH-A,2022,5,17,2,278.0,-0.115,0,0
2022-05-08,SKU044,Home,250,102.67,25667.5,430,1,WH-C,2022,5,18,2,266.8,-0.063,0,250
2022-05-15,SKU044,Home,253,270.78,68507.34,641,1,WH-C,2022,5,19,2,259.2,-0.024,0,253
2022-05-22,SKU044,Home,245,490.39,120145.55,462,0,WH-C,2022,5,20,2,248.5,-0.014,0,0
2022-05-29,SKU044,Home,226,99.83,22561.58,322,0,WH-A,2022,5,21,2,243.5,-0.072,0,0
2022-06-05,SKU044,Home,235,184.03,43247.05,151,0,WH-A,2022,6,22,2,239.8,-0.02,0,0
2022-06-12,SKU044,Home,225,414.09,93170.25,764,0,WH-C,2022,6,23,2,232.8,-0.034,0,0
2022-06-19,SKU044,Home,244,207.64,50664.16,725,0,WH-A,2022,6,24,2,232.5,0.049,0,0
2022-06-26,SKU044,Home,221,186.44,41203.24,465,0,WH-B,2022,6,25,2,231.2,-0.044,0,0
2022-07-03,SKU044,Home,212,298.74,63332.88,499,0,WH-C,2022,7,26,3,225.5,-0.06,0,0
2022-07-10,SKU044,Home,214,19.64,4202.96,381,0,WH-C,2022,7,27,3,222.8,-0.039,0,0
2022-07-17,SKU044,Home,268,253.77,68010.36,207,0,WH-B,2022,7,28,3,228.8,0.171,0,0
2022-07-24,SKU044,Home,237,28.08,6654.96,952,0,WH-C,2022,7,29,3,232.8,0.018,0,0
2022-07-31,SKU044,Home,241,468.58,112927.78,598,0,WH-A,2022,7,30,3,240.0,0.004,0,0
2022-08-07,SKU044,Home,245,20.44,5007.8,408,0,WH-B,2022,8,31,3,247.8,-0.011,0,0
2022-08-14,SKU044,Home,241,107.04,25796.64,669,0,WH-C,2022,8,32,3,241.0,0.0,0,0
2022-08-21,SKU044,Home,248,83.57,20725.36,969,0,WH-C,2022,8,33,3,243.8,0.017,0,0
2022-08-28,SKU044,Home,207,328.74,68049.18,952,1,WH-C,2022,8,34,3,235.2,-0.12,0,207
2022-09-04,SKU044,Home,178,189.36,33706.08,455,0,WH-B,2022,9,35,3,218.5,-0.185,0,0
2022-09-11,SKU044,Home,224,317.96,71223.04,665,0,WH-A,2022,9,36,3,214.2,0.046,0,0
2022-09-18,SKU044,Home,199,440.38,87635.62,834,0,WH-A,2022,9,37,3,202.0,-0.015,0,0
2022-09-25,SKU044,Home,173,286.47,49559.31,928,0,WH-A,2022,9,38,3,193.5,-0.106,0,0
2022-10-02,SKU044,Home,146,313.62,45788.52,576,0,WH-C,2022,10,39,4,185.5,-0.213,0,0
2022-10-09,SKU044,Home,166,312.57,51886.62,872,0,WH-A,2022,10,40,4,171.0,-0.029,0,0
2022-10-16,SKU044,Home,175,105.12,18396.0,410,0,WH-C,2022,10,41,4,165.0,0.061,0,0
2022-10-23,SKU044,Home,145,437.77,63476.65,419,0,WH-C,2022,10,42,4,158.0,-0.082,0,0
2022-10-30,SKU044,Home,115,457.44,52605.6,339,0,WH-B,2022,10,43,4,150.2,-0.234,0,0
2022-11-06,SKU044,Home,123,103.57,12739.11,452,0,WH-B,2022,11,44,4,139.5,-0.118,0,0
2022-11-13,SKU044,Home,149,297.06,44261.94,17,0,WH-C,2022,11,45,4,133.0,0.12,1,0
2022-11-20,SKU044,Home,128,226.27,28962.56,941,0,WH-C,2022,11,46,4,128.8,-0.006,0,0
2022-11-27,SKU044,Home,131,436.44,57173.64,365,0,WH-A,2022,11,47,4,132.8,-0.014,0,0
2022-12-04,SKU044,Home,170,129.9,22083.0,235,0,WH-B,2022,12,48,4,144.5,0.176,0,0
2022-12-11,SKU044,Home,149,190.48,28381.52,540,0,WH-A,2022,12,49,4,144.5,0.031,0,0
2022-12-18,SKU044,Home,183,225.49,41264.67,77,0,WH-A,2022,12,50,4,158.2,0.157,0,0
2022-12-25,SKU044,Home,248,256.97,63728.56,482,0,WH-C,2022,12,51,4,187.5,0.323,0,0
2023-01-01,SKU044,Home,243,354.69,86189.67,572,0,WH-A,2023,1,52,1,205.8,0.181,0,0
2023-01-08,SKU044,Home,275,285.58,78534.5,146,0,WH-B,2023,1,1,1,237.2,0.159,0,0
2023-01-15,SKU044,Home,282,87.21,24593.22,867,1,WH-B,2023,1,2,1,262.0,0.076,0,282
2023-01-22,SKU044,Home,314,408.23,128184.22,687,0,WH-B,2023,1,3,1,278.5,0.127,0,0
2023-01-29,SKU044,Home,303,264.59,80170.77,201,0,WH-A,2023,1,4,1,293.5,0.032,0,0
2023-02-05,SKU044,Home,319,258.08,82327.52,517,0,WH-C,2023,2,5,1,304.5,0.048,0,0
2023-02-12,SKU044,Home,318,422.73,134428.14,680,0,WH-C,2023,2,6,1,313.5,0.014,0,0
2023-02-19,SKU044,Home,320,373.31,119459.2,904,0,WH-C,2023,2,7,1,315.0,0.016,0,0
2023-02-26,SKU044,Home,318,183.4,58321.2,142,0,WH-B,2023,2,8,1,318.8,-0.003,0,0
2023-03-05,SKU044,Home,310,185.83,57607.3,497,0,WH-B,2023,3,9,1,316.5,-0.021,0,0
2023-03-12,SKU044,Home,304,371.58,112960.32,17,0,WH-A,2023,3,10,1,313.0,-0.029,1,0
2023-03-19,SKU044,Home,291,237.59,69138.69,392,0,WH-A,2023,3,11,1,305.8,-0.048,0,0
2023-03-26,SKU044,Home,309,224.2,69277.8,398,0,WH-A,2023,3,12,1,303.5,0.018,0,0
2023-04-02,SKU044,Home,308,305.16,93989.28,33,0,WH-A,2023,4,13,2,303.0,0.017,1,0
2023-04-09,SKU044,Home,249,198.11,49329.39,994,0,WH-A,2023,4,14,2,289.2,-0.139,0,0
2023-04-16,SKU044,Home,226,319.26,72152.76,495,0,WH-C,2023,4,15,2,273.0,-0.172,0,0
2023-04-23,SKU044,Home,277,190.48,52762.96,418,0,WH-A,2023,4,16,2,265.0,0.045,0,0
2023-04-30,SKU044,Home,268,393.83,105546.44,738,0,WH-A,2023,4,17,2,255.0,0.051,0,0
2023-05-07,SKU044,Home,297,453.52,134695.44,98,0,WH-A,2023,5,18,2,267.0,0.112,0,0
2023-05-14,SKU044,Home,202,128.79,26015.58,626,0,WH-C,2023,5,19,2,261.0,-0.226,0,0
2023-05-21,SKU044,Home,282,59.63,16815.66,884,0,WH-C,2023,5,20,2,262.2,0.076,0,0
2023-05-28,SKU044,Home,199,467.02,92936.98,116,0,WH-C,2023,5,21,2,245.0,-0.188,0,0
2023-06-04,SKU044,Home,200,13.86,2772.0,602,0,WH-C,2023,6,22,2,220.8,-0.094,0,0
2023-06-11,SKU044,Home,206,466.38,96074.28,422,0,WH-C,2023,6,23,2,221.8,-0.071,0,0
2023-06-18,SKU044,Home,177,261.67,46315.59,886,0,WH-C,2023,6,24,2,195.5,-0.095,0,0
2023-06-25,SKU044,Home,214,187.4,40103.6,347,0,WH-A,2023,6,25,2,199.2,0.074,0,0
2023-07-02,SKU044,Home,196,409.53,80267.88,362,0,WH-C,2023,7,26,3,198.2,-0.011,0,0
2023-07-09,SKU044,Home,226,486.68,109989.68,957,0,WH-C,2023,7,27,3,203.2,0.112,0,0
2023-07-16,SKU044,Home,213,25.48,5427.24,400,0,WH-A,2023,7,28,3,212.2,0.004,0,0
2023-07-23,SKU044,Home,247,256.34,63315.98,712,0,WH-C,2023,7,29,3,220.5,0.12,0,0
2023-07-30,SKU044,Home,241,300.24,72357.84,273,0,WH-B,2023,7,30,3,231.8,0.04,0,0
2023-08-06,SKU044,Home,243,457.6,111196.8,555,0,WH-A,2023,8,31,3,236.0,0.03,0,0
2023-08-13,SKU044,Home,250,155.74,38935.0,444,0,WH-A,2023,8,32,3,245.2,0.02,0,0
2023-08-20,SKU044,Home,210,72.11,15143.1,650,0,WH-A,2023,8,33,3,236.0,-0.11,0,0
2023-08-27,SKU044,Home,207,395.37,81841.59,17,0,WH-B,2023,8,34,3,227.5,-0.09,1,0
2023-09-03,SKU044,Home,199,164.62,32759.38,626,0,WH-C,2023,9,35,3,216.5,-0.081,0,0
2023-09-10,SKU044,Home,179,259.88,46518.52,376,0,WH-C,2023,9,36,3,198.8,-0.1,0,0
2023-09-17,SKU044,Home,182,480.01,87361.82,135,0,WH-B,2023,9,37,3,191.8,-0.051,0,0
2023-09-24,SKU044,Home,167,50.98,8513.66,519,0,WH-C,2023,9,38,3,181.8,-0.081,0,0
2023-10-01,SKU044,Home,202,399.75,80749.5,703,0,WH-C,2023,10,39,4,182.5,0.107,0,0
2023-10-08,SKU044,Home,159,151.31,24058.29,691,1,WH-C,2023,10,40,4,177.5,-0.104,0,159
2023-10-15,SKU044,Home,134,364.34,48821.56,32,0,WH-A,2023,10,41,4,165.5,-0.19,1,0
2023-10-22,SKU044,Home,151,302.11,45618.61,211,0,WH-A,2023,10,42,4,161.5,-0.065,0,0
2023-10-29,SKU044,Home,130,339.79,44172.7,494,1,WH-C,2023,10,43,4,143.5,-0.094,0,130
2023-11-05,SKU044,Home,130,406.33,52822.9,761,0,WH-C,2023,11,44,4,136.2,-0.046,0,0
2023-11-12,SKU044,Home,98,71.18,6975.64,600,0,WH-B,2023,11,45,4,127.2,-0.23,0,0
2023-11-19,SKU044,Home,110,431.16,47427.6,401,0,WH-A,2023,11,46,4,117.0,-0.06,0,0
2023-11-26,SKU044,Home,88,133.63,11759.44,860,0,WH-A,2023,11,47,4,106.5,-0.174,0,0
2023-12-03,SKU044,Home,164,401.87,65906.68,137,0,WH-A,2023,12,48,4,115.0,0.426,0,0
2023-12-10,SKU044,Home,188,174.37,32781.56,789,0,WH-B,2023,12,49,4,137.5,0.367,0,0
2023-12-17,SKU044,Home,197,205.12,40408.64,675,0,WH-B,2023,12,50,4,159.2,0.237,0,0
2023-12-24,SKU044,Home,202,81.45,16452.9,852,1,WH-A,2023,12,51,4,187.8,0.076,0,202
2023-12-31,SKU044,Home,196,393.43,77112.28,855,1,WH-C,2023,12,52,4,195.8,0.001,0,196
2024-01-07,SKU044,Home,248,404.46,100306.08,172,0,WH-B,2024,1,1,1,210.8,0.176,0,0
2024-01-14,SKU044,Home,258,281.33,72583.14,554,0,WH-A,2024,1,2,1,226.0,0.142,0,0
2024-01-21,SKU044,Home,264,396.76,104744.64,9,0,WH-B,2024,1,3,1,241.5,0.093,1,0
2024-01-28,SKU044,Home,290,213.34,61868.6,167,1,WH-C,2024,1,4,1,265.0,0.094,0,290
2024-02-04,SKU044,Home,292,484.66,141520.72,432,1,WH-C,2024,2,5,1,276.0,0.058,0,292
2024-02-11,SKU044,Home,315,302.16,95180.4,482,0,WH-C,2024,2,6,1,290.2,0.085,0,0
2024-02-18,SKU044,Home,319,232.37,74126.03,45,0,WH-C,2024,2,7,1,304.0,0.049,1,0
2024-02-25,SKU044,Home,326,450.67,146918.42,703,0,WH-A,2024,2,8,1,313.0,0.042,0,0
2024-03-03,SKU044,Home,301,109.87,33070.87,291,0,WH-C,2024,3,9,1,315.2,-0.045,0,0
2024-03-10,SKU044,Home,308,26.02,8014.16,399,0,WH-A,2024,3,10,1,313.5,-0.018,0,0
2024-03-17,SKU044,Home,299,308.78,92325.22,779,0,WH-A,2024,3,11,1,308.5,-0.031,0,0
2024-03-24,SKU044,Home,288,296.31,85337.28,356,0,WH-C,2024,3,12,1,299.0,-0.037,0,0
2024-03-31,SKU044,Home,310,481.74,149339.4,552,1,WH-C,2024,3,13,1,301.2,0.029,0,310
2024-04-07,SKU044,Home,316,372.53,117719.48,765,0,WH-B,2024,4,14,2,303.2,0.042,0,0
2024-04-14,SKU044,Home,284,246.74,70074.16,453,0,WH-C,2024,4,15,2,299.5,-0.052,0,0
2024-04-21,SKU044,Home,278,85.24,23696.72,915,0,WH-A,2024,4,16,2,297.0,-0.064,0,0
2024-04-28,SKU044,Home,237,128.64,30487.68,517,0,WH-C,2024,4,17,2,278.8,-0.15,0,0
2024-05-05,SKU044,Home,256,264.59,67735.04,342,0,WH-A,2024,5,18,2,263.8,-0.03,0,0
2024-05-12,SKU044,Home,222,216.69,48105.18,646,0,WH-B,2024,5,19,2,248.2,-0.106,0,0
2024-05-19,SKU044,Home,226,57.74,13049.24,906,0,WH-A,2024,5,20,2,235.2,-0.039,0,0
2024-05-26,SKU044,Home,213,180.02,38344.26,457,0,WH-A,2024,5,21,2,229.2,-0.071,0,0
2024-06-02,SKU044,Home,208,269.07,55966.56,633,1,WH-C,2024,6,22,2,217.2,-0.042,0,208
2024-06-09,SKU044,Home,228,55.94,12754.32,51,0,WH-B,2024,6,23,2,218.8,0.042,0,0
2024-06-16,SKU044,Home,223,164.68,36723.64,139,1,WH-B,2024,6,24,2,218.0,0.023,0,223
2024-06-23,SKU044,Home,209,361.95,75647.55,841,1,WH-C,2024,6,25,2,217.0,-0.037,0,209
2024-06-30,SKU044,Home,218,200.15,43632.7,268,1,WH-C,2024,6,26,2,219.5,-0.007,0,218
2024-07-07,SKU044,Home,230,289.39,66559.7,68,1,WH-B,2024,7,27,3,220.0,0.045,0,230
2024-07-14,SKU044,Home,233,291.08,67821.64,488,0,WH-B,2024,7,28,3,222.5,0.047,0,0
2024-07-21,SKU044,Home,247,294.87,72832.89,770,0,WH-A,2024,7,29,3,232.0,0.065,0,0
2024-07-28,SKU044,Home,213,373.54,79564.02,531,1,WH-B,2024,7,30,3,230.8,-0.077,0,213
2024-08-04,SKU044,Home,205,455.67,93412.35,585,0,WH-C,2024,8,31,3,224.5,-0.087,0,0
2024-08-11,SKU044,Home,235,429.91,101028.85,455,0,WH-A,2024,8,32,3,225.0,0.044,0,0
2024-08-18,SKU044,Home,200,68.22,13644.0,164,0,WH-A,2024,8,33,3,213.2,-0.062,0,0
2024-08-25,SKU044,Home,216,242.27,52330.32,271,1,WH-B,2024,8,34,3,214.0,0.009,0,216
2024-09-01,SKU044,Home,200,362.9,72580.0,897,0,WH-B,2024,9,35,3,212.8,-0.06,0,0
2024-09-08,SKU044,Home,160,400.48,64076.8,245,0,WH-B,2024,9,36,3,194.0,-0.175,0,0
2024-09-15,SKU044,Home,192,369.84,71009.28,233,0,WH-B,2024,9,37,3,192.0,0.0,0,0
2024-09-22,SKU044,Home,184,107.14,19713.76,633,1,WH-C,2024,9,38,3,184.0,0.0,0,184
2024-09-29,SKU044,Home,198,435.13,86155.74,493,0,WH-A,2024,9,39,3,183.5,0.079,0,0
2024-10-06,SKU044,Home,183,119.4,21850.2,746,1,WH-B,2024,10,40,4,189.2,-0.033,0,183
2024-10-13,SKU044,Home,171,209.04,35745.84,892,0,WH-B,2024,10,41,4,184.0,-0.071,0,0
2024-10-20,SKU044,Home,132,81.15,10711.8,243,0,WH-A,2024,10,42,4,171.0,-0.228,0,0
2024-10-27,SKU044,Home,78,153.15,11945.7,500,0,WH-B,2024,10,43,4,141.0,-0.447,0,0
2024-11-03,SKU044,Home,123,30.43,3742.89,695,0,WH-A,2024,11,44,4,126.0,-0.024,0,0
2024-11-10,SKU044,Home,78,148.19,11558.82,5,0,WH-C,2024,11,45,4,102.8,-0.241,1,0
2024-11-17,SKU044,Home,140,459.59,64342.6,401,0,WH-B,2024,11,46,4,104.8,0.336,0,0
2024-11-24,SKU044,Home,150,125.46,18819.0,701,1,WH-A,2024,11,47,4,122.8,0.221,0,150
2024-12-01,SKU044,Home,117,148.01,17317.17,770,0,WH-A,2024,12,48,4,121.2,-0.035,0,0
2024-12-08,SKU044,Home,152,294.05,44695.6,95,0,WH-A,2024,12,49,4,139.8,0.087,0,0
2024-12-15,SKU044,Home,203,350.62,71175.86,994,0,WH-B,2024,12,50,4,155.5,0.305,0,0
2024-12-22,SKU044,Home,167,347.97,58110.99,717,0,WH-B,2024,12,51,4,159.8,0.045,0,0
2024-12-29,SKU044,Home,215,173.81,37369.15,199,0,WH-B,2024,12,52,4,184.2,0.167,0,0
2022-01-02,SKU045,Home,425,491.51,208891.75,413,0,WH-C,2022,1,52,1,425.0,0.0,0,0
2022-01-09,SKU045,Home,405,40.46,16386.3,882,0,WH-C,2022,1,1,1,415.0,-0.024,0,0
2022-01-16,SKU045,Home,466,259.42,120889.72,56,0,WH-A,2022,1,2,1,432.0,0.079,0,0
2022-01-23,SKU045,Home,522,321.91,168037.02,346,0,WH-A,2022,1,3,1,454.5,0.149,0,0
2022-01-30,SKU045,Home,538,37.98,20433.24,714,0,WH-B,2022,1,4,1,482.8,0.114,0,0
2022-02-06,SKU045,Home,547,91.61,50110.67,211,0,WH-B,2022,2,5,1,518.2,0.056,0,0
2022-02-13,SKU045,Home,579,315.49,182668.71,813,0,WH-B,2022,2,6,1,546.5,0.059,0,0
2022-02-20,SKU045,Home,554,272.65,151048.1,830,0,WH-A,2022,2,7,1,554.5,-0.001,0,0
2022-02-27,SKU045,Home,557,302.27,168364.39,113,0,WH-A,2022,2,8,1,559.2,-0.004,0,0
2022-03-06,SKU045,Home,562,11.84,6654.08,544,1,WH-B,2022,3,9,1,563.0,-0.002,0,562
2022-03-13,SKU045,Home,624,247.91,154695.84,533,0,WH-C,2022,3,10,1,574.2,0.087,0,0
2022-03-20,SKU045,Home,508,321.35,163245.8,115,0,WH-B,2022,3,11,1,562.8,-0.097,0,0
2022-03-27,SKU045,Home,521,462.39,240905.19,234,0,WH-A,2022,3,12,1,553.8,-0.059,0,0
2022-04-03,SKU045,Home,525,179.14,94048.5,333,0,WH-B,2022,4,13,2,544.5,-0.036,0,0
2022-04-10,SKU045,Home,486,441.82,214724.52,48,0,WH-C,2022,4,14,2,510.0,-0.047,1,0
2022-04-17,SKU045,Home,462,319.03,147391.86,898,0,WH-A,2022,4,15,2,498.5,-0.073,0,0
2022-04-24,SKU045,Home,438,411.7,180324.6,477,0,WH-A,2022,4,16,2,477.8,-0.083,0,0
2022-05-01,SKU045,Home,464,329.32,152804.48,609,0,WH-B,2022,5,17,2,462.5,0.003,0,0
2022-05-08,SKU045,Home,371,240.66,89284.86,184,0,WH-C,2022,5,18,2,433.8,-0.145,0,0
2022-05-15,SKU045,Home,414,370.26,153287.64,578,1,WH-B,2022,5,19,2,421.8,-0.018,0,414
2022-05-22,SKU045,Home,402,423.42,170214.84,13,0,WH-A,2022,5,20,2,412.8,-0.026,1,0
2022-05-29,SKU045,Home,395,278.38,109960.1,80,1,WH-B,2022,5,21,2,395.5,-0.001,0,395
2022-06-05,SKU045,Home,405,12.21,4945.05,400,0,WH-B,2022,6,22,2,404.0,0.002,0,0
2022-06-12,SKU045,Home,410,146.63,60118.3,334,0,WH-B,2022,6,23,2,403.0,0.017,0,0
2022-06-19,SKU045,Home,388,431.22,167313.36,239,1,WH-C,2022,6,24,2,399.5,-0.029,0,388
2022-06-26,SKU045,Home,413,111.06,45867.78,119,0,WH-A,2022,6,25,2,404.0,0.022,0,0
2022-07-03,SKU045,Home,358,268.15,95997.7,280,0,WH-C,2022,7,26,3,392.2,-0.087,0,0
2022-07-10,SKU045,Home,437,51.62,22557.94,107,0,WH-A,2022,7,27,3,399.0,0.095,0,0
2022-07-17,SKU045,Home,388,49.57,19233.16,914,0,WH-A,2022,7,28,3,399.0,-0.028,0,0
2022-07-24,SKU045,Home,434,400.35,173751.9,362,0,WH-C,2022,7,29,3,404.2,0.074,0,0
2022-07-31,SKU045,Home,409,300.57,122933.13,131,0,WH-A,2022,7,30,3,417.0,-0.019,0,0
2022-08-07,SKU045,Home,386,462.06,178355.16,720,1,WH-A,2022,8,31,3,404.2,-0.045,0,386
2022-08-14,SKU045,Home,394,238.48,93961.12,30,1,WH-C,2022,8,32,3,405.8,-0.029,1,394
2022-08-21,SKU045,Home,369,69.05,25479.45,117,0,WH-B,2022,8,33,3,389.5,-0.053,0,0
2022-08-28,SKU045,Home,381,338.3,128892.3,674,0,WH-B,2022,8,34,3,382.5,-0.004,0,0
2022-09-04,SKU045,Home,363,369.62,134172.06,432,0,WH-C,2022,9,35,3,376.8,-0.037,0,0
2022-09-11,SKU045,Home,370,403.5,149295.0,220,0,WH-C,2022,9,36,3,370.8,-0.002,0,0
2022-09-18,SKU045,Home,333,493.9,164468.7,326,0,WH-B,2022,9,37,3,361.8,-0.08,0,0
2022-09-25,SKU045,Home,305,174.78,53307.9,45,0,WH-B,2022,9,38,3,342.8,-0.11,1,0
2022-10-02,SKU045,Home,292,67.7,19768.4,495,1,WH-C,2022,10,39,4,325.0,-0.102,0,292
2022-10-09,SKU045,Home,246,125.12,30779.52,3,0,WH-B,2022,10,40,4,294.0,-0.163,1,0
2022-10-16,SKU045,Home,253,74.91,18952.23,126,0,WH-B,2022,10,41,4,274.0,-0.077,0,0
2022-10-23,SKU045,Home,222,416.3,92418.6,563,0,WH-B,2022,10,42,4,253.2,-0.123,0,0
2022-10-30,SKU045,Home,246,454.15,111720.9,782,1,WH-C,2022,10,43,4,241.8,0.017,0,246
2022-11-06,SKU045,Home,237,241.85,57318.45,426,0,WH-C,2022,11,44,4,239.5,-0.01,0,0
2022-11-13,SKU045,Home,238,37.91,9022.58,730,0,WH-C,2022,11,45,4,235.8,0.009,0,0
2022-11-20,SKU045,Home,264,127.45,33646.8,550,0,WH-A,2022,11,46,4,246.2,0.072,0,0
2022-11-27,SKU045,Home,232,468.47,108685.04,283,0,WH-C,2022,11,47,4,242.8,-0.044,0,0
2022-12-04,SKU045,Home,296,420.13,124358.48,272,0,WH-B,2022,12,48,4,257.5,0.15,0,0
2022-12-11,SKU045,Home,346,126.45,43751.7,917,0,WH-A,2022,12,49,4,284.5,0.216,0,0
2022-12-18,SKU045,Home,373,96.98,36173.54,193,0,WH-A,2022,12,50,4,311.8,0.196,0,0
2022-12-25,SKU045,Home,417,250.91,104629.47,353,0,WH-A,2022,12,51,4,358.0,0.165,0,0
2023-01-01,SKU045,Home,447,422.96,189063.12,374,0,WH-B,2023,1,52,1,395.8,0.129,0,0
2023-01-08,SKU045,Home,423,476.59,201597.57,226,0,WH-B,2023,1,1,1,415.0,0.019,0,0
2023-01-15,SKU045,Home,500,260.23,130115.0,51,0,WH-B,2023,1,2,1,446.8,0.119,0,0
2023-01-22,SKU045,Home,506,331.7,167840.2,562,0,WH-B,2023,1,3,1,469.0,0.079,0,0
2023-01-29,SKU045,Home,544,373.44,203151.36,631,0,WH-C,2023,1,4,1,493.2,0.103,0,0
2023-02-05,SKU045,Home,574,68.23,39164.02,672,0,WH-B,2023,2,5,1,531.0,0.081,0,0
2023-02-12,SKU045,Home,608,245.1,149020.8,25,0,WH-A,2023,2,6,1,558.0,0.09,1,0
2023-02-19,SKU045,Home,572,474.33,271316.76,829,0,WH-C,2023,2,7,1,574.5,-0.004,0,0
2023-02-26,SKU045,Home,599,450.95,270119.05,260,0,WH-A,2023,2,8,1,588.2,0.018,0,0
2023-03-05,SKU045,Home,589,266.28,156838.92,721,0,WH-A,2023,3,9,1,592.0,-0.005,0,0
2023-03-12,SKU045,Home,609,165.46,100765.14,837,0,WH-A,2023,3,10,1,592.2,0.028,0,0
2023-03-19,SKU045,Home,578,333.82,192947.96,907,0,WH-C,2023,3,11,1,593.8,-0.027,0,0
2023-03-26,SKU045,Home,593,303.22,179809.46,966,1,WH-A,2023,3,12,1,592.2,0.001,0,593
2023-04-02,SKU045,Home,536,493.19,264349.84,566,0,WH-A,2023,4,13,2,579.0,-0.074,0,0
2023-04-09,SKU045,Home,531,260.46,138304.26,952,0,WH-A,2023,4,14,2,559.5,-0.051,0,0
2023-04-16,SKU045,Home,504,169.64,85498.56,963,0,WH-B,2023,4,15,2,541.0,-0.068,0,0
2023-04-23,SKU045,Home,499,92.74,46277.26,453,0,WH-B,2023,4,16,2,517.5,-0.036,0,0
2023-04-30,SKU045,Home,457,427.65,195436.05,89,0,WH-A,2023,4,17,2,497.8,-0.082,0,0
2023-05-07,SKU045,Home,427,183.67,78427.09,954,0,WH-A,2023,5,18,2,471.8,-0.095,0,0
2023-05-14,SKU045,Home,403,344.7,138914.1,772,0,WH-C,2023,5,19,2,446.5,-0.097,0,0
2023-05-21,SKU045,Home,436,77.8,33920.8,189,0,WH-C,2023,5,20,2,430.8,0.012,0,0
2023-05-28,SKU045,Home,427,266.28,113701.56,698,0,WH-A,2023,5,21,2,423.2,0.009,0,0
2023-06-04,SKU045,Home,408,69.27,28262.16,341,0,WH-A,2023,6,22,2,418.5,-0.025,0,0
2023-06-11,SKU045,Home,402,236.73,95165.46,92,0,WH-A,2023,6,23,2,418.2,-0.039,0,0
2023-06-18,SKU045,Home,414,495.58,205170.12,720,0,WH-B,2023,6,24,2,412.8,0.003,0,0
2023-06-25,SKU045,Home,421,123.72,52086.12,509,0,WH-B,2023,6,25,2,411.2,0.024,0,0
2023-07-02,SKU045,Home,406,323.51,131345.06,324,0,WH-C,2023,7,26,3,410.8,-0.012,0,0
2023-07-09,SKU045,Home,435,122.02,53078.7,325,0,WH-A,2023,7,27,3,419.0,0.038,0,0
2023-07-16,SKU045,Home,424,495.95,210282.8,717,0,WH-A,2023,7,28,3,421.5,0.006,0,0
2023-07-23,SKU045,Home,443,96.07,42559.01,765,1,WH-B,2023,7,29,3,427.0,0.037,0,443
2023-07-30,SKU045,Home,431,357.72,154177.32,546,0,WH-C,2023,7,30,3,433.2,-0.005,0,0
2023-08-06,SKU045,Home,426,337.65,143838.9,898,0,WH-B,2023,8,31,3,431.0,-0.012,0,0
2023-08-13,SKU045,Home,410,191.58,78547.8,872,0,WH-C,2023,8,32,3,427.5,-0.041,0,0
2023-08-20,SKU045,Home,423,331.59,140262.57,111,0,WH-B,2023,8,33,3,422.5,0.001,0,0
2023-08-27,SKU045,Home,400,459.52,183808.0,41,0,WH-C,2023,8,34,3,414.8,-0.036,1,0
2023-09-03,SKU045,Home,386,259.56,100190.16,845,0,WH-C,2023,9,35,3,404.8,-0.046,0,0
2023-09-10,SKU045,Home,382,462.21,176564.22,607,0,WH-C,2023,9,36,3,397.8,-0.04,0,0
2023-09-17,SKU045,Home,369,33.67,12424.23,836,0,WH-A,2023,9,37,3,384.2,-0.04,0,0
2023-09-24,SKU045,Home,332,95.07,31563.24,714,0,WH-A,2023,9,38,3,367.2,-0.096,0,0
2023-10-01,SKU045,Home,262,142.72,37392.64,26,1,WH-A,2023,10,39,4,336.2,-0.221,1,262
2023-10-08,SKU045,Home,280,192.05,53774.0,835,0,WH-C,2023,10,40,4,310.8,-0.099,0,0
2023-10-15,SKU045,Home,255,363.35,92654.25,481,0,WH-C,2023,10,41,4,282.2,-0.096,0,0
2023-10-22,SKU045,Home,237,120.41,28537.17,171,0,WH-B,2023,10,42,4,258.5,-0.083,0,0
2023-10-29,SKU045,Home,210,165.75,34807.5,906,0,WH-B,2023,10,43,4,245.5,-0.145,0,0
2023-11-05,SKU045,Home,210,151.68,31852.8,241,1,WH-C,2023,11,44,4,228.0,-0.079,0,210
2023-11-12,SKU045,Home,284,445.25,126451.0,96,0,WH-B,2023,11,45,4,235.2,0.207,0,0
2023-11-19,SKU045,Home,261,453.12,118264.32,398,0,WH-C,2023,11,46,4,241.2,0.082,0,0
2023-11-26,SKU045,Home,285,73.14,20844.9,451,0,WH-A,2023,11,47,4,260.0,0.096,0,0
2023-12-03,SKU045,Home,293,152.86,44787.98,335,0,WH-C,2023,12,48,4,280.8,0.043,0,0
2023-12-10,SKU045,Home,345,335.52,115754.4,281,0,WH-B,2023,12,49,4,296.0,0.166,0,0
2023-12-17,SKU045,Home,341,346.24,118067.84,352,0,WH-B,2023,12,50,4,316.0,0.079,0,0
2023-12-24,SKU045,Home,396,402.79,159504.84,824,0,WH-A,2023,12,51,4,343.8,0.152,0,0
2023-12-31,SKU045,Home,423,266.28,112636.44,45,0,WH-B,2023,12,52,4,376.2,0.124,1,0
2024-01-07,SKU045,Home,535,407.19,217846.65,349,1,WH-B,2024,1,1,1,423.8,0.262,0,535
2024-01-14,SKU045,Home,526,263.93,138827.18,917,0,WH-B,2024,1,2,1,470.0,0.119,0,0
2024-01-21,SKU045,Home,521,416.78,217142.38,783,0,WH-B,2024,1,3,1,501.2,0.04,0,0
2024-01-28,SKU045,Home,544,468.69,254967.36,68,1,WH-C,2024,1,4,1,531.5,0.024,0,544
2024-02-04,SKU045,Home,622,174.69,108657.18,760,0,WH-C,2024,2,5,1,553.2,0.124,0,0
2024-02-11,SKU045,Home,591,44.32,26193.12,38,0,WH-A,2024,2,6,1,569.5,0.038,1,0
2024-02-18,SKU045,Home,599,128.81,77157.19,61,0,WH-A,2024,2,7,1,589.0,0.017,0,0
2024-02-25,SKU045,Home,633,255.13,161497.29,28,0,WH-A,2024,2,8,1,611.2,0.036,1,0
2024-03-03,SKU045,Home,595,113.48,67520.6,244,0,WH-B,2024,3,9,1,604.5,-0.016,0,0
2024-03-10,SKU045,Home,625,379.5,237187.5,391,0,WH-B,2024,3,10,1,613.0,0.02,0,0
2024-03-17,SKU045,Home,588,188.95,111102.6,244,0,WH-C,2024,3,11,1,610.2,-0.036,0,0
2024-03-24,SKU045,Home,616,453.92,279614.72,71,0,WH-C,2024,3,12,1,606.0,0.017,0,0
2024-03-31,SKU045,Home,590,73.6,43424.0,263,1,WH-A,2024,3,13,1,604.8,-0.024,0,590
2024-04-07,SKU045,Home,557,388.13,216188.41,962,0,WH-B,2024,4,14,2,587.8,-0.052,0,0
2024-04-14,SKU045,Home,525,273.69,143687.25,457,0,WH-A,2024,4,15,2,572.0,-0.082,0,0
2024-04-21,SKU045,Home,513,255.98,131317.74,208,0,WH-B,2024,4,16,2,546.2,-0.061,0,0
2024-04-28,SKU045,Home,472,240.78,113648.16,675,1,WH-B,2024,4,17,2,516.8,-0.087,0,472
2024-05-05,SKU045,Home,438,319.98,140151.24,695,0,WH-B,2024,5,18,2,487.0,-0.101,0,0
2024-05-12,SKU045,Home,468,120.66,56468.88,998,0,WH-B,2024,5,19,2,472.8,-0.01,0,0
2024-05-19,SKU045,Home,466,232.13,108172.58,898,1,WH-A,2024,5,20,2,461.0,0.011,0,466
2024-05-26,SKU045,Home,429,472.78,202822.62,575,0,WH-B,2024,5,21,2,450.2,-0.047,0,0
2024-06-02,SKU045,Home,424,225.53,95624.72,15,0,WH-A,2024,6,22,2,446.8,-0.051,1,0
2024-06-09,SKU045,Home,432,415.1,179323.2,913,0,WH-A,2024,6,23,2,437.8,-0.013,0,0
2024-06-16,SKU045,Home,423,450.87,190718.01,422,0,WH-A,2024,6,24,2,427.0,-0.009,0,0
2024-06-23,SKU045,Home,424,135.72,57545.28,696,0,WH-C,2024,6,25,2,425.8,-0.004,0,0
2024-06-30,SKU045,Home,465,25.36,11792.4,922,0,WH-A,2024,6,26,2,436.0,0.067,0,0
2024-07-07,SKU045,Home,423,263.36,111401.28,202,0,WH-A,2024,7,27,3,433.8,-0.025,0,0
2024-07-14,SKU045,Home,435,145.98,63501.3,88,0,WH-C,2024,7,28,3,436.8,-0.004,0,0
2024-07-21,SKU045,Home,414,455.45,188556.3,15,0,WH-C,2024,7,29,3,434.2,-0.047,1,0
2024-07-28,SKU045,Home,423,495.33,209524.59,41,0,WH-B,2024,7,30,3,423.8,-0.002,1,0
2024-08-04,SKU045,Home,468,147.4,68983.2,989,0,WH-A,2024,8,31,3,435.0,0.076,0,0
2024-08-11,SKU045,Home,447,369.81,165305.07,122,0,WH-B,2024,8,32,3,438.0,0.021,0,0
2024-08-18,SKU045,Home,432,455.03,196572.96,192,0,WH-A,2024,8,33,3,442.5,-0.024,0,0
2024-08-25,SKU045,Home,461,365.5,168495.5,285,0,WH-C,2024,8,34,3,452.0,0.02,0,0
2024-09-01,SKU045,Home,405,492.08,199292.4,480,0,WH-A,2024,9,35,3,436.2,-0.072,0,0
2024-09-08,SKU045,Home,403,309.13,124579.39,314,1,WH-A,2024,9,36,3,425.2,-0.052,0,403
2024-09-15,SKU045,Home,376,214.67,80715.92,637,0,WH-A,2024,9,37,3,411.2,-0.086,0,0
2024-09-22,SKU045,Home,380,91.57,34796.6,625,0,WH-C,2024,9,38,3,391.0,-0.028,0,0
2024-09-29,SKU045,Home,279,463.07,129196.53,496,1,WH-C,2024,9,39,3,359.5,-0.224,0,279
2024-10-06,SKU045,Home,277,206.74,57266.98,489,0,WH-C,2024,10,40,4,328.0,-0.155,0,0
2024-10-13,SKU045,Home,293,482.72,141436.96,243,0,WH-C,2024,10,41,4,307.2,-0.046,0,0
2024-10-20,SKU045,Home,280,323.47,90571.6,728,0,WH-C,2024,10,42,4,282.2,-0.008,0,0
2024-10-27,SKU045,Home,252,271.97,68536.44,252,0,WH-C,2024,10,43,4,275.5,-0.085,0,0
2024-11-03,SKU045,Home,272,465.37,126580.64,421,0,WH-A,2024,11,44,4,274.2,-0.008,0,0
2024-11-10,SKU045,Home,271,183.24,49658.04,982,0,WH-C,2024,11,45,4,268.8,0.008,0,0
2024-11-17,SKU045,Home,280,53.91,15094.8,797,0,WH-C,2024,11,46,4,268.8,0.042,0,0
2024-11-24,SKU045,Home,291,188.21,54769.11,267,0,WH-A,2024,11,47,4,278.5,0.045,0,0
2024-12-01,SKU045,Home,351,86.91,30505.41,975,0,WH-C,2024,12,48,4,298.2,0.177,0,0
2024-12-08,SKU045,Home,353,497.95,175776.35,328,0,WH-C,2024,12,49,4,318.8,0.107,0,0
2024-12-15,SKU045,Home,409,26.61,10883.49,518,0,WH-A,2024,12,50,4,351.0,0.165,0,0
2024-12-22,SKU045,Home,423,273.13,115533.99,50,0,WH-A,2024,12,51,4,384.0,0.102,0,0
2024-12-29,SKU045,Home,443,76.88,34057.84,309,0,WH-B,2024,12,52,4,407.0,0.088,0,0
2022-01-02,SKU046,Sports,462,401.28,185391.36,199,0,WH-C,2022,1,52,1,462.0,0.0,0,0
2022-01-09,SKU046,Sports,488,253.445,123681.16,140,0,WH-B,2022,1,1,1,475.0,0.027,0,0
2022-01-16,SKU046,Sports,515,169.8,87447.0,73,0,WH-C,2022,1,2,1,488.3,0.055,0,0
2022-01-23,SKU046,Sports,538,106.01,57033.38,530,0,WH-C,2022,1,3,1,500.8,0.074,0,0
2022-01-30,SKU046,Sports,603,462.3,278766.9,86,0,WH-B,2022,1,4,1,536.0,0.125,0,0
2022-02-06,SKU046,Sports,654,305.86,200032.44,995,0,WH-B,2022,2,5,1,577.5,0.132,0,0
2022-02-13,SKU046,Sports,631,283.79,179071.49,810,0,WH-C,2022,2,6,1,606.5,0.04,0,0
2022-02-20,SKU046,Sports,657,439.21,288560.97,889,1,WH-A,2022,2,7,1,636.2,0.033,0,657
2022-02-27,SKU046,Sports,626,252.89,158309.14,143,1,WH-C,2022,2,8,1,642.0,-0.025,0,626
2022-03-06,SKU046,Sports,662,462.58,306227.96,243,0,WH-B,2022,3,9,1,644.0,0.028,0,0
2022-03-13,SKU046,Sports,650,196.66,127829.0,485,0,WH-C,2022,3,10,1,648.8,0.002,0,0
2022-03-20,SKU046,Sports,614,198.08,121621.12,545,0,WH-B,2022,3,11,1,638.0,-0.038,0,0
2022-03-27,SKU046,Sports,645,225.64,145537.8,119,0,WH-A,2022,3,12,1,642.8,0.003,0,0
2022-04-03,SKU046,Sports,576,155.27,89435.52,262,0,WH-C,2022,4,13,2,621.2,-0.073,0,0
2022-04-10,SKU046,Sports,594,348.8,207187.2,832,0,WH-B,2022,4,14,2,607.2,-0.022,0,0
2022-04-17,SKU046,Sports,552,470.96,259969.92,776,0,WH-B,2022,4,15,2,591.8,-0.067,0,0
2022-04-24,SKU046,Sports,536,440.76,236247.36,875,0,WH-C,2022,4,16,2,564.5,-0.05,0,0
2022-05-01,SKU046,Sports,494,268.65,132713.1,734,1,WH-A,2022,5,17,2,544.0,-0.092,0,494
2022-05-08,SKU046,Sports,485,251.52,121987.2,385,0,WH-B,2022,5,18,2,516.8,-0.062,0,0
2022-05-15,SKU046,Sports,438,216.61,94875.18,486,0,WH-B,2022,5,19,2,488.2,-0.103,0,0
2022-05-22,SKU046,Sports,501,144.25,72269.25,372,0,WH-B,2022,5,20,2,479.5,0.045,0,0
2022-05-29,SKU046,Sports,490,282.79,138567.1,956,1,WH-B,2022,5,21,2,478.5,0.024,0,490
2022-06-05,SKU046,Sports,468,469.28,219623.04,226,0,WH-B,2022,6,22,2,474.2,-0.013,0,0
2022-06-12,SKU046,Sports,458,325.71,149175.18,763,0,WH-C,2022,6,23,2,479.2,-0.044,0,0
2022-06-19,SKU046,Sports,434,184.16,79925.44,965,0,WH-C,2022,6,24,2,462.5,-0.062,0,0
2022-06-26,SKU046,Sports,477,402.18,191839.86,325,1,WH-B,2022,6,25,2,459.2,0.039,0,477
2022-07-03,SKU046,Sports,480,201.95,96936.0,28,1,WH-B,2022,7,26,3,462.2,0.039,1,480
2022-07-10,SKU046,Sports,490,181.67,89018.3,917,0,WH-A,2022,7,27,3,470.2,0.042,0,0
2022-07-17,SKU046,Sports,454,222.59,101055.86,631,0,WH-B,2022,7,28,3,475.2,-0.045,0,0
2022-07-24,SKU046,Sports,500,414.5,207250.0,178,0,WH-B,2022,7,29,3,481.0,0.04,0,0
2022-07-31,SKU046,Sports,496,280.03,138894.88,701,1,WH-A,2022,7,30,3,485.0,0.023,0,496
2022-08-07,SKU046,Sports,455,211.97,96446.35,991,0,WH-A,2022,8,31,3,476.2,-0.045,0,0
2022-08-14,SKU046,Sports,468,316.33,148042.44,464,0,WH-B,2022,8,32,3,479.8,-0.025,0,0
2022-08-21,SKU046,Sports,463,215.64,99841.32,94,0,WH-B,2022,8,33,3,470.5,-0.016,0,0
2022-08-28,SKU046,Sports,439,226.56,99459.84,89,0,WH-B,2022,8,34,3,456.2,-0.038,0,0
2022-09-04,SKU046,Sports,413,13.59,5612.67,915,0,WH-C,2022,9,35,3,445.8,-0.074,0,0
2022-09-11,SKU046,Sports,393,110.21,43312.53,538,0,WH-C,2022,9,36,3,427.0,-0.08,0,0
2022-09-18,SKU046,Sports,359,364.03,130686.77,576,0,WH-A,2022,9,37,3,401.0,-0.105,0,0
2022-09-25,SKU046,Sports,373,113.08,42178.84,86,0,WH-C,2022,9,38,3,384.5,-0.03,0,0
2022-10-02,SKU046,Sports,317,48.07,15238.19,475,1,WH-C,2022,10,39,4,360.5,-0.121,0,317
2022-10-09,SKU046,Sports,310,114.28,35426.8,578,0,WH-B,2022,10,40,4,339.8,-0.088,0,0
2022-10-16,SKU046,Sports,275,406.81,111872.75,273,0,WH-B,2022,10,41,4,318.8,-0.137,0,0
2022-10-23,SKU046,Sports,266,133.03,35385.98,713,0,WH-A,2022,10,42,4,292.0,-0.089,0,0
2022-10-30,SKU046,Sports,477,279.37,133259.49,277,0,WH-A,2022,10,43,4,332.0,0.437,0,0
2022-11-06,SKU046,Sports,261,301.1,78587.1,67,0,WH-A,2022,11,44,4,319.8,-0.184,0,0
2022-11-13,SKU046,Sports,292,395.37,115448.04,122,0,WH-B,2022,11,45,4,324.0,-0.099,0,0
2022-11-20,SKU046,Sports,256,115.31,29519.36,223,0,WH-C,2022,11,46,4,321.5,-0.204,0,0
2022-11-27,SKU046,Sports,343,306.82,105239.26,415,0,WH-A,2022,11,47,4,288.0,0.191,0,0
2022-12-04,SKU046,Sports,334,29.74,9933.16,760,0,WH-B,2022,12,48,4,306.2,0.091,0,0
2022-12-11,SKU046,Sports,365,96.28,35142.2,94,0,WH-A,2022,12,49,4,324.5,0.125,0,0
2022-12-18,SKU046,Sports,400,135.29,54116.0,76,0,WH-B,2022,12,50,4,360.5,0.11,0,0
2022-12-25,SKU046,Sports,453,226.65,102672.45,743,0,WH-A,2022,12,51,4,388.0,0.168,0,0
2023-01-01,SKU046,Sports,501,436.91,218891.91,364,0,WH-A,2023,1,52,1,429.8,0.166,0,0
2023-01-08,SKU046,Sports,550,253.445,139394.75,775,0,WH-A,2023,1,1,1,476.0,0.155,0,0
2023-01-15,SKU046,Sports,553,307.03,169787.59,281,0,WH-B,2023,1,2,1,514.2,0.075,0,0
2023-01-22,SKU046,Sports,596,388.77,231706.92,56,0,WH-C,2023,1,3,1,550.0,0.084,0,0
2023-01-29,SKU046,Sports,607,129.69,78721.83,523,0,WH-A,2023,1,4,1,576.5,0.053,0,0
2023-02-05,SKU046,Sports,602,50.22,30232.44,700,0,WH-B,2023,2,5,1,589.5,0.021,0,0
2023-02-12,SKU046,Sports,665,29.29,19477.85,329,0,WH-C,2023,2,6,1,617.5,0.077,0,0
2023-02-19,SKU046,Sports,613,253.445,155361.78,550,0,WH-B,2023,2,7,1,621.8,-0.014,0,0
2023-02-26,SKU046,Sports,622,329.82,205148.04,315,1,WH-A,2023,2,8,1,625.5,-0.006,0,622
2023-03-05,SKU046,Sports,656,317.65,208378.4,937,0,WH-C,2023,3,9,1,639.0,0.027,0,0
2023-03-12,SKU046,Sports,684,157.8,107935.2,654,0,WH-C,2023,3,10,1,643.8,0.062,0,0
2023-03-19,SKU046,Sports,609,190.65,116105.85,570,1,WH-B,2023,3,11,1,642.8,-0.053,0,609
2023-03-26,SKU046,Sports,634,228.43,144824.62,896,0,WH-C,2023,3,12,1,645.8,-0.018,0,0
2023-04-02,SKU046,Sports,602,253.445,152573.89,841,1,WH-A,2023,4,13,2,632.2,-0.048,0,602
2023-04-09,SKU046,Sports,590,106.22,62669.8,566,0,WH-B,2023,4,14,2,608.8,-0.031,0,0
2023-04-16,SKU046,Sports,587,218.92,128506.04,256,0,WH-C,2023,4,15,2,603.2,-0.027,0,0
2023-04-23,SKU046,Sports,534,100.57,53704.38,55,0,WH-C,2023,4,16,2,578.2,-0.076,0,0
2023-04-30,SKU046,Sports,525,111.16,58359.0,993,0,WH-C,2023,4,17,2,559.0,-0.061,0,0
2023-05-07,SKU046,Sports,498,17.18,8555.64,50,1,WH-C,2023,5,18,2,536.0,-0.071,0,498
2023-05-14,SKU046,Sports,460,461.68,212372.8,812,0,WH-A,2023,5,19,2,504.2,-0.088,0,0
2023-05-21,SKU046,Sports,472,423.36,199825.92,188,0,WH-A,2023,5,20,2,488.8,-0.034,0,0
2023-05-28,SKU046,Sports,489,378.42,185047.38,576,0,WH-C,2023,5,21,2,479.8,0.019,0,0
2023-06-04,SKU046,Sports,478,306.27,146397.06,57,0,WH-C,2023,6,22,2,474.8,0.007,0,0
2023-06-11,SKU046,Sports,467,253.445,118358.82,10,0,WH-B,2023,6,23,2,476.5,-0.02,1,0
2023-06-18,SKU046,Sports,445,182.31,81127.95,950,1,WH-B,2023,6,24,2,469.8,-0.053,0,445
2023-06-25,SKU046,Sports,473,78.39,37078.47,215,0,WH-B,2023,6,25,2,465.8,0.015,0,0
2023-07-02,SKU046,Sports,435,386.42,168092.7,915,0,WH-B,2023,7,26,3,455.0,-0.044,0,0
2023-07-09,SKU046,Sports,476,91.38,43496.88,305,0,WH-A,2023,7,27,3,457.2,0.041,0,0
2023-07-16,SKU046,Sports,514,480.43,246941.02,928,0,WH-C,2023,7,28,3,474.5,0.083,0,0
2023-07-23,SKU046,Sports,498,243.81,121417.38,291,0,WH-A,2023,7,29,3,480.8,0.036,0,0
2023-07-30,SKU046,Sports,501,41.71,20896.71,263,0,WH-B,2023,7,30,3,497.2,0.008,0,0
2023-08-06,SKU046,Sports,486,475.15,230922.9,712,0,WH-C,2023,8,31,3,499.8,-0.028,0,0
2023-08-13,SKU046,Sports,491,467.38,229483.58,573,0,WH-A,2023,8,32,3,494.0,-0.006,0,0
2023-08-20,SKU046,Sports,451,244.93,110463.43,911,0,WH-A,2023,8,33,3,482.2,-0.065,0,0
2023-08-27,SKU046,Sports,419,404.11,169322.09,314,0,WH-C,2023,8,34,3,461.8,-0.093,0,0
2023-09-03,SKU046,Sports,421,131.57,55390.97,256,0,WH-A,2023,9,35,3,445.5,-0.055,0,0
2023-09-10,SKU046,Sports,400,364.3,145720.0,471,0,WH-A,2023,9,36,3,422.8,-0.054,0,0
2023-09-17,SKU046,Sports,405,19.5,7897.5,945,0,WH-A,2023,9,37,3,411.2,-0.015,0,0
2023-09-24,SKU046,Sports,365,310.34,113274.1,982,0,WH-B,2023,9,38,3,397.8,-0.082,0,0
2023-10-01,SKU046,Sports,314,456.41,143312.74,133,1,WH-C,2023,10,39,4,371.0,-0.154,0,314
2023-10-08,SKU046,Sports,278,54.77,15226.06,153,0,WH-B,2023,10,40,4,340.5,-0.184,0,0
2023-10-15,SKU046,Sports,304,78.36,23821.44,573,1,WH-C,2023,10,41,4,315.2,-0.036,0,304
2023-10-22,SKU046,Sports,306,31.3,9577.8,812,0,WH-A,2023,10,42,4,300.5,0.018,0,0
2023-10-29,SKU046,Sports,298,88.32,26319.36,466,0,WH-A,2023,10,43,4,296.5,0.005,0,0
2023-11-05,SKU046,Sports,291,424.88,123640.08,326,1,WH-A,2023,11,44,4,299.8,-0.029,0,291
2023-11-12,SKU046,Sports,225,499.28,112338.0,298,0,WH-C,2023,11,45,4,280.0,-0.196,0,0
2023-11-19,SKU046,Sports,287,383.24,109989.88,636,0,WH-B,2023,11,46,4,275.2,0.043,0,0
2023-11-26,SKU046,Sports,288,77.24,22245.12,372,0,WH-B,2023,11,47,4,272.8,0.056,0,0
2023-12-03,SKU046,Sports,356,469.54,167156.24,967,0,WH-B,2023,12,48,4,289.0,0.232,0,0
2023-12-10,SKU046,Sports,371,99.18,36795.78,109,0,WH-B,2023,12,49,4,325.5,0.14,0,0
2023-12-17,SKU046,Sports,408,426.47,173999.76,946,0,WH-A,2023,12,50,4,355.8,0.147,0,0
2023-12-24,SKU046,Sports,398,298.1,118643.8,883,1,WH-A,2023,12,51,4,383.2,0.039,0,398
2023-12-31,SKU046,Sports,486,239.19,116246.34,697,0,WH-A,2023,12,52,4,415.8,0.169,0,0
2024-01-07,SKU046,Sports,480,310.86,149212.8,19,0,WH-B,2024,1,1,1,443.0,0.084,1,0
2024-01-14,SKU046,Sports,594,398.19,236524.86,712,0,WH-C,2024,1,2,1,489.5,0.213,0,0
2024-01-21,SKU046,Sports,577,472.33,272534.41,581,1,WH-B,2024,1,3,1,534.2,0.08,0,577
2024-01-28,SKU046,Sports,620,437.02,270952.4,531,0,WH-A,2024,1,4,1,567.8,0.092,0,0
2024-02-04,SKU046,Sports,645,458.61,295803.45,311,0,WH-A,2024,2,5,1,609.0,0.059,0,0
2024-02-11,SKU046,Sports,667,317.83,211992.61,948,0,WH-A,2024,2,6,1,627.2,0.063,0,0
2024-02-18,SKU046,Sports,645,470.66,303575.7,713,1,WH-B,2024,2,7,1,644.2,0.001,0,645
2024-02-25,SKU046,Sports,655,351.49,230225.95,294,1,WH-B,2024,2,8,1,653.0,0.003,0,655
2024-03-03,SKU046,Sports,663,84.48,56010.24,219,0,WH-C,2024,3,9,1,657.5,0.008,0,0
2024-03-10,SKU046,Sports,670,111.01,74376.7,205,0,WH-B,2024,3,10,1,658.2,0.018,0,0
2024-03-17,SKU046,Sports,615,135.8,83517.0,881,0,WH-A,2024,3,11,1,650.8,-0.055,0,0
2024-03-24,SKU046,Sports,682,429.82,293137.24,24,1,WH-B,2024,3,12,1,657.5,0.037,1,682
2024-03-31,SKU046,Sports,637,55.63,35436.31,833,0,WH-A,2024,3,13,1,651.0,-0.022,0,0
2024-04-07,SKU046,Sports,587,173.33,101744.71,882,1,WH-B,2024,4,14,2,630.2,-0.069,0,587
2024-04-14,SKU046,Sports,602,369.48,222426.96,988,0,WH-A,2024,4,15,2,627.0,-0.04,0,0
2024-04-21,SKU046,Sports,574,180.39,103543.86,519,0,WH-C,2024,4,16,2,600.0,-0.043,0,0
2024-04-28,SKU046,Sports,545,246.44,134309.8,735,0,WH-A,2024,4,17,2,577.0,-0.055,0,0
2024-05-05,SKU046,Sports,493,242.48,119542.64,410,0,WH-A,2024,5,18,2,553.5,-0.109,0,0
2024-05-12,SKU046,Sports,506,238.05,120453.3,691,0,WH-B,2024,5,19,2,529.5,-0.044,0,0
2024-05-19,SKU046,Sports,479,261.51,125263.29,854,0,WH-C,2024,5,20,2,505.8,-0.053,0,0
2024-05-26,SKU046,Sports,503,348.54,175315.62,532,0,WH-A,2024,5,21,2,495.2,0.016,0,0
2024-06-02,SKU046,Sports,453,420.7,190577.1,572,0,WH-B,2024,6,22,2,485.2,-0.066,0,0
2024-06-09,SKU046,Sports,449,183.78,82517.22,762,0,WH-A,2024,6,23,2,471.0,-0.047,0,0
2024-06-16,SKU046,Sports,467,167.98,78446.66,413,0,WH-A,2024,6,24,2,468.0,-0.002,0,0
2024-06-23,SKU046,Sports,482,428.79,206676.78,272,1,WH-A,2024,6,25,2,462.8,0.041,0,482
2024-06-30,SKU046,Sports,477,254.0,121158.0,64,0,WH-B,2024,6,26,2,468.8,0.017,0,0
2024-07-07,SKU046,Sports,508,453.41,230332.28,726,0,WH-A,2024,7,27,3,483.5,0.051,0,0
2024-07-14,SKU046,Sports,483,76.96,37171.68,309,0,WH-B,2024,7,28,3,487.5,-0.009,0,0
2024-07-21,SKU046,Sports,506,371.21,187832.26,384,0,WH-C,2024,7,29,3,493.5,0.025,0,0
2024-07-28,SKU046,Sports,476,281.54,134013.04,352,0,WH-C,2024,7,30,3,493.2,-0.035,0,0
2024-08-04,SKU046,Sports,467,488.41,228087.47,845,0,WH-B,2024,8,31,3,483.0,-0.033,0,0
2024-08-11,SKU046,Sports,468,477.16,223310.88,954,0,WH-A,2024,8,32,3,479.2,-0.023,0,0
2024-08-18,SKU046,Sports,448,222.75,99792.0,887,0,WH-B,2024,8,33,3,464.8,-0.036,0,0
2024-08-25,SKU046,Sports,435,399.74,173886.9,917,1,WH-B,2024,8,34,3,454.5,-0.043,0,435
2024-09-01,SKU046,Sports,433,344.6,149211.8,316,0,WH-A,2024,9,35,3,446.0,-0.029,0,0
2024-09-08,SKU046,Sports,426,485.58,206857.08,237,0,WH-B,2024,9,36,3,435.5,-0.022,0,0
2024-09-15,SKU046,Sports,372,219.05,81486.6,331,0,WH-A,2024,9,37,3,416.5,-0.107,0,0
2024-09-22,SKU046,Sports,339,396.35,134362.65,893,0,WH-C,2024,9,38,3,392.5,-0.136,0,0
2024-09-29,SKU046,Sports,354,189.13,66952.02,299,0,WH-C,2024,9,39,3,372.8,-0.05,0,0
2024-10-06,SKU046,Sports,321,460.46,147807.66,100,0,WH-B,2024,10,40,4,346.5,-0.074,0,0
2024-10-13,SKU046,Sports,302,45.28,13674.56,110,0,WH-C,2024,10,41,4,329.0,-0.082,0,0
2024-10-20,SKU046,Sports,297,449.08,133376.76,461,0,WH-A,2024,10,42,4,318.5,-0.068,0,0
2024-10-27,SKU046,Sports,245,250.12,61279.4,435,0,WH-B,2024,10,43,4,291.2,-0.159,0,0
2024-11-03,SKU046,Sports,277,167.52,46403.04,24,1,WH-A,2024,11,44,4,280.2,-0.011,1,277
2024-11-10,SKU046,Sports,319,452.52,144353.88,367,0,WH-B,2024,11,45,4,284.5,0.121,0,0
2024-11-17,SKU046,Sports,284,313.05,88906.2,138,0,WH-B,2024,11,46,4,281.2,0.01,0,0
2024-11-24,SKU046,Sports,330,345.05,113866.5,315,0,WH-C,2024,11,47,4,302.5,0.091,0,0
2024-12-01,SKU046,Sports,338,379.36,128223.68,386,0,WH-C,2024,12,48,4,317.8,0.064,0,0
2024-12-08,SKU046,Sports,334,27.77,9275.18,609,0,WH-C,2024,12,49,4,321.5,0.039,0,0
2024-12-15,SKU046,Sports,385,159.05,61234.25,508,0,WH-C,2024,12,50,4,346.8,0.11,0,0
2024-12-22,SKU046,Sports,438,169.02,74030.76,729,0,WH-B,2024,12,51,4,373.8,0.172,0,0
2024-12-29,SKU046,Sports,492,114.48,56324.16,168,0,WH-A,2024,12,52,4,412.2,0.194,0,0
2022-01-02,SKU047,Sports,138,280.04,38645.52,684,0,WH-C,2022,1,52,1,138.0,0.0,0,0
2022-01-09,SKU047,Sports,153,49.69,7602.57,387,1,WH-A,2022,1,1,1,145.5,0.052,0,153
2022-01-16,SKU047,Sports,190,302.7,57513.0,241,0,WH-C,2022,1,2,1,160.3,0.185,0,0
2022-01-23,SKU047,Sports,190,409.27,77761.3,198,0,WH-A,2022,1,3,1,167.8,0.132,0,0
2022-01-30,SKU047,Sports,195,320.58,62513.1,786,0,WH-B,2022,1,4,1,182.0,0.071,0,0
2022-02-06,SKU047,Sports,198,194.28,38467.44,699,1,WH-A,2022,2,5,1,193.2,0.025,0,198
2022-02-13,SKU047,Sports,221,365.87,80857.27,776,0,WH-B,2022,2,6,1,201.0,0.1,0,0
2022-02-20,SKU047,Sports,234,361.48,84586.32,80,0,WH-B,2022,2,7,1,212.0,0.104,0,0
2022-02-27,SKU047,Sports,239,493.67,117987.13,753,0,WH-A,2022,2,8,1,223.0,0.072,0,0
2022-03-06,SKU047,Sports,194,480.71,93257.74,195,0,WH-B,2022,3,9,1,222.0,-0.126,0,0
2022-03-13,SKU047,Sports,139,462.03,64222.17,34,0,WH-C,2022,3,10,1,201.5,-0.31,1,0
2022-03-20,SKU047,Sports,179,282.73,50608.67,206,0,WH-B,2022,3,11,1,187.8,-0.047,0,0
2022-03-27,SKU047,Sports,148,15.28,2261.44,331,1,WH-B,2022,3,12,1,165.0,-0.103,0,148
2022-04-03,SKU047,Sports,227,169.69,38519.63,632,0,WH-B,2022,4,13,2,173.2,0.311,0,0
2022-04-10,SKU047,Sports,192,90.62,17399.04,981,0,WH-C,2022,4,14,2,186.5,0.029,0,0
2022-04-17,SKU047,Sports,160,342.15,54744.0,37,0,WH-A,2022,4,15,2,181.8,-0.12,1,0
2022-04-24,SKU047,Sports,156,39.69,6191.64,201,0,WH-A,2022,4,16,2,183.8,-0.151,0,0
2022-05-01,SKU047,Sports,169,206.67,34927.23,638,0,WH-C,2022,5,17,2,169.2,-0.001,0,0
2022-05-08,SKU047,Sports,140,96.9,13566.0,729,0,WH-B,2022,5,18,2,156.2,-0.104,0,0
2022-05-15,SKU047,Sports,139,80.33,11165.87,871,0,WH-C,2022,5,19,2,151.0,-0.079,0,0
2022-05-22,SKU047,Sports,141,258.66,36471.06,697,0,WH-A,2022,5,20,2,147.2,-0.042,0,0
2022-05-29,SKU047,Sports,148,375.24,55535.52,134,0,WH-A,2022,5,21,2,142.0,0.042,0,0
2022-06-05,SKU047,Sports,121,286.94,34719.74,811,0,WH-B,2022,6,22,2,137.2,-0.118,0,0
2022-06-12,SKU047,Sports,146,109.81,16032.26,818,1,WH-A,2022,6,23,2,139.0,0.05,0,146
2022-06-19,SKU047,Sports,83,115.95,9623.85,23,0,WH-B,2022,6,24,2,124.5,-0.333,1,0
2022-06-26,SKU047,Sports,154,358.13,55152.02,537,0,WH-B,2022,6,25,2,126.0,0.222,0,0
2022-07-03,SKU047,Sports,139,422.02,58660.78,14,0,WH-B,2022,7,26,3,130.5,0.065,1,0
2022-07-10,SKU047,Sports,129,362.32,46739.28,626,0,WH-C,2022,7,27,3,126.2,0.022,0,0
2022-07-17,SKU047,Sports,176,145.25,25564.0,640,0,WH-A,2022,7,28,3,149.5,0.177,0,0
2022-07-24,SKU047,Sports,110,183.17,20148.7,144,0,WH-A,2022,7,29,3,138.5,-0.206,0,0
2022-07-31,SKU047,Sports,139,426.45,59276.55,24,0,WH-B,2022,7,30,3,138.5,0.004,1,0
2022-08-07,SKU047,Sports,139,327.16,45475.24,408,0,WH-A,2022,8,31,3,141.0,-0.014,0,0
2022-08-14,SKU047,Sports,175,366.0,64050.0,460,0,WH-C,2022,8,32,3,140.8,0.243,0,0
2022-08-21,SKU047,Sports,129,154.2,19891.8,19,0,WH-A,2022,8,33,3,145.5,-0.113,1,0
2022-08-28,SKU047,Sports,145,125.31,18169.95,679,0,WH-A,2022,8,34,3,147.0,-0.014,0,0
2022-09-04,SKU047,Sports,140,181.39,25394.6,545,0,WH-A,2022,9,35,3,147.2,-0.049,0,0
2022-09-11,SKU047,Sports,108,342.64,37005.12,468,1,WH-A,2022,9,36,3,130.5,-0.172,0,108
2022-09-18,SKU047,Sports,142,488.16,69318.72,780,0,WH-A,2022,9,37,3,133.8,0.061,0,0
2022-09-25,SKU047,Sports,140,50.41,7057.4,479,0,WH-A,2022,9,38,3,132.5,0.057,0,0
2022-10-02,SKU047,Sports,101,71.89,7260.89,147,0,WH-C,2022,10,39,4,122.8,-0.178,0,0
2022-10-09,SKU047,Sports,83,330.23,27409.09,441,0,WH-A,2022,10,40,4,116.5,-0.288,0,0
2022-10-16,SKU047,Sports,117,47.98,5613.66,338,1,WH-C,2022,10,41,4,110.2,0.062,0,117
2022-10-23,SKU047,Sports,139,305.54,42470.06,216,0,WH-B,2022,10,42,4,110.0,0.264,0,0
2022-10-30,SKU047,Sports,33,358.48,11829.84,172,0,WH-A,2022,10,43,4,93.0,-0.645,0,0
2022-11-06,SKU047,Sports,97,91.91,8915.27,483,0,WH-A,2022,11,44,4,96.5,0.005,0,0
2022-11-13,SKU047,Sports,42,432.13,18149.46,222,0,WH-A,2022,11,45,4,77.8,-0.46,0,0
2022-11-20,SKU047,Sports,81,272.6,22080.6,413,0,WH-B,2022,11,46,4,63.2,0.282,0,0
2022-11-27,SKU047,Sports,63,303.48,19119.24,59,0,WH-B,2022,11,47,4,70.8,-0.11,0,0
2022-12-04,SKU047,Sports,85,222.9,18946.5,886,0,WH-C,2022,12,48,4,67.8,0.254,0,0
2022-12-11,SKU047,Sports,121,404.71,48969.91,384,0,WH-C,2022,12,49,4,87.5,0.383,0,0
2022-12-18,SKU047,Sports,102,250.93,25594.86,351,0,WH-B,2022,12,50,4,92.8,0.099,0,0
2022-12-25,SKU047,Sports,110,78.56,8641.6,545,0,WH-A,2022,12,51,4,104.5,0.053,0,0
2023-01-01,SKU047,Sports,147,377.94,55557.18,922,0,WH-A,2023,1,52,1,120.0,0.225,0,0
2023-01-08,SKU047,Sports,161,266.05,42834.05,868,0,WH-C,2023,1,1,1,130.0,0.238,0,0
2023-01-15,SKU047,Sports,168,263.7,44301.6,817,0,WH-C,2023,1,2,1,146.5,0.147,0,0
2023-01-22,SKU047,Sports,180,366.72,66009.6,163,0,WH-C,2023,1,3,1,164.0,0.098,0,0
2023-01-29,SKU047,Sports,159,33.7,5358.3,854,0,WH-A,2023,1,4,1,167.0,-0.048,0,0
2023-02-05,SKU047,Sports,177,308.08,54530.16,872,1,WH-C,2023,2,5,1,171.0,0.035,0,177
2023-02-12,SKU047,Sports,170,131.8,22406.0,698,0,WH-B,2023,2,6,1,171.5,-0.009,0,0
2023-02-19,SKU047,Sports,170,294.43,50053.1,288,0,WH-B,2023,2,7,1,169.0,0.006,0,0
2023-02-26,SKU047,Sports,154,393.09,60535.86,172,0,WH-C,2023,2,8,1,167.8,-0.082,0,0
2023-03-05,SKU047,Sports,201,28.69,5766.69,444,0,WH-C,2023,3,9,1,173.8,0.157,0,0
2023-03-12,SKU047,Sports,195,291.03,56750.85,551,0,WH-A,2023,3,10,1,180.0,0.083,0,0
2023-03-19,SKU047,Sports,204,103.14,21040.56,819,0,WH-C,2023,3,11,1,188.5,0.082,0,0
2023-03-26,SKU047,Sports,175,156.01,27301.75,956,0,WH-C,2023,3,12,1,193.8,-0.097,0,0
2023-04-02,SKU047,Sports,218,156.01,34010.18,520,0,WH-B,2023,4,13,2,198.0,0.101,0,0
2023-04-09,SKU047,Sports,169,199.23,33669.87,710,0,WH-C,2023,4,14,2,191.5,-0.117,0,0
2023-04-16,SKU047,Sports,139,380.33,52865.87,283,0,WH-C,2023,4,15,2,175.2,-0.207,0,0
2023-04-23,SKU047,Sports,138,277.08,38237.04,497,0,WH-B,2023,4,16,2,166.0,-0.169,0,0
2023-04-30,SKU047,Sports,158,276.36,43664.88,944,1,WH-B,2023,4,17,2,151.0,0.046,0,158
2023-05-07,SKU047,Sports,160,313.35,50136.0,62,1,WH-A,2023,5,18,2,148.8,0.075,0,160
2023-05-14,SKU047,Sports,162,447.52,72498.24,176,0,WH-C,2023,5,19,2,154.5,0.049,0,0
2023-05-21,SKU047,Sports,139,222.73,30959.47,774,0,WH-C,2023,5,20,2,154.8,-0.102,0,0
2023-05-28,SKU047,Sports,139,175.46,24388.94,642,0,WH-A,2023,5,21,2,150.0,-0.073,0,0
2023-06-04,SKU047,Sports,126,277.44,34957.44,423,0,WH-B,2023,6,22,2,141.5,-0.11,0,0
2023-06-11,SKU047,Sports,121,287.57,34795.97,113,0,WH-A,2023,6,23,2,131.2,-0.078,0,0
2023-06-18,SKU047,Sports,136,204.49,27810.64,533,0,WH-A,2023,6,24,2,130.5,0.042,0,0
2023-06-25,SKU047,Sports,119,213.98,25463.62,863,0,WH-C,2023,6,25,2,125.5,-0.052,0,0
2023-07-02,SKU047,Sports,120,497.47,59696.4,49,1,WH-C,2023,7,26,3,124.0,-0.032,1,120
2023-07-09,SKU047,Sports,142,244.0,34648.0,99,0,WH-C,2023,7,27,3,129.2,0.099,0,0
2023-07-16,SKU047,Sports,155,15.4,2387.0,197,0,WH-A,2023,7,28,3,134.0,0.157,0,0
2023-07-23,SKU047,Sports,152,119.89,18223.28,480,1,WH-B,2023,7,29,3,142.2,0.069,0,152
2023-07-30,SKU047,Sports,164,427.32,70080.48,335,1,WH-B,2023,7,30,3,153.2,0.07,0,164
2023-08-06,SKU047,Sports,95,278.92,26497.4,627,1,WH-C,2023,8,31,3,141.5,-0.329,0,95
2023-08-13,SKU047,Sports,131,288.44,37785.64,419,0,WH-A,2023,8,32,3,135.5,-0.033,0,0
2023-08-20,SKU047,Sports,149,26.36,3927.64,391,0,WH-A,2023,8,33,3,134.8,0.105,0,0
2023-08-27,SKU047,Sports,112,163.7,18334.4,69,0,WH-C,2023,8,34,3,121.8,-0.08,0,0
2023-09-03,SKU047,Sports,163,226.39,36901.57,249,0,WH-A,2023,9,35,3,138.8,0.174,0,0
2023-09-10,SKU047,Sports,111,75.77,8410.47,363,0,WH-B,2023,9,36,3,133.8,-0.17,0,0
2023-09-17,SKU047,Sports,96,413.15,39662.4,317,0,WH-A,2023,9,37,3,120.5,-0.203,0,0
2023-09-24,SKU047,Sports,96,243.55,23380.8,613,0,WH-C,2023,9,38,3,116.5,-0.176,0,0
2023-10-01,SKU047,Sports,84,77.03,6470.52,571,0,WH-A,2023,10,39,4,96.8,-0.132,0,0
2023-10-08,SKU047,Sports,81,387.59,31394.79,973,0,WH-B,2023,10,40,4,89.2,-0.092,0,0
2023-10-15,SKU047,Sports,54,270.2,14590.8,404,0,WH-B,2023,10,41,4,78.8,-0.315,0,0
2023-10-22,SKU047,Sports,99,92.6,9167.4,19,0,WH-C,2023,10,42,4,79.5,0.245,1,0
2023-10-29,SKU047,Sports,74,61.95,4584.3,587,1,WH-A,2023,10,43,4,77.0,-0.039,0,74
2023-11-05,SKU047,Sports,88,194.9,17151.2,508,0,WH-A,2023,11,44,4,78.8,0.117,0,0
2023-11-12,SKU047,Sports,52,66.56,3461.12,513,0,WH-C,2023,11,45,4,78.2,-0.335,0,0
2023-11-19,SKU047,Sports,93,293.18,27265.74,937,0,WH-B,2023,11,46,4,76.8,0.211,0,0
2023-11-26,SKU047,Sports,83,384.64,31925.12,679,0,WH-C,2023,11,47,4,79.0,0.051,0,0
2023-12-03,SKU047,Sports,68,463.5,31518.0,326,0,WH-C,2023,12,48,4,74.0,-0.081,0,0
2023-12-10,SKU047,Sports,112,149.64,16759.68,543,0,WH-A,2023,12,49,4,89.0,0.258,0,0
2023-12-17,SKU047,Sports,98,262.46,25721.08,526,0,WH-C,2023,12,50,4,90.2,0.086,0,0
2023-12-24,SKU047,Sports,135,82.98,11202.3,179,0,WH-C,2023,12,51,4,103.2,0.308,0,0
2023-12-31,SKU047,Sports,166,221.6,36785.6,163,0,WH-C,2023,12,52,4,127.8,0.299,0,0
2024-01-07,SKU047,Sports,171,127.6,21819.6,688,0,WH-A,2024,1,1,1,142.5,0.2,0,0
2024-01-14,SKU047,Sports,167,296.9,49582.3,366,0,WH-C,2024,1,2,1,159.8,0.045,0,0
2024-01-21,SKU047,Sports,187,28.54,5336.98,15,0,WH-C,2024,1,3,1,172.8,0.082,1,0
2024-01-28,SKU047,Sports,139,130.76,18175.64,422,0,WH-B,2024,1,4,1,166.0,-0.163,0,0
2024-02-04,SKU047,Sports,216,59.24,12795.84,72,0,WH-B,2024,2,5,1,177.2,0.219,0,0
2024-02-11,SKU047,Sports,172,122.38,21049.36,415,0,WH-B,2024,2,6,1,178.5,-0.036,0,0
2024-02-18,SKU047,Sports,166,328.27,54492.82,379,0,WH-C,2024,2,7,1,173.2,-0.042,0,0
2024-02-25,SKU047,Sports,182,161.17,29332.94,727,0,WH-A,2024,2,8,1,184.0,-0.011,0,0
2024-03-03,SKU047,Sports,201,331.87,66705.87,812,1,WH-A,2024,3,9,1,180.2,0.115,0,201
2024-03-10,SKU047,Sports,191,449.88,85927.08,556,1,WH-A,2024,3,10,1,185.0,0.032,0,191
2024-03-17,SKU047,Sports,182,197.97,36030.54,559,0,WH-B,2024,3,11,1,189.0,-0.037,0,0
2024-03-24,SKU047,Sports,211,389.1,82100.1,992,0,WH-C,2024,3,12,1,196.2,0.075,0,0
2024-03-31,SKU047,Sports,139,199.64,27749.96,877,0,WH-C,2024,3,13,1,180.8,-0.231,0,0
2024-04-07,SKU047,Sports,147,353.65,51986.55,16,0,WH-A,2024,4,14,2,169.8,-0.134,1,0
2024-04-14,SKU047,Sports,172,97.13,16706.36,886,0,WH-B,2024,4,15,2,167.2,0.029,0,0
2024-04-21,SKU047,Sports,139,134.43,18685.77,264,0,WH-B,2024,4,16,2,149.2,-0.068,0,0
2024-04-28,SKU047,Sports,184,388.52,71487.68,769,0,WH-A,2024,4,17,2,160.5,0.146,0,0
2024-05-05,SKU047,Sports,128,130.18,16663.04,297,0,WH-A,2024,5,18,2,155.8,-0.178,0,0
2024-05-12,SKU047,Sports,159,15.4,2448.6,252,0,WH-A,2024,5,19,2,152.5,0.043,0,0
2024-05-19,SKU047,Sports,174,230.63,40129.62,231,1,WH-C,2024,5,20,2,161.2,0.079,0,174
2024-05-26,SKU047,Sports,82,150.25,12320.5,587,0,WH-A,2024,5,21,2,135.8,-0.396,0,0
2024-06-02,SKU047,Sports,133,34.21,4549.93,851,0,WH-B,2024,6,22,2,137.0,-0.029,0,0
2024-06-09,SKU047,Sports,134,382.79,51293.86,238,0,WH-B,2024,6,23,2,130.8,0.024,0,0
2024-06-16,SKU047,Sports,172,472.04,81190.88,53,0,WH-A,2024,6,24,2,130.2,0.321,0,0
2024-06-23,SKU047,Sports,111,472.69,52468.59,419,0,WH-B,2024,6,25,2,137.5,-0.193,0,0
2024-06-30,SKU047,Sports,147,494.69,72719.43,170,0,WH-B,2024,6,26,2,141.0,0.043,0,0
2024-07-07,SKU047,Sports,114,437.76,49904.64,18,0,WH-A,2024,7,27,3,136.0,-0.162,1,0
2024-07-14,SKU047,Sports,104,32.87,3418.48,783,0,WH-B,2024,7,28,3,119.0,-0.126,0,0
2024-07-21,SKU047,Sports,138,256.69,35423.22,352,0,WH-A,2024,7,29,3,125.8,0.097,0,0
2024-07-28,SKU047,Sports,107,213.1,22801.7,640,0,WH-C,2024,7,30,3,115.8,-0.076,0,0
2024-08-04,SKU047,Sports,167,20.43,3411.81,176,0,WH-B,2024,8,31,3,129.0,0.295,0,0
2024-08-11,SKU047,Sports,130,90.37,11748.1,21,0,WH-A,2024,8,32,3,135.5,-0.041,1,0
2024-08-18,SKU047,Sports,113,213.39,24113.07,800,0,WH-A,2024,8,33,3,129.2,-0.125,0,0
2024-08-25,SKU047,Sports,111,98.9,10977.9,703,0,WH-C,2024,8,34,3,130.2,-0.147,0,0
2024-09-01,SKU047,Sports,138,243.1,33547.8,406,0,WH-C,2024,9,35,3,123.0,0.122,0,0
2024-09-08,SKU047,Sports,119,161.38,19204.22,104,0,WH-A,2024,9,36,3,120.2,-0.01,0,0
2024-09-15,SKU047,Sports,116,318.73,36972.68,366,0,WH-C,2024,9,37,3,121.0,-0.041,0,0
2024-09-22,SKU047,Sports,133,331.26,44057.58,871,0,WH-B,2024,9,38,3,126.5,0.051,0,0
2024-09-29,SKU047,Sports,76,298.6,22693.6,289,0,WH-A,2024,9,39,3,111.0,-0.315,0,0
2024-10-06,SKU047,Sports,84,341.39,28676.76,39,0,WH-B,2024,10,40,4,102.2,-0.178,1,0
2024-10-13,SKU047,Sports,48,55.23,2651.04,676,0,WH-A,2024,10,41,4,85.2,-0.437,0,0
2024-10-20,SKU047,Sports,90,76.75,6907.5,760,0,WH-C,2024,10,42,4,74.5,0.208,0,0
2024-10-27,SKU047,Sports,42,182.71,7673.82,61,0,WH-C,2024,10,43,4,66.0,-0.364,0,0
2024-11-03,SKU047,Sports,87,105.91,9214.17,839,1,WH-B,2024,11,44,4,66.8,0.302,0,87
2024-11-10,SKU047,Sports,65,243.02,15796.3,479,0,WH-C,2024,11,45,4,71.0,-0.085,0,0
2024-11-17,SKU047,Sports,107,375.46,40174.22,43,0,WH-A,2024,11,46,4,75.2,0.423,1,0
2024-11-24,SKU047,Sports,83,418.87,34766.21,706,0,WH-C,2024,11,47,4,85.5,-0.029,0,0
2024-12-01,SKU047,Sports,120,311.0,37320.0,152,0,WH-B,2024,12,48,4,93.8,0.279,0,0
2024-12-08,SKU047,Sports,97,154.57,14993.29,428,0,WH-A,2024,12,49,4,101.8,-0.047,0,0
2024-12-15,SKU047,Sports,117,222.75,26061.75,713,0,WH-C,2024,12,50,4,104.2,0.123,0,0
2024-12-22,SKU047,Sports,144,91.84,13224.96,606,0,WH-B,2024,12,51,4,119.5,0.205,0,0
2024-12-29,SKU047,Sports,124,465.48,57719.52,16,0,WH-B,2024,12,52,4,120.5,0.029,1,0
2022-01-02,SKU048,Sports,308,71.04,21880.32,297,0,WH-A,2022,1,52,1,308.0,0.0,0,0
2022-01-09,SKU048,Sports,264,238.23,62892.72,435,0,WH-C,2022,1,1,1,286.0,-0.077,0,0
2022-01-16,SKU048,Sports,319,370.12,118068.28,212,0,WH-A,2022,1,2,1,297.0,0.074,0,0
2022-01-23,SKU048,Sports,334,240.0,80160.0,683,0,WH-C,2022,1,3,1,306.2,0.091,0,0
2022-01-30,SKU048,Sports,338,21.32,7206.16,88,0,WH-C,2022,1,4,1,313.8,0.077,0,0
2022-02-06,SKU048,Sports,398,26.59,10582.82,208,0,WH-A,2022,2,5,1,347.2,0.146,0,0
2022-02-13,SKU048,Sports,417,219.28,91439.76,306,0,WH-A,2022,2,6,1,371.8,0.122,0,0
2022-02-20,SKU048,Sports,436,441.32,192415.52,282,0,WH-A,2022,2,7,1,397.2,0.098,0,0
2022-02-27,SKU048,Sports,444,112.1,49772.4,532,0,WH-B,2022,2,8,1,423.8,0.048,0,0
2022-03-06,SKU048,Sports,426,45.55,19404.3,516,1,WH-C,2022,3,9,1,430.8,-0.011,0,426
2022-03-13,SKU048,Sports,379,64.89,24593.31,712,0,WH-C,2022,3,10,1,421.2,-0.1,0,0
2022-03-20,SKU048,Sports,402,352.78,141817.56,593,0,WH-C,2022,3,11,1,412.8,-0.026,0,0
2022-03-27,SKU048,Sports,400,190.05,76020.0,857,1,WH-A,2022,3,12,1,401.8,-0.004,0,400
2022-04-03,SKU048,Sports,387,84.49,32697.63,412,0,WH-C,2022,4,13,2,392.0,-0.013,0,0
2022-04-10,SKU048,Sports,360,83.28,29980.8,36,0,WH-C,2022,4,14,2,387.2,-0.07,1,0
2022-04-17,SKU048,Sports,335,80.13,26843.55,754,1,WH-C,2022,4,15,2,370.5,-0.096,0,335
2022-04-24,SKU048,Sports,289,403.92,116732.88,287,0,WH-B,2022,4,16,2,342.8,-0.157,0,0
2022-05-01,SKU048,Sports,323,236.67,76444.41,363,0,WH-C,2022,5,17,2,326.8,-0.012,0,0
2022-05-08,SKU048,Sports,313,196.27,61432.51,904,0,WH-C,2022,5,18,2,315.0,-0.006,0,0
2022-05-15,SKU048,Sports,326,249.96,81486.96,548,0,WH-A,2022,5,19,2,312.8,0.042,0,0
2022-05-22,SKU048,Sports,268,183.73,49239.64,3,0,WH-B,2022,5,20,2,307.5,-0.128,1,0
2022-05-29,SKU048,Sports,263,408.83,107522.29,977,0,WH-B,2022,5,21,2,292.5,-0.101,0,0
2022-06-05,SKU048,Sports,280,71.18,19930.4,322,0,WH-B,2022,6,22,2,284.2,-0.015,0,0
2022-06-12,SKU048,Sports,273,254.26,69412.98,106,0,WH-A,2022,6,23,2,271.0,0.007,0,0
2022-06-19,SKU048,Sports,324,247.48,80183.52,274,1,WH-B,2022,6,24,2,285.0,0.137,0,324
2022-06-26,SKU048,Sports,279,463.08,129199.32,321,1,WH-B,2022,6,25,2,289.0,-0.035,0,279
2022-07-03,SKU048,Sports,314,410.33,128843.62,748,0,WH-B,2022,7,26,3,297.5,0.055,0,0
2022-07-10,SKU048,Sports,253,49.23,12455.19,366,0,WH-C,2022,7,27,3,292.5,-0.135,0,0
2022-07-17,SKU048,Sports,282,498.05,140450.1,638,0,WH-B,2022,7,28,3,282.0,0.0,0,0
2022-07-24,SKU048,Sports,285,246.5,70252.5,31,0,WH-C,2022,7,29,3,283.5,0.005,1,0
2022-07-31,SKU048,Sports,271,445.46,120719.66,232,0,WH-C,2022,7,30,3,272.8,-0.007,0,0
2022-08-07,SKU048,Sports,324,155.05,50236.2,122,0,WH-C,2022,8,31,3,290.5,0.115,0,0
2022-08-14,SKU048,Sports,318,96.39,30652.02,128,0,WH-A,2022,8,32,3,299.5,0.062,0,0
2022-08-21,SKU048,Sports,276,267.96,73956.96,860,0,WH-A,2022,8,33,3,297.2,-0.071,0,0
2022-08-28,SKU048,Sports,269,384.91,103540.79,673,0,WH-C,2022,8,34,3,296.8,-0.094,0,0
2022-09-04,SKU048,Sports,268,382.62,102542.16,126,1,WH-B,2022,9,35,3,282.8,-0.052,0,268
2022-09-11,SKU048,Sports,279,217.34,60637.86,190,1,WH-C,2022,9,36,3,273.0,0.022,0,279
2022-09-18,SKU048,Sports,231,77.15,17821.65,211,0,WH-C,2022,9,37,3,261.8,-0.118,0,0
2022-09-25,SKU048,Sports,175,383.51,67114.25,233,1,WH-B,2022,9,38,3,238.2,-0.265,0,175
2022-10-02,SKU048,Sports,238,449.53,106988.14,854,0,WH-C,2022,10,39,4,230.8,0.031,0,0
2022-10-09,SKU048,Sports,206,212.91,43859.46,166,0,WH-C,2022,10,40,4,212.5,-0.031,0,0
2022-10-16,SKU048,Sports,190,338.1,64239.0,285,0,WH-B,2022,10,41,4,202.2,-0.06,0,0
2022-10-23,SKU048,Sports,182,216.26,39359.32,383,0,WH-A,2022,10,42,4,204.0,-0.108,0,0
2022-10-30,SKU048,Sports,179,301.0,53879.0,867,0,WH-C,2022,10,43,4,189.2,-0.054,0,0
2022-11-06,SKU048,Sports,180,165.84,29851.2,335,0,WH-B,2022,11,44,4,182.8,-0.015,0,0
2022-11-13,SKU048,Sports,140,47.05,6587.0,847,1,WH-C,2022,11,45,4,170.2,-0.177,0,140
2022-11-20,SKU048,Sports,179,181.88,32556.52,958,0,WH-A,2022,11,46,4,169.5,0.056,0,0
2022-11-27,SKU048,Sports,276,242.93,67048.68,970,0,WH-C,2022,11,47,4,193.8,0.424,0,0
2022-12-04,SKU048,Sports,222,393.24,87299.28,804,0,WH-A,2022,12,48,4,204.2,0.087,0,0
2022-12-11,SKU048,Sports,276,213.74,58992.24,988,0,WH-C,2022,12,49,4,238.2,0.159,0,0
2022-12-18,SKU048,Sports,228,485.22,110630.16,291,0,WH-A,2022,12,50,4,250.5,-0.09,0,0
2022-12-25,SKU048,Sports,285,447.87,127642.95,27,1,WH-B,2022,12,51,4,252.8,0.127,1,285
2023-01-01,SKU048,Sports,275,471.3,129607.5,809,0,WH-B,2023,1,52,1,266.0,0.034,0,0
2023-01-08,SKU048,Sports,317,378.75,120063.75,490,0,WH-C,2023,1,1,1,276.2,0.148,0,0
2023-01-15,SKU048,Sports,324,57.66,18681.84,914,1,WH-C,2023,1,2,1,300.2,0.079,0,324
2023-01-22,SKU048,Sports,366,178.5,65331.0,900,1,WH-C,2023,1,3,1,320.5,0.142,0,366
2023-01-29,SKU048,Sports,380,361.01,137183.8,160,0,WH-B,2023,1,4,1,346.8,0.096,0,0
2023-02-05,SKU048,Sports,371,226.55,84050.05,660,0,WH-B,2023,2,5,1,360.2,0.03,0,0
2023-02-12,SKU048,Sports,408,474.33,193526.64,74,0,WH-A,2023,2,6,1,381.2,0.07,0,0
2023-02-19,SKU048,Sports,405,95.43,38649.15,967,0,WH-C,2023,2,7,1,391.0,0.036,0,0
2023-02-26,SKU048,Sports,407,184.33,75022.31,587,0,WH-A,2023,2,8,1,397.8,0.023,0,0
2023-03-05,SKU048,Sports,412,321.01,132256.12,538,1,WH-C,2023,3,9,1,408.0,0.01,0,412
2023-03-12,SKU048,Sports,374,261.12,97658.88,118,0,WH-C,2023,3,10,1,399.5,-0.064,0,0
2023-03-19,SKU048,Sports,405,264.63,107175.15,317,0,WH-B,2023,3,11,1,399.5,0.014,0,0
2023-03-26,SKU048,Sports,369,115.71,42696.99,563,1,WH-A,2023,3,12,1,390.0,-0.054,0,369
2023-04-02,SKU048,Sports,363,444.61,161393.43,56,0,WH-A,2023,4,13,2,377.8,-0.039,0,0
2023-04-09,SKU048,Sports,344,85.35,29360.4,965,0,WH-C,2023,4,14,2,370.2,-0.071,0,0
2023-04-16,SKU048,Sports,352,237.245,83510.24,827,0,WH-B,2023,4,15,2,357.0,-0.014,0,0
2023-04-23,SKU048,Sports,335,171.18,57345.3,478,0,WH-B,2023,4,16,2,348.5,-0.039,0,0
2023-04-30,SKU048,Sports,330,350.66,115717.8,336,0,WH-C,2023,4,17,2,340.2,-0.03,0,0
2023-05-07,SKU048,Sports,288,418.36,120487.68,245,0,WH-B,2023,5,18,2,326.2,-0.117,0,0
2023-05-14,SKU048,Sports,270,438.29,118338.3,252,0,WH-A,2023,5,19,2,305.8,-0.117,0,0
2023-05-21,SKU048,Sports,234,65.21,15259.14,890,0,WH-A,2023,5,20,2,280.5,-0.166,0,0
2023-05-28,SKU048,Sports,294,26.96,7926.24,85,0,WH-B,2023,5,21,2,271.5,0.083,0,0
2023-06-04,SKU048,Sports,259,119.34,30909.06,168,0,WH-B,2023,6,22,2,264.2,-0.02,0,0
2023-06-11,SKU048,Sports,271,416.0,112736.0,797,0,WH-C,2023,6,23,2,264.5,0.025,0,0
2023-06-18,SKU048,Sports,271,279.02,75614.42,843,0,WH-B,2023,6,24,2,273.8,-0.01,0,0
2023-06-25,SKU048,Sports,238,206.92,49246.96,578,0,WH-B,2023,6,25,2,259.8,-0.084,0,0
2023-07-02,SKU048,Sports,271,447.06,121153.26,490,0,WH-A,2023,7,26,3,262.8,0.031,0,0
2023-07-09,SKU048,Sports,276,389.36,107463.36,946,1,WH-C,2023,7,27,3,264.0,0.045,0,276
2023-07-16,SKU048,Sports,296,336.87,99713.52,211,1,WH-B,2023,7,28,3,270.2,0.095,0,296
2023-07-23,SKU048,Sports,311,193.6,60209.6,343,0,WH-B,2023,7,29,3,288.5,0.078,0,0
2023-07-30,SKU048,Sports,281,104.04,29235.24,380,0,WH-B,2023,7,30,3,291.0,-0.034,0,0
2023-08-06,SKU048,Sports,312,151.2,47174.4,316,0,WH-A,2023,8,31,3,300.0,0.04,0,0
2023-08-13,SKU048,Sports,286,237.245,67852.07,928,0,WH-A,2023,8,32,3,297.5,-0.039,0,0
2023-08-20,SKU048,Sports,276,169.3,46726.8,27,1,WH-A,2023,8,33,3,288.8,-0.044,1,276
2023-08-27,SKU048,Sports,263,62.59,16461.17,69,0,WH-C,2023,8,34,3,284.2,-0.075,0,0
2023-09-03,SKU048,Sports,226,77.82,17587.32,701,0,WH-A,2023,9,35,3,262.8,-0.14,0,0
2023-09-10,SKU048,Sports,239,357.59,85464.01,982,0,WH-A,2023,9,36,3,251.0,-0.048,0,0
2023-09-17,SKU048,Sports,227,49.47,11229.69,445,0,WH-A,2023,9,37,3,238.8,-0.049,0,0
2023-09-24,SKU048,Sports,194,127.6,24754.4,152,0,WH-B,2023,9,38,3,221.5,-0.124,0,0
2023-10-01,SKU048,Sports,211,237.245,50058.7,124,0,WH-A,2023,10,39,4,217.8,-0.031,0,0
2023-10-08,SKU048,Sports,193,253.56,48937.08,151,0,WH-A,2023,10,40,4,206.2,-0.064,0,0
2023-10-15,SKU048,Sports,158,388.5,61383.0,637,0,WH-B,2023,10,41,4,189.0,-0.164,0,0
2023-10-22,SKU048,Sports,140,16.75,2345.0,114,0,WH-A,2023,10,42,4,175.5,-0.202,0,0
2023-10-29,SKU048,Sports,133,104.09,13843.97,320,0,WH-C,2023,10,43,4,156.0,-0.147,0,0
2023-11-05,SKU048,Sports,118,42.56,5022.08,64,0,WH-C,2023,11,44,4,137.2,-0.14,0,0
2023-11-12,SKU048,Sports,198,291.66,57748.68,548,0,WH-A,2023,11,45,4,147.2,0.345,0,0
2023-11-19,SKU048,Sports,165,13.95,2301.75,591,0,WH-C,2023,11,46,4,153.5,0.075,0,0
2023-11-26,SKU048,Sports,185,78.08,14444.8,703,0,WH-B,2023,11,47,4,166.5,0.111,0,0
2023-12-03,SKU048,Sports,202,398.51,80499.02,905,0,WH-C,2023,12,48,4,187.5,0.077,0,0
2023-12-10,SKU048,Sports,245,224.89,55098.05,981,0,WH-C,2023,12,49,4,199.2,0.23,0,0
2023-12-17,SKU048,Sports,250,385.66,96415.0,341,0,WH-A,2023,12,50,4,220.5,0.134,0,0
2023-12-24,SKU048,Sports,256,86.44,22128.64,215,0,WH-B,2023,12,51,4,238.2,0.075,0,0
2023-12-31,SKU048,Sports,260,487.15,126659.0,132,0,WH-A,2023,12,52,4,252.8,0.028,0,0
2024-01-07,SKU048,Sports,309,212.18,65563.62,392,0,WH-C,2024,1,1,1,268.8,0.15,0,0
2024-01-14,SKU048,Sports,324,494.97,160370.28,892,0,WH-B,2024,1,2,1,287.2,0.128,0,0
2024-01-21,SKU048,Sports,329,360.26,118525.54,38,0,WH-C,2024,1,3,1,305.5,0.077,1,0
2024-01-28,SKU048,Sports,347,360.06,124940.82,883,0,WH-B,2024,1,4,1,327.2,0.061,0,0
2024-02-04,SKU048,Sports,334,114.96,38396.64,709,0,WH-C,2024,2,5,1,333.5,0.001,0,0
2024-02-11,SKU048,Sports,422,245.55,103622.1,342,0,WH-A,2024,2,6,1,358.0,0.179,0,0
2024-02-18,SKU048,Sports,403,306.31,123442.93,642,1,WH-C,2024,2,7,1,376.5,0.07,0,403
2024-02-25,SKU048,Sports,401,408.18,163680.18,604,0,WH-A,2024,2,8,1,390.0,0.028,0,0
2024-03-03,SKU048,Sports,395,23.21,9167.95,855,0,WH-A,2024,3,9,1,405.2,-0.025,0,0
2024-03-10,SKU048,Sports,361,299.84,108242.24,807,0,WH-C,2024,3,10,1,390.0,-0.074,0,0
2024-03-17,SKU048,Sports,387,302.31,116993.97,850,1,WH-C,2024,3,11,1,386.0,0.003,0,387
2024-03-24,SKU048,Sports,340,492.63,167494.2,689,0,WH-A,2024,3,12,1,370.8,-0.083,0,0
2024-03-31,SKU048,Sports,370,265.27,98149.9,496,0,WH-B,2024,3,13,1,364.5,0.015,0,0
2024-04-07,SKU048,Sports,276,97.42,26887.92,770,0,WH-B,2024,4,14,2,343.2,-0.196,0,0
2024-04-14,SKU048,Sports,313,497.08,155586.04,43,0,WH-C,2024,4,15,2,324.8,-0.036,1,0
2024-04-21,SKU048,Sports,341,290.51,99063.91,248,0,WH-C,2024,4,16,2,325.0,0.049,0,0
2024-04-28,SKU048,Sports,298,367.97,109655.06,625,0,WH-A,2024,4,17,2,307.0,-0.029,0,0
2024-05-05,SKU048,Sports,301,203.55,61268.55,679,0,WH-C,2024,5,18,2,313.2,-0.039,0,0
2024-05-12,SKU048,Sports,276,114.16,31508.16,757,1,WH-C,2024,5,19,2,304.0,-0.092,0,276
2024-05-19,SKU048,Sports,279,455.3,127028.7,858,0,WH-A,2024,5,20,2,288.5,-0.033,0,0
2024-05-26,SKU048,Sports,266,477.62,127046.92,424,0,WH-A,2024,5,21,2,280.5,-0.052,0,0
2024-06-02,SKU048,Sports,314,475.93,149442.02,356,1,WH-A,2024,6,22,2,283.8,0.106,0,314
2024-06-09,SKU048,Sports,218,425.88,92841.84,101,0,WH-B,2024,6,23,2,269.2,-0.19,0,0
2024-06-16,SKU048,Sports,278,278.51,77425.78,366,1,WH-B,2024,6,24,2,269.0,0.033,0,278
2024-06-23,SKU048,Sports,239,37.38,8933.82,217,0,WH-A,2024,6,25,2,262.2,-0.088,0,0
2024-06-30,SKU048,Sports,262,151.17,39606.54,477,0,WH-B,2024,6,26,2,249.2,0.051,0,0
2024-07-07,SKU048,Sports,292,67.78,19791.76,575,1,WH-A,2024,7,27,3,267.8,0.09,0,292
2024-07-14,SKU048,Sports,271,422.2,114416.2,551,0,WH-A,2024,7,28,3,266.0,0.019,0,0
2024-07-21,SKU048,Sports,260,76.33,19845.8,444,0,WH-A,2024,7,29,3,271.2,-0.041,0,0
2024-07-28,SKU048,Sports,280,145.48,40734.4,322,0,WH-A,2024,7,30,3,275.8,0.015,0,0
2024-08-04,SKU048,Sports,258,90.32,23302.56,45,0,WH-A,2024,8,31,3,267.2,-0.034,1,0
2024-08-11,SKU048,Sports,264,416.95,110074.8,340,0,WH-B,2024,8,32,3,265.5,-0.006,0,0
2024-08-18,SKU048,Sports,242,227.37,55023.54,216,0,WH-B,2024,8,33,3,261.0,-0.073,0,0
2024-08-25,SKU048,Sports,258,124.31,32071.98,789,0,WH-B,2024,8,34,3,255.5,0.01,0,0
2024-09-01,SKU048,Sports,239,376.6,90007.4,916,0,WH-A,2024,9,35,3,250.8,-0.047,0,0
2024-09-08,SKU048,Sports,224,467.13,104637.12,121,0,WH-A,2024,9,36,3,240.8,-0.07,0,0
2024-09-15,SKU048,Sports,187,435.6,81457.2,89,0,WH-A,2024,9,37,3,227.0,-0.176,0,0
2024-09-22,SKU048,Sports,180,165.62,29811.6,522,0,WH-B,2024,9,38,3,207.5,-0.133,0,0
2024-09-29,SKU048,Sports,148,202.45,29962.6,267,0,WH-B,2024,9,39,3,184.8,-0.199,0,0
2024-10-06,SKU048,Sports,176,140.31,24694.56,652,0,WH-C,2024,10,40,4,172.8,0.019,0,0
2024-10-13,SKU048,Sports,166,69.57,11548.62,185,1,WH-A,2024,10,41,4,167.5,-0.009,0,166
2024-10-20,SKU048,Sports,171,80.39,13746.69,769,0,WH-A,2024,10,42,4,165.2,0.035,0,0
2024-10-27,SKU048,Sports,189,95.53,18055.17,738,0,WH-C,2024,10,43,4,175.5,0.077,0,0
2024-11-03,SKU048,Sports,171,323.65,55344.15,196,0,WH-B,2024,11,44,4,174.2,-0.018,0,0
2024-11-10,SKU048,Sports,172,453.34,77974.48,443,1,WH-C,2024,11,45,4,175.8,-0.022,0,172
2024-11-17,SKU048,Sports,177,48.98,8669.46,77,0,WH-B,2024,11,46,4,177.2,-0.001,0,0
2024-11-24,SKU048,Sports,159,242.24,38516.16,290,0,WH-C,2024,11,47,4,169.8,-0.064,0,0
2024-12-01,SKU048,Sports,225,17.15,3858.75,542,0,WH-A,2024,12,48,4,183.2,0.228,0,0
2024-12-08,SKU048,Sports,204,498.51,101696.04,148,0,WH-A,2024,12,49,4,191.2,0.067,0,0
2024-12-15,SKU048,Sports,229,105.64,24191.56,331,1,WH-C,2024,12,50,4,204.2,0.121,0,229
2024-12-22,SKU048,Sports,242,18.77,4542.34,871,0,WH-C,2024,12,51,4,225.0,0.076,0,0
2024-12-29,SKU048,Sports,277,237.82,65876.14,875,0,WH-B,2024,12,52,4,238.0,0.164,0,0
2022-01-02,SKU049,Sports,507,461.66,234061.62,41,0,WH-B,2022,1,52,1,507.0,0.0,1,0
2022-01-09,SKU049,Sports,507,28.41,14403.87,5,0,WH-C,2022,1,1,1,507.0,0.0,1,0
2022-01-16,SKU049,Sports,569,139.22,79216.18,361,0,WH-C,2022,1,2,1,527.7,0.078,0,0
2022-01-23,SKU049,Sports,548,325.61,178434.28,604,0,WH-B,2022,1,3,1,532.8,0.029,0,0
2022-01-30,SKU049,Sports,680,421.73,286776.4,22,0,WH-A,2022,1,4,1,576.0,0.181,1,0
2022-02-06,SKU049,Sports,668,420.36,280800.48,532,0,WH-A,2022,2,5,1,616.2,0.084,0,0
2022-02-13,SKU049,Sports,649,353.39,229350.11,700,0,WH-C,2022,2,6,1,636.2,0.02,0,0
2022-02-20,SKU049,Sports,668,249.24,166492.32,885,0,WH-A,2022,2,7,1,666.2,0.003,0,0
2022-02-27,SKU049,Sports,732,199.41,145968.12,41,1,WH-C,2022,2,8,1,679.2,0.078,1,732
2022-03-06,SKU049,Sports,720,26.31,18943.2,317,0,WH-C,2022,3,9,1,692.2,0.04,0,0
2022-03-13,SKU049,Sports,667,347.85,232015.95,606,0,WH-A,2022,3,10,1,696.8,-0.043,0,0
2022-03-20,SKU049,Sports,670,50.9,34103.0,954,0,WH-A,2022,3,11,1,697.2,-0.039,0,0
2022-03-27,SKU049,Sports,634,294.63,186795.42,66,1,WH-A,2022,3,12,1,672.8,-0.058,0,634
2022-04-03,SKU049,Sports,657,251.0,164907.0,552,0,WH-C,2022,4,13,2,657.0,0.0,0,0
2022-04-10,SKU049,Sports,598,84.15,50321.7,353,0,WH-A,2022,4,14,2,639.8,-0.065,0,0
2022-04-17,SKU049,Sports,517,412.37,213195.29,367,1,WH-B,2022,4,15,2,601.5,-0.14,0,517
2022-04-24,SKU049,Sports,563,352.96,198716.48,749,0,WH-C,2022,4,16,2,583.8,-0.036,0,0
2022-05-01,SKU049,Sports,570,274.54,156487.8,235,0,WH-B,2022,5,17,2,562.0,0.014,0,0
2022-05-08,SKU049,Sports,507,91.62,46451.34,929,0,WH-C,2022,5,18,2,539.2,-0.06,0,0
2022-05-15,SKU049,Sports,497,357.75,177801.75,772,0,WH-B,2022,5,19,2,534.2,-0.07,0,0
2022-05-22,SKU049,Sports,514,124.03,63751.42,280,0,WH-A,2022,5,20,2,522.0,-0.015,0,0
2022-05-29,SKU049,Sports,471,367.9,173280.9,815,0,WH-A,2022,5,21,2,497.2,-0.053,0,0
2022-06-05,SKU049,Sports,485,299.75,145378.75,614,0,WH-B,2022,6,22,2,491.8,-0.014,0,0
2022-06-12,SKU049,Sports,486,270.98,131696.28,349,1,WH-B,2022,6,23,2,489.0,-0.006,0,486
2022-06-19,SKU049,Sports,470,84.61,39766.7,656,0,WH-A,2022,6,24,2,478.0,-0.017,0,0
2022-06-26,SKU049,Sports,467,184.35,86091.45,209,0,WH-A,2022,6,25,2,477.0,-0.021,0,0
2022-07-03,SKU049,Sports,518,310.93,161061.74,451,1,WH-A,2022,7,26,3,485.2,0.068,0,518
2022-07-10,SKU049,Sports,529,231.95,122701.55,326,0,WH-B,2022,7,27,3,496.0,0.067,0,0
2022-07-17,SKU049,Sports,514,270.78,139180.92,734,0,WH-C,2022,7,28,3,507.0,0.014,0,0
2022-07-24,SKU049,Sports,489,427.7,209145.3,648,0,WH-A,2022,7,29,3,512.5,-0.046,0,0
2022-07-31,SKU049,Sports,483,300.43,145107.69,567,0,WH-A,2022,7,30,3,503.8,-0.041,0,0
2022-08-07,SKU049,Sports,521,73.52,38303.92,99,0,WH-B,2022,8,31,3,501.8,0.038,0,0
2022-08-14,SKU049,Sports,481,27.43,13193.83,128,1,WH-B,2022,8,32,3,493.5,-0.025,0,481
2022-08-21,SKU049,Sports,474,354.91,168227.34,594,0,WH-C,2022,8,33,3,489.8,-0.032,0,0
2022-08-28,SKU049,Sports,441,475.73,209796.93,996,0,WH-C,2022,8,34,3,479.2,-0.08,0,0
2022-09-04,SKU049,Sports,452,86.72,39197.44,351,0,WH-C,2022,9,35,3,462.0,-0.022,0,0
2022-09-11,SKU049,Sports,391,169.57,66301.87,368,0,WH-C,2022,9,36,3,439.5,-0.11,0,0
2022-09-18,SKU049,Sports,381,449.85,171392.85,577,0,WH-C,2022,9,37,3,416.2,-0.085,0,0
2022-09-25,SKU049,Sports,369,196.42,72478.98,10,0,WH-C,2022,9,38,3,398.2,-0.073,1,0
2022-10-02,SKU049,Sports,334,211.61,70677.74,101,0,WH-A,2022,10,39,4,368.8,-0.094,0,0
2022-10-09,SKU049,Sports,317,298.34,94573.78,106,0,WH-C,2022,10,40,4,350.2,-0.095,0,0
2022-10-16,SKU049,Sports,309,224.28,69302.52,448,0,WH-B,2022,10,41,4,332.2,-0.07,0,0
2022-10-23,SKU049,Sports,293,416.25,121961.25,51,0,WH-C,2022,10,42,4,313.2,-0.064,0,0
2022-10-30,SKU049,Sports,302,26.0,7852.0,851,0,WH-A,2022,10,43,4,305.2,-0.01,0,0
2022-11-06,SKU049,Sports,270,292.44,78958.8,323,1,WH-A,2022,11,44,4,293.5,-0.08,0,270
2022-11-13,SKU049,Sports,290,318.29,92304.1,141,0,WH-B,2022,11,45,4,288.8,0.004,0,0
2022-11-20,SKU049,Sports,307,37.86,11623.02,149,0,WH-A,2022,11,46,4,292.2,0.051,0,0
2022-11-27,SKU049,Sports,323,200.19,64661.37,191,0,WH-A,2022,11,47,4,297.5,0.086,0,0
2022-12-04,SKU049,Sports,312,463.68,144668.16,661,0,WH-B,2022,12,48,4,308.0,0.013,0,0
2022-12-11,SKU049,Sports,406,382.03,155104.18,827,0,WH-A,2022,12,49,4,337.0,0.205,0,0
2022-12-18,SKU049,Sports,431,245.62,105862.22,13,0,WH-C,2022,12,50,4,368.0,0.171,1,0
2022-12-25,SKU049,Sports,495,138.97,68790.15,647,0,WH-B,2022,12,51,4,411.0,0.204,0,0
2023-01-01,SKU049,Sports,535,493.68,264118.8,637,0,WH-A,2023,1,52,1,466.8,0.146,0,0
2023-01-08,SKU049,Sports,548,165.16,90507.68,3,0,WH-B,2023,1,1,1,502.2,0.091,1,0
2023-01-15,SKU049,Sports,601,249.87,150171.87,529,0,WH-C,2023,1,2,1,544.8,0.103,0,0
2023-01-22,SKU049,Sports,629,440.07,276804.03,832,0,WH-A,2023,1,3,1,578.2,0.088,0,0
2023-01-29,SKU049,Sports,666,485.64,323436.24,482,0,WH-B,2023,1,4,1,611.0,0.09,0,0
2023-02-05,SKU049,Sports,679,16.43,11155.97,763,0,WH-B,2023,2,5,1,643.8,0.055,0,0
2023-02-12,SKU049,Sports,692,80.73,55865.16,645,1,WH-C,2023,2,6,1,666.5,0.038,0,692
2023-02-19,SKU049,Sports,746,115.05,85827.3,607,1,WH-A,2023,2,7,1,695.8,0.072,0,746
2023-02-26,SKU049,Sports,707,361.53,255601.71,699,0,WH-B,2023,2,8,1,706.0,0.001,0,0
2023-03-05,SKU049,Sports,744,465.77,346532.88,648,0,WH-C,2023,3,9,1,722.2,0.03,0,0
2023-03-12,SKU049,Sports,723,241.88,174879.24,393,0,WH-B,2023,3,10,1,730.0,-0.01,0,0
2023-03-19,SKU049,Sports,517,55.76,28827.92,133,0,WH-B,2023,3,11,1,672.8,-0.232,0,0
2023-03-26,SKU049,Sports,684,147.89,101156.76,408,1,WH-B,2023,3,12,1,667.0,0.025,0,684
2023-04-02,SKU049,Sports,689,39.91,27497.99,526,0,WH-B,2023,4,13,2,653.2,0.055,0,0
2023-04-09,SKU049,Sports,668,413.04,275910.72,425,0,WH-C,2023,4,14,2,639.5,0.045,0,0
2023-04-16,SKU049,Sports,613,181.87,111486.31,752,0,WH-B,2023,4,15,2,663.5,-0.076,0,0
2023-04-23,SKU049,Sports,626,346.95,217190.7,530,0,WH-A,2023,4,16,2,649.0,-0.035,0,0
2023-04-30,SKU049,Sports,601,357.27,214719.27,950,0,WH-B,2023,4,17,2,627.0,-0.041,0,0
2023-05-07,SKU049,Sports,565,300.61,169844.65,441,1,WH-A,2023,5,18,2,601.2,-0.06,0,565
2023-05-14,SKU049,Sports,527,483.76,254941.52,868,1,WH-C,2023,5,19,2,579.8,-0.091,0,527
2023-05-21,SKU049,Sports,503,170.37,85696.11,116,1,WH-B,2023,5,20,2,549.0,-0.084,0,503
2023-05-28,SKU049,Sports,510,285.3,145503.0,897,1,WH-A,2023,5,21,2,526.2,-0.031,0,510
2023-06-04,SKU049,Sports,504,103.74,52284.96,434,1,WH-C,2023,6,22,2,511.0,-0.014,0,504
2023-06-11,SKU049,Sports,528,264.93,139883.04,586,0,WH-B,2023,6,23,2,511.2,0.033,0,0
2023-06-18,SKU049,Sports,515,355.29,182974.35,76,0,WH-B,2023,6,24,2,514.2,0.002,0,0
2023-06-25,SKU049,Sports,527,325.28,171422.56,449,0,WH-B,2023,6,25,2,518.5,0.016,0,0
2023-07-02,SKU049,Sports,512,372.44,190689.28,869,0,WH-C,2023,7,26,3,520.5,-0.016,0,0
2023-07-09,SKU049,Sports,562,74.87,42076.94,581,0,WH-B,2023,7,27,3,529.0,0.062,0,0
2023-07-16,SKU049,Sports,544,196.7,107004.8,129,0,WH-A,2023,7,28,3,536.2,0.015,0,0
2023-07-23,SKU049,Sports,517,150.59,77855.03,199,0,WH-C,2023,7,29,3,533.8,-0.031,0,0
2023-07-30,SKU049,Sports,517,265.56,137294.52,773,0,WH-A,2023,7,30,3,535.0,-0.034,0,0
2023-08-06,SKU049,Sports,561,427.15,239631.15,665,0,WH-C,2023,8,31,3,534.8,0.049,0,0
2023-08-13,SKU049,Sports,524,126.0,66024.0,125,0,WH-A,2023,8,32,3,529.8,-0.011,0,0
2023-08-20,SKU049,Sports,486,113.59,55204.74,781,0,WH-A,2023,8,33,3,522.0,-0.069,0,0
2023-08-27,SKU049,Sports,511,197.87,101111.57,673,0,WH-B,2023,8,34,3,520.5,-0.018,0,0
2023-09-03,SKU049,Sports,463,108.98,50457.74,564,0,WH-C,2023,9,35,3,496.0,-0.067,0,0
2023-09-10,SKU049,Sports,443,444.04,196709.72,609,0,WH-B,2023,9,36,3,475.8,-0.069,0,0
2023-09-17,SKU049,Sports,396,62.6,24789.6,76,0,WH-A,2023,9,37,3,453.2,-0.126,0,0
2023-09-24,SKU049,Sports,377,112.69,42484.13,567,0,WH-C,2023,9,38,3,419.8,-0.102,0,0
2023-10-01,SKU049,Sports,368,382.51,140763.68,700,0,WH-C,2023,10,39,4,396.0,-0.071,0,0
2023-10-08,SKU049,Sports,338,215.49,72835.62,112,0,WH-A,2023,10,40,4,369.8,-0.086,0,0
2023-10-15,SKU049,Sports,372,23.64,8794.08,589,0,WH-B,2023,10,41,4,363.8,0.023,0,0
2023-10-22,SKU049,Sports,290,359.68,104307.2,199,0,WH-A,2023,10,42,4,342.0,-0.152,0,0
2023-10-29,SKU049,Sports,290,49.81,14444.9,837,0,WH-C,2023,10,43,4,322.5,-0.101,0,0
2023-11-05,SKU049,Sports,282,280.72,79163.04,457,0,WH-A,2023,11,44,4,308.5,-0.086,0,0
2023-11-12,SKU049,Sports,307,33.31,10226.17,531,0,WH-B,2023,11,45,4,292.2,0.051,0,0
2023-11-19,SKU049,Sports,327,96.15,31441.05,832,0,WH-C,2023,11,46,4,301.5,0.085,0,0
2023-11-26,SKU049,Sports,355,381.64,135482.2,96,0,WH-A,2023,11,47,4,317.8,0.117,0,0
2023-12-03,SKU049,Sports,370,92.95,34391.5,718,0,WH-C,2023,12,48,4,339.8,0.089,0,0
2023-12-10,SKU049,Sports,395,26.67,10534.65,894,0,WH-A,2023,12,49,4,361.8,0.092,0,0
2023-12-17,SKU049,Sports,450,162.41,73084.5,714,0,WH-C,2023,12,50,4,392.5,0.146,0,0
2023-12-24,SKU049,Sports,520,40.5,21060.0,591,0,WH-A,2023,12,51,4,433.8,0.199,0,0
2023-12-31,SKU049,Sports,493,398.85,196633.05,204,0,WH-A,2023,12,52,4,464.5,0.061,0,0
2024-01-07,SKU049,Sports,548,407.92,223540.16,250,0,WH-B,2024,1,1,1,502.8,0.09,0,0
2024-01-14,SKU049,Sports,598,468.62,280234.76,205,0,WH-B,2024,1,2,1,539.8,0.108,0,0
2024-01-21,SKU049,Sports,632,21.59,13644.88,848,0,WH-C,2024,1,3,1,567.8,0.113,0,0
2024-01-28,SKU049,Sports,720,471.85,339732.0,385,0,WH-A,2024,1,4,1,624.5,0.153,0,0
2024-02-04,SKU049,Sports,702,58.17,40835.34,358,0,WH-C,2024,2,5,1,663.0,0.059,0,0
2024-02-11,SKU049,Sports,770,456.0,351120.0,71,0,WH-C,2024,2,6,1,706.0,0.091,0,0
2024-02-18,SKU049,Sports,727,426.7,310210.9,666,0,WH-C,2024,2,7,1,729.8,-0.004,0,0
2024-02-25,SKU049,Sports,772,142.84,110272.48,745,0,WH-A,2024,2,8,1,742.8,0.039,0,0
2024-03-03,SKU049,Sports,763,256.61,195793.43,442,0,WH-C,2024,3,9,1,758.0,0.007,0,0
2024-03-10,SKU049,Sports,766,231.77,177535.82,85,0,WH-B,2024,3,10,1,757.0,0.012,0,0
2024-03-17,SKU049,Sports,738,429.75,317155.5,640,0,WH-B,2024,3,11,1,759.8,-0.029,0,0
2024-03-24,SKU049,Sports,717,475.08,340632.36,338,0,WH-C,2024,3,12,1,746.0,-0.039,0,0
2024-03-31,SKU049,Sports,708,35.44,25091.52,542,0,WH-C,2024,3,13,1,732.2,-0.033,0,0
2024-04-07,SKU049,Sports,658,367.46,241788.68,299,0,WH-C,2024,4,14,2,705.2,-0.067,0,0
2024-04-14,SKU049,Sports,675,155.77,105144.75,771,0,WH-B,2024,4,15,2,689.5,-0.021,0,0
2024-04-21,SKU049,Sports,590,191.23,112825.7,466,0,WH-C,2024,4,16,2,657.8,-0.103,0,0
2024-04-28,SKU049,Sports,609,434.35,264519.15,598,1,WH-B,2024,4,17,2,633.0,-0.038,0,609
2024-05-05,SKU049,Sports,581,340.6,197888.6,844,0,WH-B,2024,5,18,2,613.8,-0.053,0,0
2024-05-12,SKU049,Sports,544,350.54,190693.76,465,0,WH-A,2024,5,19,2,581.0,-0.064,0,0
2024-05-19,SKU049,Sports,534,429.41,229304.94,972,0,WH-C,2024,5,20,2,567.0,-0.058,0,0
2024-05-26,SKU049,Sports,552,418.53,231028.56,785,0,WH-A,2024,5,21,2,552.8,-0.001,0,0
2024-06-02,SKU049,Sports,475,142.91,67882.25,10,0,WH-C,2024,6,22,2,526.2,-0.097,1,0
2024-06-09,SKU049,Sports,511,65.92,33685.12,249,0,WH-A,2024,6,23,2,518.0,-0.014,0,0
2024-06-16,SKU049,Sports,517,190.04,98250.68,749,0,WH-B,2024,6,24,2,513.8,0.006,0,0
2024-06-23,SKU049,Sports,517,382.41,197705.97,727,1,WH-B,2024,6,25,2,505.0,0.024,0,517
2024-06-30,SKU049,Sports,544,102.27,55634.88,681,0,WH-C,2024,6,26,2,522.2,0.042,0,0
2024-07-07,SKU049,Sports,567,87.68,49714.56,778,0,WH-C,2024,7,27,3,536.2,0.057,0,0
2024-07-14,SKU049,Sports,578,263.99,152586.22,314,1,WH-C,2024,7,28,3,551.5,0.048,0,578
2024-07-21,SKU049,Sports,561,133.01,74618.61,934,1,WH-B,2024,7,29,3,562.5,-0.003,0,561
2024-07-28,SKU049,Sports,537,203.76,109419.12,558,0,WH-B,2024,7,30,3,560.8,-0.042,0,0
2024-08-04,SKU049,Sports,554,424.02,234907.08,902,0,WH-A,2024,8,31,3,557.5,-0.006,0,0
2024-08-11,SKU049,Sports,522,241.23,125922.06,586,0,WH-C,2024,8,32,3,543.5,-0.04,0,0
2024-08-18,SKU049,Sports,548,296.41,162432.68,790,1,WH-A,2024,8,33,3,540.2,0.014,0,548
2024-08-25,SKU049,Sports,524,392.32,205575.68,739,0,WH-C,2024,8,34,3,537.0,-0.024,0,0
2024-09-01,SKU049,Sports,473,422.91,200036.43,43,0,WH-A,2024,9,35,3,516.8,-0.085,1,0
2024-09-08,SKU049,Sports,496,358.46,177796.16,619,0,WH-C,2024,9,36,3,510.2,-0.028,0,0
2024-09-15,SKU049,Sports,459,162.99,74812.41,367,0,WH-C,2024,9,37,3,488.0,-0.059,0,0
2024-09-22,SKU049,Sports,407,169.1,68823.7,41,0,WH-A,2024,9,38,3,458.8,-0.113,1,0
2024-09-29,SKU049,Sports,403,488.13,196716.39,26,0,WH-A,2024,9,39,3,441.2,-0.087,1,0
2024-10-06,SKU049,Sports,351,32.17,11291.67,261,0,WH-A,2024,10,40,4,405.0,-0.133,0,0
2024-10-13,SKU049,Sports,336,341.85,114861.6,532,0,WH-B,2024,10,41,4,374.2,-0.102,0,0
2024-10-20,SKU049,Sports,318,433.38,137814.84,434,0,WH-A,2024,10,42,4,352.0,-0.097,0,0
2024-10-27,SKU049,Sports,286,424.25,121335.5,554,1,WH-A,2024,10,43,4,322.8,-0.114,0,286
2024-11-03,SKU049,Sports,309,461.01,142452.09,959,1,WH-C,2024,11,44,4,312.2,-0.01,0,309
2024-11-10,SKU049,Sports,313,186.41,58346.33,972,1,WH-B,2024,11,45,4,306.5,0.021,0,313
2024-11-17,SKU049,Sports,330,324.51,107088.3,479,0,WH-C,2024,11,46,4,309.5,0.066,0,0
2024-11-24,SKU049,Sports,334,153.24,51182.16,214,0,WH-C,2024,11,47,4,321.5,0.039,0,0
2024-12-01,SKU049,Sports,379,296.31,112301.49,564,0,WH-B,2024,12,48,4,339.0,0.118,0,0
2024-12-08,SKU049,Sports,409,193.41,79104.69,843,0,WH-C,2024,12,49,4,363.0,0.127,0,0
2024-12-15,SKU049,Sports,460,300.89,138409.4,846,0,WH-C,2024,12,50,4,395.5,0.163,0,0
2024-12-22,SKU049,Sports,499,456.95,228018.05,409,0,WH-C,2024,12,51,4,436.8,0.142,0,0
2024-12-29,SKU049,Sports,563,210.28,118387.64,150,1,WH-B,2024,12,52,4,482.8,0.166,0,563
2022-01-02,SKU050,Sports,379,473.61,179498.19,757,0,WH-B,2022,1,52,1,379.0,0.0,0,0
2022-01-09,SKU050,Sports,396,381.72,151161.12,568,0,WH-A,2022,1,1,1,387.5,0.022,0,0
2022-01-16,SKU050,Sports,496,325.65,161522.4,124,0,WH-C,2022,1,2,1,423.7,0.171,0,0
2022-01-23,SKU050,Sports,476,352.17,167632.92,595,0,WH-C,2022,1,3,1,436.8,0.09,0,0
2022-01-30,SKU050,Sports,508,47.44,24099.52,501,0,WH-C,2022,1,4,1,469.0,0.083,0,0
2022-02-06,SKU050,Sports,519,491.23,254948.37,255,0,WH-A,2022,2,5,1,499.8,0.038,0,0
2022-02-13,SKU050,Sports,539,495.88,267279.32,773,1,WH-C,2022,2,6,1,510.5,0.056,0,539
2022-02-20,SKU050,Sports,549,177.44,97414.56,621,1,WH-B,2022,2,7,1,528.8,0.038,0,549
2022-02-27,SKU050,Sports,558,250.09,139550.22,224,0,WH-A,2022,2,8,1,541.2,0.031,0,0
2022-03-06,SKU050,Sports,562,247.16,138903.92,0,0,WH-A,2022,3,9,1,552.0,0.018,1,0
2022-03-13,SKU050,Sports,574,296.06,169938.44,390,0,WH-B,2022,3,10,1,560.8,0.024,0,0
2022-03-20,SKU050,Sports,526,390.58,205445.08,438,0,WH-B,2022,3,11,1,555.0,-0.052,0,0
2022-03-27,SKU050,Sports,555,462.53,256704.15,609,0,WH-B,2022,3,12,1,554.2,0.001,0,0
2022-04-03,SKU050,Sports,493,338.52,166890.36,104,0,WH-B,2022,4,13,2,537.0,-0.082,0,0
2022-04-10,SKU050,Sports,463,386.03,178731.89,572,0,WH-C,2022,4,14,2,509.2,-0.091,0,0
2022-04-17,SKU050,Sports,470,54.84,25774.8,378,0,WH-C,2022,4,15,2,495.2,-0.051,0,0
2022-04-24,SKU050,Sports,433,250.09,108288.97,659,0,WH-C,2022,4,16,2,464.8,-0.068,0,0
2022-05-01,SKU050,Sports,441,112.34,49541.94,669,0,WH-C,2022,5,17,2,451.8,-0.024,0,0
2022-05-08,SKU050,Sports,388,464.03,180043.64,141,0,WH-C,2022,5,18,2,433.0,-0.104,0,0
2022-05-15,SKU050,Sports,405,30.54,12368.7,326,0,WH-A,2022,5,19,2,416.8,-0.028,0,0
2022-05-22,SKU050,Sports,374,487.24,182227.76,27,0,WH-A,2022,5,20,2,402.0,-0.07,1,0
2022-05-29,SKU050,Sports,364,255.39,92961.96,989,0,WH-C,2022,5,21,2,382.8,-0.049,0,0
2022-06-05,SKU050,Sports,399,234.6,93605.4,51,0,WH-A,2022,6,22,2,385.5,0.035,0,0
2022-06-12,SKU050,Sports,405,392.19,158836.95,668,1,WH-C,2022,6,23,2,385.5,0.051,0,405
2022-06-19,SKU050,Sports,386,172.44,66561.84,223,0,WH-B,2022,6,24,2,388.5,-0.006,0,0
2022-06-26,SKU050,Sports,363,198.14,71924.82,838,0,WH-B,2022,6,25,2,388.2,-0.065,0,0
2022-07-03,SKU050,Sports,406,245.9,99835.4,332,0,WH-C,2022,7,26,3,390.0,0.041,0,0
2022-07-10,SKU050,Sports,390,35.74,13938.6,107,1,WH-C,2022,7,27,3,386.2,0.01,0,390
2022-07-17,SKU050,Sports,397,324.82,128953.54,394,0,WH-B,2022,7,28,3,389.0,0.021,0,0
2022-07-24,SKU050,Sports,385,53.82,20720.7,781,1,WH-A,2022,7,29,3,394.5,-0.024,0,385
2022-07-31,SKU050,Sports,395,325.15,128434.25,233,1,WH-C,2022,7,30,3,391.8,0.008,0,395
2022-08-07,SKU050,Sports,390,202.85,79111.5,69,0,WH-B,2022,8,31,3,391.8,-0.005,0,0
2022-08-14,SKU050,Sports,394,237.8,93693.2,187,0,WH-C,2022,8,32,3,391.0,0.008,0,0
2022-08-21,SKU050,Sports,402,211.07,84850.14,749,0,WH-C,2022,8,33,3,395.2,0.017,0,0
2022-08-28,SKU050,Sports,342,287.32,98263.44,437,0,WH-A,2022,8,34,3,382.0,-0.105,0,0
2022-09-04,SKU050,Sports,361,187.0,67507.0,360,0,WH-C,2022,9,35,3,374.8,-0.037,0,0
2022-09-11,SKU050,Sports,347,87.84,30480.48,364,0,WH-A,2022,9,36,3,363.0,-0.044,0,0
2022-09-18,SKU050,Sports,284,447.98,127226.32,294,0,WH-C,2022,9,37,3,333.5,-0.148,0,0
2022-09-25,SKU050,Sports,292,136.84,39957.28,997,0,WH-C,2022,9,38,3,321.0,-0.09,0,0
2022-10-02,SKU050,Sports,303,263.16,79737.48,331,0,WH-A,2022,10,39,4,306.5,-0.011,0,0
2022-10-09,SKU050,Sports,268,219.61,58855.48,80,0,WH-C,2022,10,40,4,286.8,-0.066,0,0
2022-10-16,SKU050,Sports,251,428.41,107530.91,152,0,WH-C,2022,10,41,4,278.5,-0.099,0,0
2022-10-23,SKU050,Sports,238,333.71,79422.98,403,0,WH-A,2022,10,42,4,265.0,-0.102,0,0
2022-10-30,SKU050,Sports,216,273.96,59175.36,918,0,WH-A,2022,10,43,4,243.2,-0.112,0,0
2022-11-06,SKU050,Sports,213,101.24,21564.12,923,0,WH-B,2022,11,44,4,229.5,-0.072,0,0
2022-11-13,SKU050,Sports,264,477.46,126049.44,175,0,WH-B,2022,11,45,4,232.8,0.134,0,0
2022-11-20,SKU050,Sports,235,292.8,68808.0,726,0,WH-B,2022,11,46,4,232.0,0.013,0,0
2022-11-27,SKU050,Sports,256,489.73,125370.88,692,1,WH-A,2022,11,47,4,242.0,0.058,0,256
2022-12-04,SKU050,Sports,272,383.75,104380.0,961,0,WH-B,2022,12,48,4,256.8,0.059,0,0
2022-12-11,SKU050,Sports,264,311.31,82185.84,798,1,WH-B,2022,12,49,4,256.8,0.028,0,264
2022-12-18,SKU050,Sports,301,426.45,128361.45,798,0,WH-B,2022,12,50,4,273.2,0.102,0,0
2022-12-25,SKU050,Sports,389,43.26,16828.14,348,0,WH-A,2022,12,51,4,306.5,0.269,0,0
2023-01-01,SKU050,Sports,383,105.07,40241.81,884,1,WH-A,2023,1,52,1,334.2,0.146,0,383
2023-01-08,SKU050,Sports,446,451.0,201146.0,898,0,WH-B,2023,1,1,1,379.8,0.174,0,0
2023-01-15,SKU050,Sports,466,156.85,73092.1,160,0,WH-C,2023,1,2,1,421.0,0.107,0,0
2023-01-22,SKU050,Sports,509,249.44,126964.96,680,0,WH-A,2023,1,3,1,451.0,0.129,0,0
2023-01-29,SKU050,Sports,513,223.46,114634.98,969,0,WH-A,2023,1,4,1,483.5,0.061,0,0
2023-02-05,SKU050,Sports,525,11.51,6042.75,651,0,WH-C,2023,2,5,1,503.2,0.043,0,0
2023-02-12,SKU050,Sports,542,250.09,135548.78,970,1,WH-C,2023,2,6,1,522.2,0.038,0,542
2023-02-19,SKU050,Sports,399,228.54,91187.46,174,0,WH-C,2023,2,7,1,494.8,-0.194,0,0
2023-02-26,SKU050,Sports,561,26.24,14720.64,451,0,WH-C,2023,2,8,1,506.8,0.107,0,0
2023-03-05,SKU050,Sports,574,83.08,47687.92,571,0,WH-C,2023,3,9,1,519.0,0.106,0,0
2023-03-12,SKU050,Sports,529,491.79,260156.91,779,0,WH-B,2023,3,10,1,515.8,0.026,0,0
2023-03-19,SKU050,Sports,552,417.93,230697.36,847,0,WH-A,2023,3,11,1,554.0,-0.004,0,0
2023-03-26,SKU050,Sports,544,112.16,61015.04,749,0,WH-C,2023,3,12,1,549.8,-0.011,0,0
2023-04-02,SKU050,Sports,541,331.34,179254.94,928,0,WH-A,2023,4,13,2,541.5,-0.001,0,0
2023-04-09,SKU050,Sports,479,124.34,59558.86,468,0,WH-A,2023,4,14,2,529.0,-0.095,0,0
2023-04-16,SKU050,Sports,506,373.24,188859.44,528,0,WH-C,2023,4,15,2,517.5,-0.022,0,0
2023-04-23,SKU050,Sports,470,115.94,54491.8,460,0,WH-A,2023,4,16,2,499.0,-0.058,0,0
2023-04-30,SKU050,Sports,401,194.56,78018.56,661,0,WH-A,2023,4,17,2,464.0,-0.136,0,0
2023-05-07,SKU050,Sports,451,155.38,70076.38,301,0,WH-C,2023,5,18,2,457.0,-0.013,0,0
2023-05-14,SKU050,Sports,397,117.72,46734.84,976,0,WH-C,2023,5,19,2,429.8,-0.076,0,0
2023-05-21,SKU050,Sports,408,335.55,136904.4,785,0,WH-A,2023,5,20,2,414.2,-0.015,0,0
2023-05-28,SKU050,Sports,399,203.76,81300.24,251,0,WH-B,2023,5,21,2,413.8,-0.036,0,0
2023-06-04,SKU050,Sports,399,453.88,181098.12,470,0,WH-B,2023,6,22,2,400.8,-0.004,0,0
2023-06-11,SKU050,Sports,415,80.65,33469.75,281,0,WH-A,2023,6,23,2,405.2,0.024,0,0
2023-06-18,SKU050,Sports,377,269.92,101759.84,435,0,WH-A,2023,6,24,2,397.5,-0.052,0,0
2023-06-25,SKU050,Sports,394,386.32,152210.08,264,1,WH-C,2023,6,25,2,396.2,-0.006,0,394
2023-07-02,SKU050,Sports,390,472.7,184353.0,327,1,WH-B,2023,7,26,3,394.0,-0.01,0,390
2023-07-09,SKU050,Sports,432,409.21,176778.72,274,0,WH-B,2023,7,27,3,398.2,0.085,0,0
2023-07-16,SKU050,Sports,395,238.72,94294.4,115,0,WH-A,2023,7,28,3,402.8,-0.019,0,0
2023-07-23,SKU050,Sports,441,250.09,110289.69,532,0,WH-B,2023,7,29,3,414.5,0.064,0,0
2023-07-30,SKU050,Sports,413,408.11,168549.43,991,0,WH-B,2023,7,30,3,420.2,-0.017,0,0
2023-08-06,SKU050,Sports,389,475.92,185132.88,157,0,WH-A,2023,8,31,3,409.5,-0.05,0,0
2023-08-13,SKU050,Sports,409,120.11,49124.99,180,1,WH-A,2023,8,32,3,413.0,-0.01,0,409
2023-08-20,SKU050,Sports,371,409.67,151987.57,400,0,WH-B,2023,8,33,3,395.5,-0.062,0,0
2023-08-27,SKU050,Sports,389,78.03,30353.67,905,0,WH-A,2023,8,34,3,389.5,-0.001,0,0
2023-09-03,SKU050,Sports,317,431.56,136804.52,961,0,WH-B,2023,9,35,3,371.5,-0.147,0,0
2023-09-10,SKU050,Sports,349,367.07,128107.43,154,0,WH-B,2023,9,36,3,356.5,-0.021,0,0
2023-09-17,SKU050,Sports,349,370.52,129311.48,577,1,WH-C,2023,9,37,3,351.0,-0.006,0,349
2023-09-24,SKU050,Sports,314,475.78,149394.92,641,0,WH-C,2023,9,38,3,332.2,-0.055,0,0
2023-10-01,SKU050,Sports,294,86.11,25316.34,245,0,WH-A,2023,10,39,4,326.5,-0.1,0,0
2023-10-08,SKU050,Sports,250,111.49,27872.5,793,0,WH-A,2023,10,40,4,301.8,-0.172,0,0
2023-10-15,SKU050,Sports,267,146.88,39216.96,250,0,WH-C,2023,10,41,4,281.2,-0.05,0,0
2023-10-22,SKU050,Sports,257,148.44,38149.08,703,0,WH-A,2023,10,42,4,267.0,-0.037,0,0
2023-10-29,SKU050,Sports,230,16.73,3847.9,288,0,WH-C,2023,10,43,4,251.0,-0.084,0,0
2023-11-05,SKU050,Sports,217,203.06,44064.02,220,0,WH-A,2023,11,44,4,242.8,-0.106,0,0
2023-11-12,SKU050,Sports,219,158.51,34713.69,816,0,WH-C,2023,11,45,4,230.8,-0.051,0,0
2023-11-19,SKU050,Sports,231,183.98,42499.38,98,0,WH-B,2023,11,46,4,224.2,0.03,0,0
2023-11-26,SKU050,Sports,258,499.52,128876.16,630,1,WH-A,2023,11,47,4,231.2,0.116,0,258
2023-12-03,SKU050,Sports,260,469.51,122072.6,994,0,WH-C,2023,12,48,4,242.0,0.074,0,0
2023-12-10,SKU050,Sports,298,269.76,80388.48,58,0,WH-B,2023,12,49,4,261.8,0.138,0,0
2023-12-17,SKU050,Sports,349,258.61,90254.89,29,0,WH-A,2023,12,50,4,291.2,0.198,1,0
2023-12-24,SKU050,Sports,336,148.28,49822.08,594,1,WH-B,2023,12,51,4,310.8,0.081,0,336
2023-12-31,SKU050,Sports,399,286.02,114121.98,807,0,WH-C,2023,12,52,4,345.5,0.155,0,0
2024-01-07,SKU050,Sports,410,445.34,182589.4,745,1,WH-A,2024,1,1,1,373.5,0.098,0,410
2024-01-14,SKU050,Sports,496,87.52,43409.92,567,0,WH-B,2024,1,2,1,410.2,0.209,0,0
2024-01-21,SKU050,Sports,541,483.45,261546.45,839,0,WH-A,2024,1,3,1,461.5,0.172,0,0
2024-01-28,SKU050,Sports,554,289.53,160399.62,849,0,WH-A,2024,1,4,1,500.2,0.108,0,0
2024-02-04,SKU050,Sports,518,498.35,258145.3,812,0,WH-A,2024,2,5,1,527.2,-0.017,0,0
2024-02-11,SKU050,Sports,568,193.08,109669.44,164,0,WH-C,2024,2,6,1,545.2,0.042,0,0
2024-02-18,SKU050,Sports,608,134.83,81976.64,386,0,WH-C,2024,2,7,1,562.0,0.082,0,0
2024-02-25,SKU050,Sports,604,138.42,83605.68,455,0,WH-B,2024,2,8,1,574.5,0.051,0,0
2024-03-03,SKU050,Sports,583,192.32,112122.56,420,0,WH-A,2024,3,9,1,590.8,-0.013,0,0
2024-03-10,SKU050,Sports,591,496.99,293721.09,638,0,WH-C,2024,3,10,1,596.5,-0.009,0,0
2024-03-17,SKU050,Sports,547,23.85,13045.95,874,0,WH-A,2024,3,11,1,581.2,-0.059,0,0
2024-03-24,SKU050,Sports,556,363.49,202100.44,928,0,WH-A,2024,3,12,1,569.2,-0.023,0,0
2024-03-31,SKU050,Sports,548,312.86,171447.28,566,1,WH-C,2024,3,13,1,560.5,-0.022,0,548
2024-04-07,SKU050,Sports,488,171.83,83853.04,959,0,WH-A,2024,4,14,2,534.8,-0.088,0,0
2024-04-14,SKU050,Sports,505,276.79,139778.95,337,0,WH-C,2024,4,15,2,524.2,-0.037,0,0
2024-04-21,SKU050,Sports,480,218.92,105081.6,498,0,WH-B,2024,4,16,2,505.2,-0.05,0,0
2024-04-28,SKU050,Sports,444,360.57,160093.08,506,0,WH-A,2024,4,17,2,479.2,-0.073,0,0
2024-05-05,SKU050,Sports,406,355.97,144523.82,987,0,WH-A,2024,5,18,2,458.8,-0.115,0,0
2024-05-12,SKU050,Sports,424,323.02,136960.48,220,0,WH-B,2024,5,19,2,438.5,-0.033,0,0
2024-05-19,SKU050,Sports,389,250.09,97285.01,811,0,WH-C,2024,5,20,2,415.8,-0.064,0,0
2024-05-26,SKU050,Sports,406,41.92,17019.52,842,0,WH-B,2024,5,21,2,406.2,-0.0,0,0
2024-06-02,SKU050,Sports,406,129.47,52564.82,26,0,WH-C,2024,6,22,2,406.2,-0.0,1,0
2024-06-09,SKU050,Sports,400,468.86,187544.0,146,0,WH-C,2024,6,23,2,400.2,-0.0,0,0
2024-06-16,SKU050,Sports,398,300.24,119495.52,688,0,WH-A,2024,6,24,2,402.5,-0.011,0,0
2024-06-23,SKU050,Sports,399,76.43,30495.57,574,0,WH-C,2024,6,25,2,400.8,-0.004,0,0
2024-06-30,SKU050,Sports,421,185.32,78019.72,822,0,WH-C,2024,6,26,2,404.5,0.041,0,0
2024-07-07,SKU050,Sports,414,442.83,183331.62,866,0,WH-B,2024,7,27,3,408.0,0.015,0,0
2024-07-14,SKU050,Sports,405,393.95,159549.75,218,0,WH-A,2024,7,28,3,409.8,-0.012,0,0
2024-07-21,SKU050,Sports,456,434.68,198214.08,493,0,WH-A,2024,7,29,3,424.0,0.075,0,0
2024-07-28,SKU050,Sports,400,137.93,55172.0,668,0,WH-B,2024,7,30,3,418.8,-0.045,0,0
2024-08-04,SKU050,Sports,421,222.87,93828.27,464,0,WH-A,2024,8,31,3,420.5,0.001,0,0
2024-08-11,SKU050,Sports,420,326.92,137306.4,366,0,WH-C,2024,8,32,3,424.2,-0.01,0,0
2024-08-18,SKU050,Sports,410,126.93,52041.3,176,0,WH-B,2024,8,33,3,412.8,-0.007,0,0
2024-08-25,SKU050,Sports,406,379.84,154215.04,276,0,WH-B,2024,8,34,3,414.2,-0.02,0,0
2024-09-01,SKU050,Sports,347,378.37,131294.39,260,0,WH-B,2024,9,35,3,395.8,-0.123,0,0
2024-09-08,SKU050,Sports,332,34.43,11430.76,201,0,WH-B,2024,9,36,3,373.8,-0.112,0,0
2024-09-15,SKU050,Sports,316,157.45,49754.2,897,1,WH-A,2024,9,37,3,350.2,-0.098,0,316
2024-09-22,SKU050,Sports,305,249.1,75975.5,61,0,WH-B,2024,9,38,3,325.0,-0.062,0,0
2024-09-29,SKU050,Sports,330,49.47,16325.1,250,0,WH-B,2024,9,39,3,320.8,0.029,0,0
2024-10-06,SKU050,Sports,279,33.14,9246.06,485,0,WH-C,2024,10,40,4,307.5,-0.093,0,0
2024-10-13,SKU050,Sports,240,20.39,4893.6,554,1,WH-B,2024,10,41,4,288.5,-0.168,0,240
2024-10-20,SKU050,Sports,215,339.32,72953.8,565,0,WH-C,2024,10,42,4,266.0,-0.192,0,0
2024-10-27,SKU050,Sports,228,257.43,58694.04,940,0,WH-A,2024,10,43,4,240.5,-0.052,0,0
2024-11-03,SKU050,Sports,207,382.2,79115.4,625,0,WH-C,2024,11,44,4,222.5,-0.07,0,0
2024-11-10,SKU050,Sports,244,63.66,15533.04,212,0,WH-A,2024,11,45,4,223.5,0.092,0,0
2024-11-17,SKU050,Sports,239,201.68,48201.52,731,0,WH-A,2024,11,46,4,229.5,0.041,0,0
2024-11-24,SKU050,Sports,281,83.21,23382.01,321,0,WH-B,2024,11,47,4,242.8,0.157,0,0
2024-12-01,SKU050,Sports,285,41.11,11716.35,928,0,WH-B,2024,12,48,4,262.2,0.087,0,0
2024-12-08,SKU050,Sports,284,244.79,69520.36,261,1,WH-A,2024,12,49,4,272.2,0.043,0,284
2024-12-15,SKU050,Sports,374,474.86,177597.64,587,0,WH-B,2024,12,50,4,306.0,0.222,0,0
2024-12-22,SKU050,Sports,399,465.02,185542.98,18,0,WH-C,2024,12,51,4,335.5,0.189,1,0
2024-12-29,SKU050,Sports,429,187.58,80471.82,842,0,WH-A,2024,12,52,4,371.5,0.155,0,0
